%Warning-TIMESCALEMOD: ../../../../../cva6_upstream_reference/vendor/pulp-platform/common_cells/include/../../../../../cva6_upstream_reference/vendor/pulp-platform/fpga-support/rtl/SyncDpRam.sv:28:8: Timescale missing on this module as other modules have it (IEEE 1800-2023 3.14.2.3)
   28 | module SyncDpRam
      |        ^~~~~~~~~
                       task13_tb.sv:2:8: ... Location of module with timescale
    2 | module tb;
      |        ^~
                       ... For warning description see https://verilator.org/warn/TIMESCALEMOD?v=5.051
                       ... Use "/* verilator lint_off TIMESCALEMOD */" and lint_on around source to disable this message.
%Warning-TIMESCALEMOD: ../../../../../cva6_upstream_reference/vendor/pulp-platform/common_cells/include/../../../../../cva6_upstream_reference/vendor/pulp-platform/fpga-support/rtl/AsyncDpRam.sv:21:8: Timescale missing on this module as other modules have it (IEEE 1800-2023 3.14.2.3)
   21 | module AsyncDpRam
      |        ^~~~~~~~~~
                       task13_tb.sv:2:8: ... Location of module with timescale
    2 | module tb;
      |        ^~
%Warning-TIMESCALEMOD: ../../../../../cva6_upstream_reference/vendor/pulp-platform/common_cells/include/../../../../../cva6_upstream_reference/vendor/pulp-platform/fpga-support/rtl/AsyncThreePortRam.sv:21:8: Timescale missing on this module as other modules have it (IEEE 1800-2023 3.14.2.3)
   21 | module AsyncThreePortRam
      |        ^~~~~~~~~~~~~~~~~
                       task13_tb.sv:2:8: ... Location of module with timescale
    2 | module tb;
      |        ^~
%Warning-TIMESCALEMOD: ../../../../../cva6_upstream_reference/vendor/pulp-platform/common_cells/include/../../../../../cva6_upstream_reference/vendor/pulp-platform/fpga-support/rtl/SyncThreePortRam.sv:20:8: Timescale missing on this module as other modules have it (IEEE 1800-2023 3.14.2.3)
   20 | module SyncThreePortRam
      |        ^~~~~~~~~~~~~~~~
                       task13_tb.sv:2:8: ... Location of module with timescale
    2 | module tb;
      |        ^~
%Warning-TIMESCALEMOD: ../../../../../cva6_upstream_reference/vendor/pulp-platform/common_cells/include/../../../../../cva6_upstream_reference/vendor/pulp-platform/fpga-support/rtl/SyncDpRam_ind_r_w.sv:19:8: Timescale missing on this module as other modules have it (IEEE 1800-2023 3.14.2.3)
   19 | module SyncDpRam_ind_r_w
      |        ^~~~~~~~~~~~~~~~~
                       task13_tb.sv:2:8: ... Location of module with timescale
    2 | module tb;
      |        ^~
%Warning-TIMESCALEMOD: ../../../../../cva6_upstream_reference/vendor/pulp-platform/common_cells/include/../../../../../cva6_upstream_reference/core/cvfpu/src/fpnew_pkg.sv:16:9: Timescale missing on this module as other modules have it (IEEE 1800-2023 3.14.2.3)
   16 | package fpnew_pkg;
      |         ^~~~~~~~~
                       task13_tb.sv:2:8: ... Location of module with timescale
    2 | module tb;
      |        ^~
%Warning-TIMESCALEMOD: ../../../../../cva6_upstream_reference/vendor/pulp-platform/common_cells/include/../../../../../cva6_upstream_reference/core/cvfpu/src/fpnew_cast_multi.sv:18:8: Timescale missing on this module as other modules have it (IEEE 1800-2023 3.14.2.3)
   18 | module fpnew_cast_multi #(
      |        ^~~~~~~~~~~~~~~~
                       task13_tb.sv:2:8: ... Location of module with timescale
    2 | module tb;
      |        ^~
%Warning-TIMESCALEMOD: ../../../../../cva6_upstream_reference/vendor/pulp-platform/common_cells/include/../../../../../cva6_upstream_reference/core/cvfpu/src/fpnew_classifier.sv:16:8: Timescale missing on this module as other modules have it (IEEE 1800-2023 3.14.2.3)
   16 | module fpnew_classifier #(
      |        ^~~~~~~~~~~~~~~~
                       task13_tb.sv:2:8: ... Location of module with timescale
    2 | module tb;
      |        ^~
%Warning-TIMESCALEMOD: ../../../../../cva6_upstream_reference/vendor/pulp-platform/common_cells/include/../../../../../cva6_upstream_reference/core/cvfpu/vendor/opene906/E906_RTL_FACTORY/gen_rtl/clk/rtl/gated_clk_cell.v:16:8: Timescale missing on this module as other modules have it (IEEE 1800-2023 3.14.2.3)
   16 | module gated_clk_cell(
      |        ^~~~~~~~~~~~~~
                       task13_tb.sv:2:8: ... Location of module with timescale
    2 | module tb;
      |        ^~
%Warning-TIMESCALEMOD: ../../../../../cva6_upstream_reference/vendor/pulp-platform/common_cells/include/../../../../../cva6_upstream_reference/core/cvfpu/vendor/opene906/E906_RTL_FACTORY/gen_rtl/fdsu/rtl/pa_fdsu_ctrl.v:17:8: Timescale missing on this module as other modules have it (IEEE 1800-2023 3.14.2.3)
   17 | module pa_fdsu_ctrl(
      |        ^~~~~~~~~~~~
                       task13_tb.sv:2:8: ... Location of module with timescale
    2 | module tb;
      |        ^~
%Warning-TIMESCALEMOD: ../../../../../cva6_upstream_reference/vendor/pulp-platform/common_cells/include/../../../../../cva6_upstream_reference/core/cvfpu/vendor/opene906/E906_RTL_FACTORY/gen_rtl/fdsu/rtl/pa_fdsu_ff1.v:17:8: Timescale missing on this module as other modules have it (IEEE 1800-2023 3.14.2.3)
   17 | module pa_fdsu_ff1(
      |        ^~~~~~~~~~~
                       task13_tb.sv:2:8: ... Location of module with timescale
    2 | module tb;
      |        ^~
%Warning-TIMESCALEMOD: ../../../../../cva6_upstream_reference/vendor/pulp-platform/common_cells/include/../../../../../cva6_upstream_reference/core/cvfpu/vendor/opene906/E906_RTL_FACTORY/gen_rtl/fdsu/rtl/pa_fdsu_pack_single.v:17:8: Timescale missing on this module as other modules have it (IEEE 1800-2023 3.14.2.3)
   17 | module pa_fdsu_pack_single(
      |        ^~~~~~~~~~~~~~~~~~~
                       task13_tb.sv:2:8: ... Location of module with timescale
    2 | module tb;
      |        ^~
%Warning-TIMESCALEMOD: ../../../../../cva6_upstream_reference/vendor/pulp-platform/common_cells/include/../../../../../cva6_upstream_reference/core/cvfpu/vendor/opene906/E906_RTL_FACTORY/gen_rtl/fdsu/rtl/pa_fdsu_prepare.v:17:8: Timescale missing on this module as other modules have it (IEEE 1800-2023 3.14.2.3)
   17 | module pa_fdsu_prepare(
      |        ^~~~~~~~~~~~~~~
                       task13_tb.sv:2:8: ... Location of module with timescale
    2 | module tb;
      |        ^~
%Warning-TIMESCALEMOD: ../../../../../cva6_upstream_reference/vendor/pulp-platform/common_cells/include/../../../../../cva6_upstream_reference/core/cvfpu/vendor/opene906/E906_RTL_FACTORY/gen_rtl/fdsu/rtl/pa_fdsu_round_single.v:17:8: Timescale missing on this module as other modules have it (IEEE 1800-2023 3.14.2.3)
   17 | module pa_fdsu_round_single(
      |        ^~~~~~~~~~~~~~~~~~~~
                       task13_tb.sv:2:8: ... Location of module with timescale
    2 | module tb;
      |        ^~
%Warning-TIMESCALEMOD: ../../../../../cva6_upstream_reference/vendor/pulp-platform/common_cells/include/../../../../../cva6_upstream_reference/core/cvfpu/vendor/opene906/E906_RTL_FACTORY/gen_rtl/fdsu/rtl/pa_fdsu_special.v:17:8: Timescale missing on this module as other modules have it (IEEE 1800-2023 3.14.2.3)
   17 | module pa_fdsu_special(
      |        ^~~~~~~~~~~~~~~
                       task13_tb.sv:2:8: ... Location of module with timescale
    2 | module tb;
      |        ^~
%Warning-TIMESCALEMOD: ../../../../../cva6_upstream_reference/vendor/pulp-platform/common_cells/include/../../../../../cva6_upstream_reference/core/cvfpu/vendor/opene906/E906_RTL_FACTORY/gen_rtl/fdsu/rtl/pa_fdsu_srt_single.v:17:8: Timescale missing on this module as other modules have it (IEEE 1800-2023 3.14.2.3)
   17 | module pa_fdsu_srt_single(
      |        ^~~~~~~~~~~~~~~~~~
                       task13_tb.sv:2:8: ... Location of module with timescale
    2 | module tb;
      |        ^~
%Warning-TIMESCALEMOD: ../../../../../cva6_upstream_reference/vendor/pulp-platform/common_cells/include/../../../../../cva6_upstream_reference/core/cvfpu/vendor/opene906/E906_RTL_FACTORY/gen_rtl/fdsu/rtl/pa_fdsu_top.v:17:8: Timescale missing on this module as other modules have it (IEEE 1800-2023 3.14.2.3)
   17 | module pa_fdsu_top(
      |        ^~~~~~~~~~~
                       task13_tb.sv:2:8: ... Location of module with timescale
    2 | module tb;
      |        ^~
%Warning-TIMESCALEMOD: ../../../../../cva6_upstream_reference/vendor/pulp-platform/common_cells/include/../../../../../cva6_upstream_reference/core/cvfpu/vendor/opene906/E906_RTL_FACTORY/gen_rtl/fpu/rtl/pa_fpu_dp.v:16:8: Timescale missing on this module as other modules have it (IEEE 1800-2023 3.14.2.3)
   16 | module pa_fpu_dp(
      |        ^~~~~~~~~
                       task13_tb.sv:2:8: ... Location of module with timescale
    2 | module tb;
      |        ^~
%Warning-TIMESCALEMOD: ../../../../../cva6_upstream_reference/vendor/pulp-platform/common_cells/include/../../../../../cva6_upstream_reference/core/cvfpu/vendor/opene906/E906_RTL_FACTORY/gen_rtl/fpu/rtl/pa_fpu_frbus.v:16:8: Timescale missing on this module as other modules have it (IEEE 1800-2023 3.14.2.3)
   16 | module pa_fpu_frbus(
      |        ^~~~~~~~~~~~
                       task13_tb.sv:2:8: ... Location of module with timescale
    2 | module tb;
      |        ^~
%Warning-TIMESCALEMOD: ../../../../../cva6_upstream_reference/vendor/pulp-platform/common_cells/include/../../../../../cva6_upstream_reference/core/cvfpu/vendor/opene906/E906_RTL_FACTORY/gen_rtl/fpu/rtl/pa_fpu_src_type.v:17:8: Timescale missing on this module as other modules have it (IEEE 1800-2023 3.14.2.3)
   17 | module pa_fpu_src_type(
      |        ^~~~~~~~~~~~~~~
                       task13_tb.sv:2:8: ... Location of module with timescale
    2 | module tb;
      |        ^~
%Warning-TIMESCALEMOD: ../../../../../cva6_upstream_reference/vendor/pulp-platform/common_cells/include/../../../../../cva6_upstream_reference/core/cvfpu/vendor/openc910/C910_RTL_FACTORY/gen_rtl/vfdsu/rtl/ct_vfdsu_ctrl.v:18:8: Timescale missing on this module as other modules have it (IEEE 1800-2023 3.14.2.3)
   18 | module ct_vfdsu_ctrl(
      |        ^~~~~~~~~~~~~
                       task13_tb.sv:2:8: ... Location of module with timescale
    2 | module tb;
      |        ^~
%Warning-TIMESCALEMOD: ../../../../../cva6_upstream_reference/vendor/pulp-platform/common_cells/include/../../../../../cva6_upstream_reference/core/cvfpu/vendor/openc910/C910_RTL_FACTORY/gen_rtl/vfdsu/rtl/ct_vfdsu_double.v:18:8: Timescale missing on this module as other modules have it (IEEE 1800-2023 3.14.2.3)
   18 | module ct_vfdsu_double(
      |        ^~~~~~~~~~~~~~~
                       task13_tb.sv:2:8: ... Location of module with timescale
    2 | module tb;
      |        ^~
%Warning-TIMESCALEMOD: ../../../../../cva6_upstream_reference/vendor/pulp-platform/common_cells/include/../../../../../cva6_upstream_reference/core/cvfpu/vendor/openc910/C910_RTL_FACTORY/gen_rtl/vfdsu/rtl/ct_vfdsu_ff1.v:15:8: Timescale missing on this module as other modules have it (IEEE 1800-2023 3.14.2.3)
   15 | module ct_vfdsu_ff1(
      |        ^~~~~~~~~~~~
                       task13_tb.sv:2:8: ... Location of module with timescale
    2 | module tb;
      |        ^~
%Warning-TIMESCALEMOD: ../../../../../cva6_upstream_reference/vendor/pulp-platform/common_cells/include/../../../../../cva6_upstream_reference/core/cvfpu/vendor/openc910/C910_RTL_FACTORY/gen_rtl/vfdsu/rtl/ct_vfdsu_pack.v:17:8: Timescale missing on this module as other modules have it (IEEE 1800-2023 3.14.2.3)
   17 | module ct_vfdsu_pack(
      |        ^~~~~~~~~~~~~
                       task13_tb.sv:2:8: ... Location of module with timescale
    2 | module tb;
      |        ^~
%Warning-TIMESCALEMOD: ../../../../../cva6_upstream_reference/vendor/pulp-platform/common_cells/include/../../../../../cva6_upstream_reference/core/cvfpu/vendor/openc910/C910_RTL_FACTORY/gen_rtl/vfdsu/rtl/ct_vfdsu_prepare.v:17:8: Timescale missing on this module as other modules have it (IEEE 1800-2023 3.14.2.3)
   17 | module ct_vfdsu_prepare(
      |        ^~~~~~~~~~~~~~~~
                       task13_tb.sv:2:8: ... Location of module with timescale
    2 | module tb;
      |        ^~
%Warning-TIMESCALEMOD: ../../../../../cva6_upstream_reference/vendor/pulp-platform/common_cells/include/../../../../../cva6_upstream_reference/core/cvfpu/vendor/openc910/C910_RTL_FACTORY/gen_rtl/vfdsu/rtl/ct_vfdsu_round.v:17:8: Timescale missing on this module as other modules have it (IEEE 1800-2023 3.14.2.3)
   17 | module ct_vfdsu_round(
      |        ^~~~~~~~~~~~~~
                       task13_tb.sv:2:8: ... Location of module with timescale
    2 | module tb;
      |        ^~
%Warning-TIMESCALEMOD: ../../../../../cva6_upstream_reference/vendor/pulp-platform/common_cells/include/../../../../../cva6_upstream_reference/core/cvfpu/vendor/openc910/C910_RTL_FACTORY/gen_rtl/vfdsu/rtl/ct_vfdsu_scalar_dp.v:18:8: Timescale missing on this module as other modules have it (IEEE 1800-2023 3.14.2.3)
   18 | module ct_vfdsu_scalar_dp(
      |        ^~~~~~~~~~~~~~~~~~
                       task13_tb.sv:2:8: ... Location of module with timescale
    2 | module tb;
      |        ^~
%Warning-TIMESCALEMOD: ../../../../../cva6_upstream_reference/vendor/pulp-platform/common_cells/include/../../../../../cva6_upstream_reference/core/cvfpu/vendor/openc910/C910_RTL_FACTORY/gen_rtl/vfdsu/rtl/ct_vfdsu_srt_radix16_bound_table.v:17:8: Timescale missing on this module as other modules have it (IEEE 1800-2023 3.14.2.3)
   17 | module ct_vfdsu_srt_radix16_bound_table(
      |        ^~~~~~~~~~~~~~~~~~~~~~~~~~~~~~~~
                       task13_tb.sv:2:8: ... Location of module with timescale
    2 | module tb;
      |        ^~
%Warning-TIMESCALEMOD: ../../../../../cva6_upstream_reference/vendor/pulp-platform/common_cells/include/../../../../../cva6_upstream_reference/core/cvfpu/vendor/openc910/C910_RTL_FACTORY/gen_rtl/vfdsu/rtl/ct_vfdsu_srt_radix16_with_sqrt.v:17:8: Timescale missing on this module as other modules have it (IEEE 1800-2023 3.14.2.3)
   17 | module ct_vfdsu_srt_radix16_with_sqrt(
      |        ^~~~~~~~~~~~~~~~~~~~~~~~~~~~~~
                       task13_tb.sv:2:8: ... Location of module with timescale
    2 | module tb;
      |        ^~
%Warning-TIMESCALEMOD: ../../../../../cva6_upstream_reference/vendor/pulp-platform/common_cells/include/../../../../../cva6_upstream_reference/core/cvfpu/vendor/openc910/C910_RTL_FACTORY/gen_rtl/vfdsu/rtl/ct_vfdsu_srt.v:17:8: Timescale missing on this module as other modules have it (IEEE 1800-2023 3.14.2.3)
   17 | module ct_vfdsu_srt(
      |        ^~~~~~~~~~~~
                       task13_tb.sv:2:8: ... Location of module with timescale
    2 | module tb;
      |        ^~
%Warning-TIMESCALEMOD: ../../../../../cva6_upstream_reference/vendor/pulp-platform/common_cells/include/../../../../../cva6_upstream_reference/core/cvfpu/vendor/openc910/C910_RTL_FACTORY/gen_rtl/vfdsu/rtl/ct_vfdsu_top.v:18:8: Timescale missing on this module as other modules have it (IEEE 1800-2023 3.14.2.3)
   18 | module ct_vfdsu_top(
      |        ^~~~~~~~~~~~
                       task13_tb.sv:2:8: ... Location of module with timescale
    2 | module tb;
      |        ^~
%Warning-TIMESCALEMOD: ../../../../../cva6_upstream_reference/vendor/pulp-platform/common_cells/include/../../../../../cva6_upstream_reference/core/cvfpu/src/fpnew_divsqrt_th_32.sv:21:8: Timescale missing on this module as other modules have it (IEEE 1800-2023 3.14.2.3)
   21 | module fpnew_divsqrt_th_32 #(
      |        ^~~~~~~~~~~~~~~~~~~
                       task13_tb.sv:2:8: ... Location of module with timescale
    2 | module tb;
      |        ^~
%Warning-TIMESCALEMOD: ../../../../../cva6_upstream_reference/vendor/pulp-platform/common_cells/include/../../../../../cva6_upstream_reference/core/cvfpu/src/fpnew_divsqrt_th_64_multi.sv:20:8: Timescale missing on this module as other modules have it (IEEE 1800-2023 3.14.2.3)
   20 | module fpnew_divsqrt_th_64_multi #(
      |        ^~~~~~~~~~~~~~~~~~~~~~~~~
                       task13_tb.sv:2:8: ... Location of module with timescale
    2 | module tb;
      |        ^~
%Warning-TIMESCALEMOD: ../../../../../cva6_upstream_reference/vendor/pulp-platform/common_cells/include/../../../../../cva6_upstream_reference/core/cvfpu/src/fpnew_divsqrt_multi.sv:18:8: Timescale missing on this module as other modules have it (IEEE 1800-2023 3.14.2.3)
   18 | module fpnew_divsqrt_multi #(
      |        ^~~~~~~~~~~~~~~~~~~
                       task13_tb.sv:2:8: ... Location of module with timescale
    2 | module tb;
      |        ^~
%Warning-TIMESCALEMOD: ../../../../../cva6_upstream_reference/vendor/pulp-platform/common_cells/include/../../../../../cva6_upstream_reference/core/cvfpu/src/fpnew_fma_multi.sv:18:8: Timescale missing on this module as other modules have it (IEEE 1800-2023 3.14.2.3)
   18 | module fpnew_fma_multi #(
      |        ^~~~~~~~~~~~~~~
                       task13_tb.sv:2:8: ... Location of module with timescale
    2 | module tb;
      |        ^~
%Warning-TIMESCALEMOD: ../../../../../cva6_upstream_reference/vendor/pulp-platform/common_cells/include/../../../../../cva6_upstream_reference/core/cvfpu/src/fpnew_fma.sv:18:8: Timescale missing on this module as other modules have it (IEEE 1800-2023 3.14.2.3)
   18 | module fpnew_fma #(
      |        ^~~~~~~~~
                       task13_tb.sv:2:8: ... Location of module with timescale
    2 | module tb;
      |        ^~
%Warning-TIMESCALEMOD: ../../../../../cva6_upstream_reference/vendor/pulp-platform/common_cells/include/../../../../../cva6_upstream_reference/core/cvfpu/src/fpnew_noncomp.sv:18:8: Timescale missing on this module as other modules have it (IEEE 1800-2023 3.14.2.3)
   18 | module fpnew_noncomp #(
      |        ^~~~~~~~~~~~~
                       task13_tb.sv:2:8: ... Location of module with timescale
    2 | module tb;
      |        ^~
%Warning-TIMESCALEMOD: ../../../../../cva6_upstream_reference/vendor/pulp-platform/common_cells/include/../../../../../cva6_upstream_reference/core/cvfpu/src/fpnew_opgroup_block.sv:16:8: Timescale missing on this module as other modules have it (IEEE 1800-2023 3.14.2.3)
   16 | module fpnew_opgroup_block #(
      |        ^~~~~~~~~~~~~~~~~~~
                       task13_tb.sv:2:8: ... Location of module with timescale
    2 | module tb;
      |        ^~
%Warning-TIMESCALEMOD: ../../../../../cva6_upstream_reference/vendor/pulp-platform/common_cells/include/../../../../../cva6_upstream_reference/core/cvfpu/src/fpnew_opgroup_fmt_slice.sv:16:8: Timescale missing on this module as other modules have it (IEEE 1800-2023 3.14.2.3)
   16 | module fpnew_opgroup_fmt_slice #(
      |        ^~~~~~~~~~~~~~~~~~~~~~~
                       task13_tb.sv:2:8: ... Location of module with timescale
    2 | module tb;
      |        ^~
%Warning-TIMESCALEMOD: ../../../../../cva6_upstream_reference/vendor/pulp-platform/common_cells/include/../../../../../cva6_upstream_reference/core/cvfpu/src/fpnew_opgroup_multifmt_slice.sv:18:8: Timescale missing on this module as other modules have it (IEEE 1800-2023 3.14.2.3)
   18 | module fpnew_opgroup_multifmt_slice #(
      |        ^~~~~~~~~~~~~~~~~~~~~~~~~~~~
                       task13_tb.sv:2:8: ... Location of module with timescale
    2 | module tb;
      |        ^~
%Warning-TIMESCALEMOD: ../../../../../cva6_upstream_reference/vendor/pulp-platform/common_cells/include/../../../../../cva6_upstream_reference/core/cvfpu/src/fpnew_rounding.sv:16:8: Timescale missing on this module as other modules have it (IEEE 1800-2023 3.14.2.3)
   16 | module fpnew_rounding #(
      |        ^~~~~~~~~~~~~~
                       task13_tb.sv:2:8: ... Location of module with timescale
    2 | module tb;
      |        ^~
%Warning-TIMESCALEMOD: ../../../../../cva6_upstream_reference/vendor/pulp-platform/common_cells/include/../../../../../cva6_upstream_reference/core/cvfpu/src/fpnew_top.sv:16:8: Timescale missing on this module as other modules have it (IEEE 1800-2023 3.14.2.3)
   16 | module fpnew_top #(
      |        ^~~~~~~~~
                       task13_tb.sv:2:8: ... Location of module with timescale
    2 | module tb;
      |        ^~
%Warning-TIMESCALEMOD: ../../../../../cva6_upstream_reference/vendor/pulp-platform/common_cells/include/../../../../../cva6_upstream_reference/core/cvfpu/src/fpu_div_sqrt_mvp/hdl/defs_div_sqrt_mvp.sv:14:9: Timescale missing on this module as other modules have it (IEEE 1800-2023 3.14.2.3)
   14 | package defs_div_sqrt_mvp;
      |         ^~~~~~~~~~~~~~~~~
                       task13_tb.sv:2:8: ... Location of module with timescale
    2 | module tb;
      |        ^~
%Warning-TIMESCALEMOD: ../../../../../cva6_upstream_reference/vendor/pulp-platform/common_cells/include/../../../../../cva6_upstream_reference/core/cvfpu/src/fpu_div_sqrt_mvp/hdl/control_mvp.sv:43:8: Timescale missing on this module as other modules have it (IEEE 1800-2023 3.14.2.3)
   43 | module control_mvp
      |        ^~~~~~~~~~~
                       task13_tb.sv:2:8: ... Location of module with timescale
    2 | module tb;
      |        ^~
%Warning-TIMESCALEMOD: ../../../../../cva6_upstream_reference/vendor/pulp-platform/common_cells/include/../../../../../cva6_upstream_reference/core/cvfpu/src/fpu_div_sqrt_mvp/hdl/div_sqrt_top_mvp.sv:37:8: Timescale missing on this module as other modules have it (IEEE 1800-2023 3.14.2.3)
   37 | module div_sqrt_top_mvp
      |        ^~~~~~~~~~~~~~~~
                       task13_tb.sv:2:8: ... Location of module with timescale
    2 | module tb;
      |        ^~
%Warning-TIMESCALEMOD: ../../../../../cva6_upstream_reference/vendor/pulp-platform/common_cells/include/../../../../../cva6_upstream_reference/core/cvfpu/src/fpu_div_sqrt_mvp/hdl/iteration_div_sqrt_mvp.sv:32:8: Timescale missing on this module as other modules have it (IEEE 1800-2023 3.14.2.3)
   32 | module iteration_div_sqrt_mvp
      |        ^~~~~~~~~~~~~~~~~~~~~~
                       task13_tb.sv:2:8: ... Location of module with timescale
    2 | module tb;
      |        ^~
%Warning-TIMESCALEMOD: ../../../../../cva6_upstream_reference/vendor/pulp-platform/common_cells/include/../../../../../cva6_upstream_reference/core/cvfpu/src/fpu_div_sqrt_mvp/hdl/norm_div_sqrt_mvp.sv:46:8: Timescale missing on this module as other modules have it (IEEE 1800-2023 3.14.2.3)
   46 | module norm_div_sqrt_mvp
      |        ^~~~~~~~~~~~~~~~~
                       task13_tb.sv:2:8: ... Location of module with timescale
    2 | module tb;
      |        ^~
%Warning-TIMESCALEMOD: ../../../../../cva6_upstream_reference/vendor/pulp-platform/common_cells/include/../../../../../cva6_upstream_reference/core/cvfpu/src/fpu_div_sqrt_mvp/hdl/nrbd_nrsc_mvp.sv:36:8: Timescale missing on this module as other modules have it (IEEE 1800-2023 3.14.2.3)
   36 | module nrbd_nrsc_mvp
      |        ^~~~~~~~~~~~~
                       task13_tb.sv:2:8: ... Location of module with timescale
    2 | module tb;
      |        ^~
%Warning-TIMESCALEMOD: ../../../../../cva6_upstream_reference/vendor/pulp-platform/common_cells/include/../../../../../cva6_upstream_reference/core/cvfpu/src/fpu_div_sqrt_mvp/hdl/preprocess_mvp.sv:37:8: Timescale missing on this module as other modules have it (IEEE 1800-2023 3.14.2.3)
   37 | module preprocess_mvp
      |        ^~~~~~~~~~~~~~
                       task13_tb.sv:2:8: ... Location of module with timescale
    2 | module tb;
      |        ^~
%Warning-TIMESCALEMOD: ../../../../../cva6_upstream_reference/vendor/pulp-platform/common_cells/include/../../../../../cva6_upstream_reference/core/include/config_pkg.sv:10:9: Timescale missing on this module as other modules have it (IEEE 1800-2023 3.14.2.3)
   10 | package config_pkg;
      |         ^~~~~~~~~~
                       task13_tb.sv:2:8: ... Location of module with timescale
    2 | module tb;
      |        ^~
%Warning-TIMESCALEMOD: ../../../../../cva6_upstream_reference/vendor/pulp-platform/common_cells/include/../../../../../cva6_upstream_reference/core/include/cv64a6_imafdc_sv39_config_pkg.sv:11:9: Timescale missing on this module as other modules have it (IEEE 1800-2023 3.14.2.3)
   11 | package cva6_config_pkg;
      |         ^~~~~~~~~~~~~~~
                       task13_tb.sv:2:8: ... Location of module with timescale
    2 | module tb;
      |        ^~
%Warning-TIMESCALEMOD: ../../../../../cva6_upstream_reference/vendor/pulp-platform/common_cells/include/../../../../../cva6_upstream_reference/core/include/riscv_pkg.sv:18:9: Timescale missing on this module as other modules have it (IEEE 1800-2023 3.14.2.3)
   18 | package riscv;
      |         ^~~~~
                       task13_tb.sv:2:8: ... Location of module with timescale
    2 | module tb;
      |        ^~
%Warning-TIMESCALEMOD: ../../../../../cva6_upstream_reference/vendor/pulp-platform/common_cells/include/../../../../../cva6_upstream_reference/core/include/ariane_pkg.sv:29:9: Timescale missing on this module as other modules have it (IEEE 1800-2023 3.14.2.3)
   29 | package ariane_pkg;
      |         ^~~~~~~~~~
                       task13_tb.sv:2:8: ... Location of module with timescale
    2 | module tb;
      |        ^~
%Warning-TIMESCALEMOD: ../../../../../cva6_upstream_reference/vendor/pulp-platform/common_cells/include/../../../../../cva6_upstream_reference/vendor/pulp-platform/axi/src/axi_pkg.sv:21:9: Timescale missing on this module as other modules have it (IEEE 1800-2023 3.14.2.3)
   21 | package axi_pkg;
      |         ^~~~~~~
                       task13_tb.sv:2:8: ... Location of module with timescale
    2 | module tb;
      |        ^~
%Warning-TIMESCALEMOD: ../../../../../cva6_upstream_reference/vendor/pulp-platform/common_cells/include/../../../../../cva6_upstream_reference/core/include/wt_cache_pkg.sv:18:9: Timescale missing on this module as other modules have it (IEEE 1800-2023 3.14.2.3)
   18 | package wt_cache_pkg;
      |         ^~~~~~~~~~~~
                       task13_tb.sv:2:8: ... Location of module with timescale
    2 | module tb;
      |        ^~
%Warning-TIMESCALEMOD: ../../../../../cva6_upstream_reference/vendor/pulp-platform/common_cells/include/../../../../../cva6_upstream_reference/core/include/std_cache_pkg.sv:18:9: Timescale missing on this module as other modules have it (IEEE 1800-2023 3.14.2.3)
   18 | package std_cache_pkg;
      |         ^~~~~~~~~~~~~
                       task13_tb.sv:2:8: ... Location of module with timescale
    2 | module tb;
      |        ^~
%Warning-TIMESCALEMOD: ../../../../../cva6_upstream_reference/vendor/pulp-platform/common_cells/include/../../../../../cva6_upstream_reference/core/include/build_config_pkg.sv:1:9: Timescale missing on this module as other modules have it (IEEE 1800-2023 3.14.2.3)
    1 | package build_config_pkg;
      |         ^~~~~~~~~~~~~~~~
                       task13_tb.sv:2:8: ... Location of module with timescale
    2 | module tb;
      |        ^~
%Warning-TIMESCALEMOD: ../../../../../cva6_upstream_reference/vendor/pulp-platform/common_cells/include/../../../../../cva6_upstream_reference/core/include/aes_pkg.sv:13:9: Timescale missing on this module as other modules have it (IEEE 1800-2023 3.14.2.3)
   13 | package aes_pkg;
      |         ^~~~~~~
                       task13_tb.sv:2:8: ... Location of module with timescale
    2 | module tb;
      |        ^~
%Warning-TIMESCALEMOD: ../../../../../cva6_upstream_reference/vendor/pulp-platform/common_cells/include/../../../../../cva6_upstream_reference/core/include/triggers_pkg.sv:1:9: Timescale missing on this module as other modules have it (IEEE 1800-2023 3.14.2.3)
    1 | package triggers_pkg;
      |         ^~~~~~~~~~~~
                       task13_tb.sv:2:8: ... Location of module with timescale
    2 | module tb;
      |        ^~
%Warning-TIMESCALEMOD: ../../../../../cva6_upstream_reference/vendor/pulp-platform/common_cells/include/../../../../../cva6_upstream_reference/core/cvxif_compressed_if_driver.sv:10:8: Timescale missing on this module as other modules have it (IEEE 1800-2023 3.14.2.3)
   10 | module cvxif_compressed_if_driver #(
      |        ^~~~~~~~~~~~~~~~~~~~~~~~~~
                       task13_tb.sv:2:8: ... Location of module with timescale
    2 | module tb;
      |        ^~
%Warning-TIMESCALEMOD: ../../../../../cva6_upstream_reference/vendor/pulp-platform/common_cells/include/../../../../../cva6_upstream_reference/core/cvxif_issue_register_commit_if_driver.sv:10:8: Timescale missing on this module as other modules have it (IEEE 1800-2023 3.14.2.3)
   10 | module cvxif_issue_register_commit_if_driver #(
      |        ^~~~~~~~~~~~~~~~~~~~~~~~~~~~~~~~~~~~~
                       task13_tb.sv:2:8: ... Location of module with timescale
    2 | module tb;
      |        ^~
%Warning-TIMESCALEMOD: ../../../../../cva6_upstream_reference/vendor/pulp-platform/common_cells/include/../../../../../cva6_upstream_reference/core/cvxif_example/include/cvxif_instr_pkg.sv:12:9: Timescale missing on this module as other modules have it (IEEE 1800-2023 3.14.2.3)
   12 | package cvxif_instr_pkg;
      |         ^~~~~~~~~~~~~~~
                       task13_tb.sv:2:8: ... Location of module with timescale
    2 | module tb;
      |        ^~
%Warning-TIMESCALEMOD: ../../../../../cva6_upstream_reference/vendor/pulp-platform/common_cells/include/../../../../../cva6_upstream_reference/core/cvxif_fu.sv:14:8: Timescale missing on this module as other modules have it (IEEE 1800-2023 3.14.2.3)
   14 | module cvxif_fu
      |        ^~~~~~~~
                       task13_tb.sv:2:8: ... Location of module with timescale
    2 | module tb;
      |        ^~
%Warning-TIMESCALEMOD: ../../../../../cva6_upstream_reference/vendor/pulp-platform/common_cells/include/../../../../../cva6_upstream_reference/core/cvxif_example/cvxif_example_coprocessor.sv:10:8: Timescale missing on this module as other modules have it (IEEE 1800-2023 3.14.2.3)
   10 | module cvxif_example_coprocessor
      |        ^~~~~~~~~~~~~~~~~~~~~~~~~
                       task13_tb.sv:2:8: ... Location of module with timescale
    2 | module tb;
      |        ^~
%Warning-TIMESCALEMOD: ../../../../../cva6_upstream_reference/vendor/pulp-platform/common_cells/include/../../../../../cva6_upstream_reference/core/cvxif_example/instr_decoder.sv:10:8: Timescale missing on this module as other modules have it (IEEE 1800-2023 3.14.2.3)
   10 | module instr_decoder #(
      |        ^~~~~~~~~~~~~
                       task13_tb.sv:2:8: ... Location of module with timescale
    2 | module tb;
      |        ^~
%Warning-TIMESCALEMOD: ../../../../../cva6_upstream_reference/vendor/pulp-platform/common_cells/include/../../../../../cva6_upstream_reference/core/cvxif_example/compressed_instr_decoder.sv:10:8: Timescale missing on this module as other modules have it (IEEE 1800-2023 3.14.2.3)
   10 | module compressed_instr_decoder #(
      |        ^~~~~~~~~~~~~~~~~~~~~~~~
                       task13_tb.sv:2:8: ... Location of module with timescale
    2 | module tb;
      |        ^~
%Warning-TIMESCALEMOD: ../../../../../cva6_upstream_reference/vendor/pulp-platform/common_cells/include/../../../../../cva6_upstream_reference/core/cvxif_example/copro_alu.sv:10:8: Timescale missing on this module as other modules have it (IEEE 1800-2023 3.14.2.3)
   10 | module copro_alu
      |        ^~~~~~~~~
                       task13_tb.sv:2:8: ... Location of module with timescale
    2 | module tb;
      |        ^~
%Warning-TIMESCALEMOD: ../../../../../cva6_upstream_reference/vendor/pulp-platform/common_cells/include/../../../../../cva6_upstream_reference/vendor/pulp-platform/common_cells/src/cf_math_pkg.sv:18:9: Timescale missing on this module as other modules have it (IEEE 1800-2023 3.14.2.3)
   18 | package cf_math_pkg;
      |         ^~~~~~~~~~~
                       task13_tb.sv:2:8: ... Location of module with timescale
    2 | module tb;
      |        ^~
%Warning-TIMESCALEMOD: ../../../../../cva6_upstream_reference/vendor/pulp-platform/common_cells/include/../../../../../cva6_upstream_reference/vendor/pulp-platform/common_cells/src/fifo_v3.sv:13:8: Timescale missing on this module as other modules have it (IEEE 1800-2023 3.14.2.3)
   13 | module fifo_v3 #(
      |        ^~~~~~~
                       task13_tb.sv:2:8: ... Location of module with timescale
    2 | module tb;
      |        ^~
%Warning-TIMESCALEMOD: ../../../../../cva6_upstream_reference/vendor/pulp-platform/common_cells/include/../../../../../cva6_upstream_reference/vendor/pulp-platform/common_cells/src/lfsr.sv:22:8: Timescale missing on this module as other modules have it (IEEE 1800-2023 3.14.2.3)
   22 | module lfsr #(
      |        ^~~~
                       task13_tb.sv:2:8: ... Location of module with timescale
    2 | module tb;
      |        ^~
%Warning-TIMESCALEMOD: ../../../../../cva6_upstream_reference/vendor/pulp-platform/common_cells/include/../../../../../cva6_upstream_reference/vendor/pulp-platform/common_cells/src/lfsr_8bit.sv:17:8: Timescale missing on this module as other modules have it (IEEE 1800-2023 3.14.2.3)
   17 | module lfsr_8bit #(
      |        ^~~~~~~~~
                       task13_tb.sv:2:8: ... Location of module with timescale
    2 | module tb;
      |        ^~
%Warning-TIMESCALEMOD: ../../../../../cva6_upstream_reference/vendor/pulp-platform/common_cells/include/../../../../../cva6_upstream_reference/vendor/pulp-platform/common_cells/src/stream_arbiter.sv:16:8: Timescale missing on this module as other modules have it (IEEE 1800-2023 3.14.2.3)
   16 | module stream_arbiter #(
      |        ^~~~~~~~~~~~~~
                       task13_tb.sv:2:8: ... Location of module with timescale
    2 | module tb;
      |        ^~
%Warning-TIMESCALEMOD: ../../../../../cva6_upstream_reference/vendor/pulp-platform/common_cells/include/../../../../../cva6_upstream_reference/vendor/pulp-platform/common_cells/src/stream_arbiter_flushable.sv:16:8: Timescale missing on this module as other modules have it (IEEE 1800-2023 3.14.2.3)
   16 | module stream_arbiter_flushable #(
      |        ^~~~~~~~~~~~~~~~~~~~~~~~
                       task13_tb.sv:2:8: ... Location of module with timescale
    2 | module tb;
      |        ^~
%Warning-TIMESCALEMOD: ../../../../../cva6_upstream_reference/vendor/pulp-platform/common_cells/include/../../../../../cva6_upstream_reference/vendor/pulp-platform/common_cells/src/stream_mux.sv:14:8: Timescale missing on this module as other modules have it (IEEE 1800-2023 3.14.2.3)
   14 | module stream_mux #(
      |        ^~~~~~~~~~
                       task13_tb.sv:2:8: ... Location of module with timescale
    2 | module tb;
      |        ^~
%Warning-TIMESCALEMOD: ../../../../../cva6_upstream_reference/vendor/pulp-platform/common_cells/include/../../../../../cva6_upstream_reference/vendor/pulp-platform/common_cells/src/stream_demux.sv:15:8: Timescale missing on this module as other modules have it (IEEE 1800-2023 3.14.2.3)
   15 | module stream_demux #(
      |        ^~~~~~~~~~~~
                       task13_tb.sv:2:8: ... Location of module with timescale
    2 | module tb;
      |        ^~
%Warning-TIMESCALEMOD: ../../../../../cva6_upstream_reference/vendor/pulp-platform/common_cells/include/../../../../../cva6_upstream_reference/vendor/pulp-platform/common_cells/src/lzc.sv:25:8: Timescale missing on this module as other modules have it (IEEE 1800-2023 3.14.2.3)
   25 | module lzc #(
      |        ^~~
                       task13_tb.sv:2:8: ... Location of module with timescale
    2 | module tb;
      |        ^~
%Warning-TIMESCALEMOD: ../../../../../cva6_upstream_reference/vendor/pulp-platform/common_cells/include/../../../../../cva6_upstream_reference/vendor/pulp-platform/common_cells/src/rr_arb_tree.sv:47:8: Timescale missing on this module as other modules have it (IEEE 1800-2023 3.14.2.3)
   47 | module rr_arb_tree #(
      |        ^~~~~~~~~~~
                       task13_tb.sv:2:8: ... Location of module with timescale
    2 | module tb;
      |        ^~
%Warning-TIMESCALEMOD: ../../../../../cva6_upstream_reference/vendor/pulp-platform/common_cells/include/../../../../../cva6_upstream_reference/vendor/pulp-platform/common_cells/src/shift_reg.sv:16:8: Timescale missing on this module as other modules have it (IEEE 1800-2023 3.14.2.3)
   16 | module shift_reg #(
      |        ^~~~~~~~~
                       task13_tb.sv:2:8: ... Location of module with timescale
    2 | module tb;
      |        ^~
%Warning-TIMESCALEMOD: ../../../../../cva6_upstream_reference/vendor/pulp-platform/common_cells/include/../../../../../cva6_upstream_reference/vendor/pulp-platform/common_cells/src/unread.sv:16:8: Timescale missing on this module as other modules have it (IEEE 1800-2023 3.14.2.3)
   16 | module unread (
      |        ^~~~~~
                       task13_tb.sv:2:8: ... Location of module with timescale
    2 | module tb;
      |        ^~
%Warning-TIMESCALEMOD: ../../../../../cva6_upstream_reference/vendor/pulp-platform/common_cells/include/../../../../../cva6_upstream_reference/vendor/pulp-platform/common_cells/src/popcount.sv:19:8: Timescale missing on this module as other modules have it (IEEE 1800-2023 3.14.2.3)
   19 | module popcount #(
      |        ^~~~~~~~
                       task13_tb.sv:2:8: ... Location of module with timescale
    2 | module tb;
      |        ^~
%Warning-TIMESCALEMOD: ../../../../../cva6_upstream_reference/vendor/pulp-platform/common_cells/include/../../../../../cva6_upstream_reference/vendor/pulp-platform/common_cells/src/exp_backoff.sv:23:8: Timescale missing on this module as other modules have it (IEEE 1800-2023 3.14.2.3)
   23 | module exp_backoff #(
      |        ^~~~~~~~~~~
                       task13_tb.sv:2:8: ... Location of module with timescale
    2 | module tb;
      |        ^~
%Warning-TIMESCALEMOD: ../../../../../cva6_upstream_reference/vendor/pulp-platform/common_cells/include/../../../../../cva6_upstream_reference/vendor/pulp-platform/common_cells/src/counter.sv:14:8: Timescale missing on this module as other modules have it (IEEE 1800-2023 3.14.2.3)
   14 | module counter #(
      |        ^~~~~~~
                       task13_tb.sv:2:8: ... Location of module with timescale
    2 | module tb;
      |        ^~
%Warning-TIMESCALEMOD: ../../../../../cva6_upstream_reference/vendor/pulp-platform/common_cells/include/../../../../../cva6_upstream_reference/vendor/pulp-platform/common_cells/src/delta_counter.sv:13:8: Timescale missing on this module as other modules have it (IEEE 1800-2023 3.14.2.3)
   13 | module delta_counter #(
      |        ^~~~~~~~~~~~~
                       task13_tb.sv:2:8: ... Location of module with timescale
    2 | module tb;
      |        ^~
%Warning-TIMESCALEMOD: ../../../../../cva6_upstream_reference/vendor/pulp-platform/common_cells/include/../../../../../cva6_upstream_reference/core/cva6.sv:18:8: Timescale missing on this module as other modules have it (IEEE 1800-2023 3.14.2.3)
   18 | module cva6
      |        ^~~~
                       task13_tb.sv:2:8: ... Location of module with timescale
    2 | module tb;
      |        ^~
%Warning-TIMESCALEMOD: ../../../../../cva6_upstream_reference/vendor/pulp-platform/common_cells/include/../../../../../cva6_upstream_reference/core/cva6_rvfi_probes.sv:12:8: Timescale missing on this module as other modules have it (IEEE 1800-2023 3.14.2.3)
   12 | module cva6_rvfi_probes
      |        ^~~~~~~~~~~~~~~~
                       task13_tb.sv:2:8: ... Location of module with timescale
    2 | module tb;
      |        ^~
%Warning-TIMESCALEMOD: ../../../../../cva6_upstream_reference/vendor/pulp-platform/common_cells/include/../../../../../cva6_upstream_reference/core/alu.sv:21:8: Timescale missing on this module as other modules have it (IEEE 1800-2023 3.14.2.3)
   21 | module alu
      |        ^~~
                       task13_tb.sv:2:8: ... Location of module with timescale
    2 | module tb;
      |        ^~
%Warning-TIMESCALEMOD: ../../../../../cva6_upstream_reference/vendor/pulp-platform/common_cells/include/../../../../../cva6_upstream_reference/core/alu_wrapper.sv:15:8: Timescale missing on this module as other modules have it (IEEE 1800-2023 3.14.2.3)
   15 | module alu_wrapper
      |        ^~~~~~~~~~~
                       task13_tb.sv:2:8: ... Location of module with timescale
    2 | module tb;
      |        ^~
%Warning-TIMESCALEMOD: ../../../../../cva6_upstream_reference/vendor/pulp-platform/common_cells/include/../../../../../cva6_upstream_reference/core/aes.sv:13:8: Timescale missing on this module as other modules have it (IEEE 1800-2023 3.14.2.3)
   13 | module aes
      |        ^~~
                       task13_tb.sv:2:8: ... Location of module with timescale
    2 | module tb;
      |        ^~
%Warning-TIMESCALEMOD: ../../../../../cva6_upstream_reference/vendor/pulp-platform/common_cells/include/../../../../../cva6_upstream_reference/core/fpu_wrap.sv:16:8: Timescale missing on this module as other modules have it (IEEE 1800-2023 3.14.2.3)
   16 | module fpu_wrap
      |        ^~~~~~~~
                       task13_tb.sv:2:8: ... Location of module with timescale
    2 | module tb;
      |        ^~
%Warning-TIMESCALEMOD: ../../../../../cva6_upstream_reference/vendor/pulp-platform/common_cells/include/../../../../../cva6_upstream_reference/core/branch_unit.sv:15:8: Timescale missing on this module as other modules have it (IEEE 1800-2023 3.14.2.3)
   15 | module branch_unit #(
      |        ^~~~~~~~~~~
                       task13_tb.sv:2:8: ... Location of module with timescale
    2 | module tb;
      |        ^~
%Warning-TIMESCALEMOD: ../../../../../cva6_upstream_reference/vendor/pulp-platform/common_cells/include/../../../../../cva6_upstream_reference/core/compressed_decoder.sv:22:8: Timescale missing on this module as other modules have it (IEEE 1800-2023 3.14.2.3)
   22 | module compressed_decoder #(
      |        ^~~~~~~~~~~~~~~~~~
                       task13_tb.sv:2:8: ... Location of module with timescale
    2 | module tb;
      |        ^~
%Warning-TIMESCALEMOD: ../../../../../cva6_upstream_reference/vendor/pulp-platform/common_cells/include/../../../../../cva6_upstream_reference/core/macro_decoder.sv:17:8: Timescale missing on this module as other modules have it (IEEE 1800-2023 3.14.2.3)
   17 | module macro_decoder #(
      |        ^~~~~~~~~~~~~
                       task13_tb.sv:2:8: ... Location of module with timescale
    2 | module tb;
      |        ^~
%Warning-TIMESCALEMOD: ../../../../../cva6_upstream_reference/vendor/pulp-platform/common_cells/include/../../../../../cva6_upstream_reference/core/controller.sv:16:8: Timescale missing on this module as other modules have it (IEEE 1800-2023 3.14.2.3)
   16 | module controller
      |        ^~~~~~~~~~
                       task13_tb.sv:2:8: ... Location of module with timescale
    2 | module tb;
      |        ^~
%Warning-TIMESCALEMOD: ../../../../../cva6_upstream_reference/vendor/pulp-platform/common_cells/include/../../../../../cva6_upstream_reference/core/zcmt_decoder.sv:12:8: Timescale missing on this module as other modules have it (IEEE 1800-2023 3.14.2.3)
   12 | module zcmt_decoder #(
      |        ^~~~~~~~~~~~
                       task13_tb.sv:2:8: ... Location of module with timescale
    2 | module tb;
      |        ^~
%Warning-TIMESCALEMOD: ../../../../../cva6_upstream_reference/vendor/pulp-platform/common_cells/include/../../../../../cva6_upstream_reference/core/csr_buffer.sv:17:8: Timescale missing on this module as other modules have it (IEEE 1800-2023 3.14.2.3)
   17 | module csr_buffer
      |        ^~~~~~~~~~
                       task13_tb.sv:2:8: ... Location of module with timescale
    2 | module tb;
      |        ^~
%Warning-TIMESCALEMOD: ../../../../../cva6_upstream_reference/vendor/pulp-platform/common_cells/include/../../../../../cva6_upstream_reference/core/csr_regfile.sv:16:8: Timescale missing on this module as other modules have it (IEEE 1800-2023 3.14.2.3)
   16 | module csr_regfile
      |        ^~~~~~~~~~~
                       task13_tb.sv:2:8: ... Location of module with timescale
    2 | module tb;
      |        ^~
%Warning-TIMESCALEMOD: ../../../../../cva6_upstream_reference/vendor/pulp-platform/common_cells/include/../../../../../cva6_upstream_reference/core/trigger_module.sv:12:8: Timescale missing on this module as other modules have it (IEEE 1800-2023 3.14.2.3)
   12 | module trigger_module
      |        ^~~~~~~~~~~~~~
                       task13_tb.sv:2:8: ... Location of module with timescale
    2 | module tb;
      |        ^~
%Warning-TIMESCALEMOD: ../../../../../cva6_upstream_reference/vendor/pulp-platform/common_cells/include/../../../../../cva6_upstream_reference/core/decoder.sv:22:8: Timescale missing on this module as other modules have it (IEEE 1800-2023 3.14.2.3)
   22 | module decoder
      |        ^~~~~~~
                       task13_tb.sv:2:8: ... Location of module with timescale
    2 | module tb;
      |        ^~
%Warning-TIMESCALEMOD: ../../../../../cva6_upstream_reference/vendor/pulp-platform/common_cells/include/../../../../../cva6_upstream_reference/core/ex_stage.sv:17:8: Timescale missing on this module as other modules have it (IEEE 1800-2023 3.14.2.3)
   17 | module ex_stage
      |        ^~~~~~~~
                       task13_tb.sv:2:8: ... Location of module with timescale
    2 | module tb;
      |        ^~
%Warning-TIMESCALEMOD: ../../../../../cva6_upstream_reference/vendor/pulp-platform/common_cells/include/../../../../../cva6_upstream_reference/core/instr_realign.sv:22:8: Timescale missing on this module as other modules have it (IEEE 1800-2023 3.14.2.3)
   22 | module instr_realign
      |        ^~~~~~~~~~~~~
                       task13_tb.sv:2:8: ... Location of module with timescale
    2 | module tb;
      |        ^~
%Warning-TIMESCALEMOD: ../../../../../cva6_upstream_reference/vendor/pulp-platform/common_cells/include/../../../../../cva6_upstream_reference/core/id_stage.sv:16:8: Timescale missing on this module as other modules have it (IEEE 1800-2023 3.14.2.3)
   16 | module id_stage #(
      |        ^~~~~~~~
                       task13_tb.sv:2:8: ... Location of module with timescale
    2 | module tb;
      |        ^~
%Warning-TIMESCALEMOD: ../../../../../cva6_upstream_reference/vendor/pulp-platform/common_cells/include/../../../../../cva6_upstream_reference/core/issue_read_operands.sv:17:8: Timescale missing on this module as other modules have it (IEEE 1800-2023 3.14.2.3)
   17 | module issue_read_operands
      |        ^~~~~~~~~~~~~~~~~~~
                       task13_tb.sv:2:8: ... Location of module with timescale
    2 | module tb;
      |        ^~
%Warning-TIMESCALEMOD: ../../../../../cva6_upstream_reference/vendor/pulp-platform/common_cells/include/../../../../../cva6_upstream_reference/core/issue_stage.sv:17:8: Timescale missing on this module as other modules have it (IEEE 1800-2023 3.14.2.3)
   17 | module issue_stage
      |        ^~~~~~~~~~~
                       task13_tb.sv:2:8: ... Location of module with timescale
    2 | module tb;
      |        ^~
%Warning-TIMESCALEMOD: ../../../../../cva6_upstream_reference/vendor/pulp-platform/common_cells/include/../../../../../cva6_upstream_reference/core/load_unit.sv:21:8: Timescale missing on this module as other modules have it (IEEE 1800-2023 3.14.2.3)
   21 | module load_unit
      |        ^~~~~~~~~
                       task13_tb.sv:2:8: ... Location of module with timescale
    2 | module tb;
      |        ^~
%Warning-TIMESCALEMOD: ../../../../../cva6_upstream_reference/vendor/pulp-platform/common_cells/include/../../../../../cva6_upstream_reference/core/load_store_unit.sv:16:8: Timescale missing on this module as other modules have it (IEEE 1800-2023 3.14.2.3)
   16 | module load_store_unit
      |        ^~~~~~~~~~~~~~~
                       task13_tb.sv:2:8: ... Location of module with timescale
    2 | module tb;
      |        ^~
%Warning-TIMESCALEMOD: ../../../../../cva6_upstream_reference/vendor/pulp-platform/common_cells/include/../../../../../cva6_upstream_reference/core/lsu_bypass.sv:26:8: Timescale missing on this module as other modules have it (IEEE 1800-2023 3.14.2.3)
   26 | module lsu_bypass
      |        ^~~~~~~~~~
                       task13_tb.sv:2:8: ... Location of module with timescale
    2 | module tb;
      |        ^~
%Warning-TIMESCALEMOD: ../../../../../cva6_upstream_reference/vendor/pulp-platform/common_cells/include/../../../../../cva6_upstream_reference/core/mult.sv:3:8: Timescale missing on this module as other modules have it (IEEE 1800-2023 3.14.2.3)
    3 | module mult
      |        ^~~~
                       task13_tb.sv:2:8: ... Location of module with timescale
    2 | module tb;
      |        ^~
%Warning-TIMESCALEMOD: ../../../../../cva6_upstream_reference/vendor/pulp-platform/common_cells/include/../../../../../cva6_upstream_reference/core/multiplier.sv:18:8: Timescale missing on this module as other modules have it (IEEE 1800-2023 3.14.2.3)
   18 | module multiplier
      |        ^~~~~~~~~~
                       task13_tb.sv:2:8: ... Location of module with timescale
    2 | module tb;
      |        ^~
%Warning-TIMESCALEMOD: ../../../../../cva6_upstream_reference/vendor/pulp-platform/common_cells/include/../../../../../cva6_upstream_reference/core/serdiv.sv:18:8: Timescale missing on this module as other modules have it (IEEE 1800-2023 3.14.2.3)
   18 | module serdiv
      |        ^~~~~~
                       task13_tb.sv:2:8: ... Location of module with timescale
    2 | module tb;
      |        ^~
%Warning-TIMESCALEMOD: ../../../../../cva6_upstream_reference/vendor/pulp-platform/common_cells/include/../../../../../cva6_upstream_reference/core/perf_counters.sv:16:8: Timescale missing on this module as other modules have it (IEEE 1800-2023 3.14.2.3)
   16 | module perf_counters
      |        ^~~~~~~~~~~~~
                       task13_tb.sv:2:8: ... Location of module with timescale
    2 | module tb;
      |        ^~
%Warning-TIMESCALEMOD: ../../../../../cva6_upstream_reference/vendor/pulp-platform/common_cells/include/../../../../../cva6_upstream_reference/core/ariane_regfile_ff.sv:25:8: Timescale missing on this module as other modules have it (IEEE 1800-2023 3.14.2.3)
   25 | module ariane_regfile #(
      |        ^~~~~~~~~~~~~~
                       task13_tb.sv:2:8: ... Location of module with timescale
    2 | module tb;
      |        ^~
%Warning-TIMESCALEMOD: ../../../../../cva6_upstream_reference/vendor/pulp-platform/common_cells/include/../../../../../cva6_upstream_reference/core/ariane_regfile_fpga.sv:29:8: Timescale missing on this module as other modules have it (IEEE 1800-2023 3.14.2.3)
   29 | module ariane_regfile_fpga #(
      |        ^~~~~~~~~~~~~~~~~~~
                       task13_tb.sv:2:8: ... Location of module with timescale
    2 | module tb;
      |        ^~
%Warning-TIMESCALEMOD: ../../../../../cva6_upstream_reference/vendor/pulp-platform/common_cells/include/../../../../../cva6_upstream_reference/core/scoreboard.sv:15:8: Timescale missing on this module as other modules have it (IEEE 1800-2023 3.14.2.3)
   15 | module scoreboard #(
      |        ^~~~~~~~~~
                       task13_tb.sv:2:8: ... Location of module with timescale
    2 | module tb;
      |        ^~
%Warning-TIMESCALEMOD: ../../../../../cva6_upstream_reference/vendor/pulp-platform/common_cells/include/../../../../../cva6_upstream_reference/core/raw_checker.sv:10:8: Timescale missing on this module as other modules have it (IEEE 1800-2023 3.14.2.3)
   10 | module raw_checker
      |        ^~~~~~~~~~~
                       task13_tb.sv:2:8: ... Location of module with timescale
    2 | module tb;
      |        ^~
%Warning-TIMESCALEMOD: ../../../../../cva6_upstream_reference/vendor/pulp-platform/common_cells/include/../../../../../cva6_upstream_reference/core/store_buffer.sv:17:8: Timescale missing on this module as other modules have it (IEEE 1800-2023 3.14.2.3)
   17 | module store_buffer
      |        ^~~~~~~~~~~~
                       task13_tb.sv:2:8: ... Location of module with timescale
    2 | module tb;
      |        ^~
%Warning-TIMESCALEMOD: ../../../../../cva6_upstream_reference/vendor/pulp-platform/common_cells/include/../../../../../cva6_upstream_reference/core/amo_buffer.sv:17:8: Timescale missing on this module as other modules have it (IEEE 1800-2023 3.14.2.3)
   17 | module amo_buffer #(
      |        ^~~~~~~~~~
                       task13_tb.sv:2:8: ... Location of module with timescale
    2 | module tb;
      |        ^~
%Warning-TIMESCALEMOD: ../../../../../cva6_upstream_reference/vendor/pulp-platform/common_cells/include/../../../../../cva6_upstream_reference/core/store_unit.sv:16:8: Timescale missing on this module as other modules have it (IEEE 1800-2023 3.14.2.3)
   16 | module store_unit
      |        ^~~~~~~~~~
                       task13_tb.sv:2:8: ... Location of module with timescale
    2 | module tb;
      |        ^~
%Warning-TIMESCALEMOD: ../../../../../cva6_upstream_reference/vendor/pulp-platform/common_cells/include/../../../../../cva6_upstream_reference/core/commit_stage.sv:16:8: Timescale missing on this module as other modules have it (IEEE 1800-2023 3.14.2.3)
   16 | module commit_stage
      |        ^~~~~~~~~~~~
                       task13_tb.sv:2:8: ... Location of module with timescale
    2 | module tb;
      |        ^~
%Warning-TIMESCALEMOD: ../../../../../cva6_upstream_reference/vendor/pulp-platform/common_cells/include/../../../../../cva6_upstream_reference/core/axi_shim.sv:22:8: Timescale missing on this module as other modules have it (IEEE 1800-2023 3.14.2.3)
   22 | module axi_shim #(
      |        ^~~~~~~~
                       task13_tb.sv:2:8: ... Location of module with timescale
    2 | module tb;
      |        ^~
%Warning-TIMESCALEMOD: ../../../../../cva6_upstream_reference/vendor/pulp-platform/common_cells/include/../../../../../cva6_upstream_reference/core/cva6_accel_first_pass_decoder_stub.sv:10:8: Timescale missing on this module as other modules have it (IEEE 1800-2023 3.14.2.3)
   10 | module cva6_accel_first_pass_decoder
      |        ^~~~~~~~~~~~~~~~~~~~~~~~~~~~~
                       task13_tb.sv:2:8: ... Location of module with timescale
    2 | module tb;
      |        ^~
%Warning-TIMESCALEMOD: ../../../../../cva6_upstream_reference/vendor/pulp-platform/common_cells/include/../../../../../cva6_upstream_reference/core/acc_dispatcher.sv:16:8: Timescale missing on this module as other modules have it (IEEE 1800-2023 3.14.2.3)
   16 | module acc_dispatcher
      |        ^~~~~~~~~~~~~~
                       task13_tb.sv:2:8: ... Location of module with timescale
    2 | module tb;
      |        ^~
%Warning-TIMESCALEMOD: ../../../../../cva6_upstream_reference/vendor/pulp-platform/common_cells/include/../../../../../cva6_upstream_reference/core/cva6_fifo_v3.sv:16:8: Timescale missing on this module as other modules have it (IEEE 1800-2023 3.14.2.3)
   16 | module cva6_fifo_v3 #(
      |        ^~~~~~~~~~~~
                       task13_tb.sv:2:8: ... Location of module with timescale
    2 | module tb;
      |        ^~
%Warning-TIMESCALEMOD: ../../../../../cva6_upstream_reference/vendor/pulp-platform/common_cells/include/../../../../../cva6_upstream_reference/core/frontend/btb.sv:28:8: Timescale missing on this module as other modules have it (IEEE 1800-2023 3.14.2.3)
   28 | module btb #(
      |        ^~~
                       task13_tb.sv:2:8: ... Location of module with timescale
    2 | module tb;
      |        ^~
%Warning-TIMESCALEMOD: ../../../../../cva6_upstream_reference/vendor/pulp-platform/common_cells/include/../../../../../cva6_upstream_reference/core/frontend/bht.sv:24:8: Timescale missing on this module as other modules have it (IEEE 1800-2023 3.14.2.3)
   24 | module bht #(
      |        ^~~
                       task13_tb.sv:2:8: ... Location of module with timescale
    2 | module tb;
      |        ^~
%Warning-TIMESCALEMOD: ../../../../../cva6_upstream_reference/vendor/pulp-platform/common_cells/include/../../../../../cva6_upstream_reference/core/frontend/bht2lvl.sv:14:8: Timescale missing on this module as other modules have it (IEEE 1800-2023 3.14.2.3)
   14 | module bht2lvl #(
      |        ^~~~~~~
                       task13_tb.sv:2:8: ... Location of module with timescale
    2 | module tb;
      |        ^~
%Warning-TIMESCALEMOD: ../../../../../cva6_upstream_reference/vendor/pulp-platform/common_cells/include/../../../../../cva6_upstream_reference/core/frontend/ras.sv:17:8: Timescale missing on this module as other modules have it (IEEE 1800-2023 3.14.2.3)
   17 | module ras #(
      |        ^~~
                       task13_tb.sv:2:8: ... Location of module with timescale
    2 | module tb;
      |        ^~
%Warning-TIMESCALEMOD: ../../../../../cva6_upstream_reference/vendor/pulp-platform/common_cells/include/../../../../../cva6_upstream_reference/core/frontend/instr_scan.sv:18:8: Timescale missing on this module as other modules have it (IEEE 1800-2023 3.14.2.3)
   18 | module instr_scan #(
      |        ^~~~~~~~~~
                       task13_tb.sv:2:8: ... Location of module with timescale
    2 | module tb;
      |        ^~
%Warning-TIMESCALEMOD: ../../../../../cva6_upstream_reference/vendor/pulp-platform/common_cells/include/../../../../../cva6_upstream_reference/core/frontend/instr_queue.sv:46:8: Timescale missing on this module as other modules have it (IEEE 1800-2023 3.14.2.3)
   46 | module instr_queue
      |        ^~~~~~~~~~~
                       task13_tb.sv:2:8: ... Location of module with timescale
    2 | module tb;
      |        ^~
%Warning-TIMESCALEMOD: ../../../../../cva6_upstream_reference/vendor/pulp-platform/common_cells/include/../../../../../cva6_upstream_reference/core/frontend/frontend.sv:18:8: Timescale missing on this module as other modules have it (IEEE 1800-2023 3.14.2.3)
   18 | module frontend
      |        ^~~~~~~~
                       task13_tb.sv:2:8: ... Location of module with timescale
    2 | module tb;
      |        ^~
%Warning-TIMESCALEMOD: ../../../../../cva6_upstream_reference/vendor/pulp-platform/common_cells/include/../../../../../cva6_upstream_reference/core/cache_subsystem/wt_dcache_ctrl.sv:16:8: Timescale missing on this module as other modules have it (IEEE 1800-2023 3.14.2.3)
   16 | module wt_dcache_ctrl
      |        ^~~~~~~~~~~~~~
                       task13_tb.sv:2:8: ... Location of module with timescale
    2 | module tb;
      |        ^~
%Warning-TIMESCALEMOD: ../../../../../cva6_upstream_reference/vendor/pulp-platform/common_cells/include/../../../../../cva6_upstream_reference/core/cache_subsystem/wt_dcache_mem.sv:29:8: Timescale missing on this module as other modules have it (IEEE 1800-2023 3.14.2.3)
   29 | module wt_dcache_mem
      |        ^~~~~~~~~~~~~
                       task13_tb.sv:2:8: ... Location of module with timescale
    2 | module tb;
      |        ^~
%Warning-TIMESCALEMOD: ../../../../../cva6_upstream_reference/vendor/pulp-platform/common_cells/include/../../../../../cva6_upstream_reference/core/cache_subsystem/wt_dcache_missunit.sv:17:8: Timescale missing on this module as other modules have it (IEEE 1800-2023 3.14.2.3)
   17 | module wt_dcache_missunit
      |        ^~~~~~~~~~~~~~~~~~
                       task13_tb.sv:2:8: ... Location of module with timescale
    2 | module tb;
      |        ^~
%Warning-TIMESCALEMOD: ../../../../../cva6_upstream_reference/vendor/pulp-platform/common_cells/include/../../../../../cva6_upstream_reference/core/cache_subsystem/wt_dcache_wbuffer.sv:52:8: Timescale missing on this module as other modules have it (IEEE 1800-2023 3.14.2.3)
   52 | module wt_dcache_wbuffer
      |        ^~~~~~~~~~~~~~~~~
                       task13_tb.sv:2:8: ... Location of module with timescale
    2 | module tb;
      |        ^~
%Warning-TIMESCALEMOD: ../../../../../cva6_upstream_reference/vendor/pulp-platform/common_cells/include/../../../../../cva6_upstream_reference/core/cache_subsystem/wt_dcache.sv:16:8: Timescale missing on this module as other modules have it (IEEE 1800-2023 3.14.2.3)
   16 | module wt_dcache
      |        ^~~~~~~~~
                       task13_tb.sv:2:8: ... Location of module with timescale
    2 | module tb;
      |        ^~
%Warning-TIMESCALEMOD: ../../../../../cva6_upstream_reference/vendor/pulp-platform/common_cells/include/../../../../../cva6_upstream_reference/core/cache_subsystem/cva6_icache.sv:28:8: Timescale missing on this module as other modules have it (IEEE 1800-2023 3.14.2.3)
   28 | module cva6_icache
      |        ^~~~~~~~~~~
                       task13_tb.sv:2:8: ... Location of module with timescale
    2 | module tb;
      |        ^~
%Warning-TIMESCALEMOD: ../../../../../cva6_upstream_reference/vendor/pulp-platform/common_cells/include/../../../../../cva6_upstream_reference/core/cache_subsystem/wt_cache_subsystem.sv:22:8: Timescale missing on this module as other modules have it (IEEE 1800-2023 3.14.2.3)
   22 | module wt_cache_subsystem
      |        ^~~~~~~~~~~~~~~~~~
                       task13_tb.sv:2:8: ... Location of module with timescale
    2 | module tb;
      |        ^~
%Warning-TIMESCALEMOD: ../../../../../cva6_upstream_reference/vendor/pulp-platform/common_cells/include/../../../../../cva6_upstream_reference/core/cache_subsystem/wt_axi_adapter.sv:17:8: Timescale missing on this module as other modules have it (IEEE 1800-2023 3.14.2.3)
   17 | module wt_axi_adapter
      |        ^~~~~~~~~~~~~~
                       task13_tb.sv:2:8: ... Location of module with timescale
    2 | module tb;
      |        ^~
%Warning-TIMESCALEMOD: ../../../../../cva6_upstream_reference/vendor/pulp-platform/common_cells/include/../../../../../cva6_upstream_reference/core/cache_subsystem/tag_cmp.sv:18:8: Timescale missing on this module as other modules have it (IEEE 1800-2023 3.14.2.3)
   18 | module tag_cmp #(
      |        ^~~~~~~
                       task13_tb.sv:2:8: ... Location of module with timescale
    2 | module tb;
      |        ^~
%Warning-TIMESCALEMOD: ../../../../../cva6_upstream_reference/vendor/pulp-platform/common_cells/include/../../../../../cva6_upstream_reference/core/cache_subsystem/axi_adapter.sv:19:8: Timescale missing on this module as other modules have it (IEEE 1800-2023 3.14.2.3)
   19 | module axi_adapter #(
      |        ^~~~~~~~~~~
                       task13_tb.sv:2:8: ... Location of module with timescale
    2 | module tb;
      |        ^~
%Warning-TIMESCALEMOD: ../../../../../cva6_upstream_reference/vendor/pulp-platform/common_cells/include/../../../../../cva6_upstream_reference/core/cache_subsystem/miss_handler.sv:19:8: Timescale missing on this module as other modules have it (IEEE 1800-2023 3.14.2.3)
   19 | module miss_handler
      |        ^~~~~~~~~~~~
                       task13_tb.sv:2:8: ... Location of module with timescale
    2 | module tb;
      |        ^~
%Warning-TIMESCALEMOD: ../../../../../cva6_upstream_reference/vendor/pulp-platform/common_cells/include/../../../../../cva6_upstream_reference/core/cache_subsystem/miss_handler.sv:705:8: Timescale missing on this module as other modules have it (IEEE 1800-2023 3.14.2.3)
  705 | module axi_adapter_arbiter #(
      |        ^~~~~~~~~~~~~~~~~~~
                       task13_tb.sv:2:8: ... Location of module with timescale
    2 | module tb;
      |        ^~
%Warning-TIMESCALEMOD: ../../../../../cva6_upstream_reference/vendor/pulp-platform/common_cells/include/../../../../../cva6_upstream_reference/core/cache_subsystem/cache_ctrl.sv:21:8: Timescale missing on this module as other modules have it (IEEE 1800-2023 3.14.2.3)
   21 | module cache_ctrl
      |        ^~~~~~~~~~
                       task13_tb.sv:2:8: ... Location of module with timescale
    2 | module tb;
      |        ^~
%Warning-TIMESCALEMOD: ../../../../../cva6_upstream_reference/vendor/pulp-platform/common_cells/include/../../../../../cva6_upstream_reference/core/cache_subsystem/cva6_icache_axi_wrapper.sv:16:8: Timescale missing on this module as other modules have it (IEEE 1800-2023 3.14.2.3)
   16 | module cva6_icache_axi_wrapper
      |        ^~~~~~~~~~~~~~~~~~~~~~~
                       task13_tb.sv:2:8: ... Location of module with timescale
    2 | module tb;
      |        ^~
%Warning-TIMESCALEMOD: ../../../../../cva6_upstream_reference/vendor/pulp-platform/common_cells/include/../../../../../cva6_upstream_reference/core/cache_subsystem/std_cache_subsystem.sv:18:8: Timescale missing on this module as other modules have it (IEEE 1800-2023 3.14.2.3)
   18 | module std_cache_subsystem
      |        ^~~~~~~~~~~~~~~~~~~
                       task13_tb.sv:2:8: ... Location of module with timescale
    2 | module tb;
      |        ^~
%Warning-TIMESCALEMOD: ../../../../../cva6_upstream_reference/vendor/pulp-platform/common_cells/include/../../../../../cva6_upstream_reference/core/cache_subsystem/std_nbdcache.sv:16:8: Timescale missing on this module as other modules have it (IEEE 1800-2023 3.14.2.3)
   16 | module std_nbdcache
      |        ^~~~~~~~~~~~
                       task13_tb.sv:2:8: ... Location of module with timescale
    2 | module tb;
      |        ^~
%Warning-TIMESCALEMOD: ../../../../../cva6_upstream_reference/vendor/pulp-platform/common_cells/include/../../../../../cva6_upstream_reference/core/cache_subsystem/hpdcache/rtl/src/hpdcache_pkg.sv:13:9: Timescale missing on this module as other modules have it (IEEE 1800-2023 3.14.2.3)
   13 | package hpdcache_pkg;
      |         ^~~~~~~~~~~~
                       task13_tb.sv:2:8: ... Location of module with timescale
    2 | module tb;
      |        ^~
%Warning-TIMESCALEMOD: ../../../../../cva6_upstream_reference/vendor/pulp-platform/common_cells/include/../../../../../cva6_upstream_reference/core/cache_subsystem/hpdcache/rtl/src/utils/hpdcache_mem_req_read_arbiter.sv:26:8: Timescale missing on this module as other modules have it (IEEE 1800-2023 3.14.2.3)
   26 | module hpdcache_mem_req_read_arbiter
      |        ^~~~~~~~~~~~~~~~~~~~~~~~~~~~~
                       task13_tb.sv:2:8: ... Location of module with timescale
    2 | module tb;
      |        ^~
%Warning-TIMESCALEMOD: ../../../../../cva6_upstream_reference/vendor/pulp-platform/common_cells/include/../../../../../cva6_upstream_reference/core/cache_subsystem/hpdcache/rtl/src/utils/hpdcache_mem_req_write_arbiter.sv:26:8: Timescale missing on this module as other modules have it (IEEE 1800-2023 3.14.2.3)
   26 | module hpdcache_mem_req_write_arbiter
      |        ^~~~~~~~~~~~~~~~~~~~~~~~~~~~~~
                       task13_tb.sv:2:8: ... Location of module with timescale
    2 | module tb;
      |        ^~
%Warning-TIMESCALEMOD: ../../../../../cva6_upstream_reference/vendor/pulp-platform/common_cells/include/../../../../../cva6_upstream_reference/core/cache_subsystem/hpdcache/rtl/src/common/hpdcache_demux.sv:26:8: Timescale missing on this module as other modules have it (IEEE 1800-2023 3.14.2.3)
   26 | module hpdcache_demux
      |        ^~~~~~~~~~~~~~
                       task13_tb.sv:2:8: ... Location of module with timescale
    2 | module tb;
      |        ^~
%Warning-TIMESCALEMOD: ../../../../../cva6_upstream_reference/vendor/pulp-platform/common_cells/include/../../../../../cva6_upstream_reference/core/cache_subsystem/hpdcache/rtl/src/common/hpdcache_lfsr.sv:26:8: Timescale missing on this module as other modules have it (IEEE 1800-2023 3.14.2.3)
   26 | module hpdcache_lfsr
      |        ^~~~~~~~~~~~~
                       task13_tb.sv:2:8: ... Location of module with timescale
    2 | module tb;
      |        ^~
%Warning-TIMESCALEMOD: ../../../../../cva6_upstream_reference/vendor/pulp-platform/common_cells/include/../../../../../cva6_upstream_reference/core/cache_subsystem/hpdcache/rtl/src/common/hpdcache_sync_buffer.sv:26:8: Timescale missing on this module as other modules have it (IEEE 1800-2023 3.14.2.3)
   26 | module hpdcache_sync_buffer
      |        ^~~~~~~~~~~~~~~~~~~~
                       task13_tb.sv:2:8: ... Location of module with timescale
    2 | module tb;
      |        ^~
%Warning-TIMESCALEMOD: ../../../../../cva6_upstream_reference/vendor/pulp-platform/common_cells/include/../../../../../cva6_upstream_reference/core/cache_subsystem/hpdcache/rtl/src/common/hpdcache_fifo_reg.sv:26:8: Timescale missing on this module as other modules have it (IEEE 1800-2023 3.14.2.3)
   26 | module hpdcache_fifo_reg
      |        ^~~~~~~~~~~~~~~~~
                       task13_tb.sv:2:8: ... Location of module with timescale
    2 | module tb;
      |        ^~
%Warning-TIMESCALEMOD: ../../../../../cva6_upstream_reference/vendor/pulp-platform/common_cells/include/../../../../../cva6_upstream_reference/core/cache_subsystem/hpdcache/rtl/src/common/hpdcache_fifo_reg_initialized.sv:27:8: Timescale missing on this module as other modules have it (IEEE 1800-2023 3.14.2.3)
   27 | module hpdcache_fifo_reg_initialized
      |        ^~~~~~~~~~~~~~~~~~~~~~~~~~~~~
                       task13_tb.sv:2:8: ... Location of module with timescale
    2 | module tb;
      |        ^~
%Warning-TIMESCALEMOD: ../../../../../cva6_upstream_reference/vendor/pulp-platform/common_cells/include/../../../../../cva6_upstream_reference/core/cache_subsystem/hpdcache/rtl/src/common/hpdcache_fxarb.sv:26:8: Timescale missing on this module as other modules have it (IEEE 1800-2023 3.14.2.3)
   26 | module hpdcache_fxarb
      |        ^~~~~~~~~~~~~~
                       task13_tb.sv:2:8: ... Location of module with timescale
    2 | module tb;
      |        ^~
%Warning-TIMESCALEMOD: ../../../../../cva6_upstream_reference/vendor/pulp-platform/common_cells/include/../../../../../cva6_upstream_reference/core/cache_subsystem/hpdcache/rtl/src/common/hpdcache_rrarb.sv:28:8: Timescale missing on this module as other modules have it (IEEE 1800-2023 3.14.2.3)
   28 | module hpdcache_rrarb
      |        ^~~~~~~~~~~~~~
                       task13_tb.sv:2:8: ... Location of module with timescale
    2 | module tb;
      |        ^~
%Warning-TIMESCALEMOD: ../../../../../cva6_upstream_reference/vendor/pulp-platform/common_cells/include/../../../../../cva6_upstream_reference/core/cache_subsystem/hpdcache/rtl/src/common/hpdcache_mux.sv:26:8: Timescale missing on this module as other modules have it (IEEE 1800-2023 3.14.2.3)
   26 | module hpdcache_mux
      |        ^~~~~~~~~~~~
                       task13_tb.sv:2:8: ... Location of module with timescale
    2 | module tb;
      |        ^~
%Warning-TIMESCALEMOD: ../../../../../cva6_upstream_reference/vendor/pulp-platform/common_cells/include/../../../../../cva6_upstream_reference/core/cache_subsystem/hpdcache/rtl/src/common/hpdcache_decoder.sv:26:8: Timescale missing on this module as other modules have it (IEEE 1800-2023 3.14.2.3)
   26 | module hpdcache_decoder
      |        ^~~~~~~~~~~~~~~~
                       task13_tb.sv:2:8: ... Location of module with timescale
    2 | module tb;
      |        ^~
%Warning-TIMESCALEMOD: ../../../../../cva6_upstream_reference/vendor/pulp-platform/common_cells/include/../../../../../cva6_upstream_reference/core/cache_subsystem/hpdcache/rtl/src/common/hpdcache_1hot_to_binary.sv:26:8: Timescale missing on this module as other modules have it (IEEE 1800-2023 3.14.2.3)
   26 | module hpdcache_1hot_to_binary
      |        ^~~~~~~~~~~~~~~~~~~~~~~
                       task13_tb.sv:2:8: ... Location of module with timescale
    2 | module tb;
      |        ^~
%Warning-TIMESCALEMOD: ../../../../../cva6_upstream_reference/vendor/pulp-platform/common_cells/include/../../../../../cva6_upstream_reference/core/cache_subsystem/hpdcache/rtl/src/common/hpdcache_prio_1hot_encoder.sv:26:8: Timescale missing on this module as other modules have it (IEEE 1800-2023 3.14.2.3)
   26 | module hpdcache_prio_1hot_encoder
      |        ^~~~~~~~~~~~~~~~~~~~~~~~~~
                       task13_tb.sv:2:8: ... Location of module with timescale
    2 | module tb;
      |        ^~
%Warning-TIMESCALEMOD: ../../../../../cva6_upstream_reference/vendor/pulp-platform/common_cells/include/../../../../../cva6_upstream_reference/core/cache_subsystem/hpdcache/rtl/src/common/hpdcache_prio_bin_encoder.sv:19:8: Timescale missing on this module as other modules have it (IEEE 1800-2023 3.14.2.3)
   19 | module hpdcache_prio_bin_encoder
      |        ^~~~~~~~~~~~~~~~~~~~~~~~~
                       task13_tb.sv:2:8: ... Location of module with timescale
    2 | module tb;
      |        ^~
%Warning-TIMESCALEMOD: ../../../../../cva6_upstream_reference/vendor/pulp-platform/common_cells/include/../../../../../cva6_upstream_reference/core/cache_subsystem/hpdcache/rtl/src/common/hpdcache_sram.sv:13:8: Timescale missing on this module as other modules have it (IEEE 1800-2023 3.14.2.3)
   13 | module hpdcache_sram
      |        ^~~~~~~~~~~~~
                       task13_tb.sv:2:8: ... Location of module with timescale
    2 | module tb;
      |        ^~
%Warning-TIMESCALEMOD: ../../../../../cva6_upstream_reference/vendor/pulp-platform/common_cells/include/../../../../../cva6_upstream_reference/core/cache_subsystem/hpdcache/rtl/src/common/hpdcache_sram_wbyteenable.sv:13:8: Timescale missing on this module as other modules have it (IEEE 1800-2023 3.14.2.3)
   13 | module hpdcache_sram_wbyteenable
      |        ^~~~~~~~~~~~~~~~~~~~~~~~~
                       task13_tb.sv:2:8: ... Location of module with timescale
    2 | module tb;
      |        ^~
%Warning-TIMESCALEMOD: ../../../../../cva6_upstream_reference/vendor/pulp-platform/common_cells/include/../../../../../cva6_upstream_reference/core/cache_subsystem/hpdcache/rtl/src/common/hpdcache_sram_wmask.sv:13:8: Timescale missing on this module as other modules have it (IEEE 1800-2023 3.14.2.3)
   13 | module hpdcache_sram_wmask
      |        ^~~~~~~~~~~~~~~~~~~
                       task13_tb.sv:2:8: ... Location of module with timescale
    2 | module tb;
      |        ^~
%Warning-TIMESCALEMOD: ../../../../../cva6_upstream_reference/vendor/pulp-platform/common_cells/include/../../../../../cva6_upstream_reference/core/cache_subsystem/hpdcache/rtl/src/common/hpdcache_regbank_wbyteenable_1rw.sv:26:8: Timescale missing on this module as other modules have it (IEEE 1800-2023 3.14.2.3)
   26 | module hpdcache_regbank_wbyteenable_1rw
      |        ^~~~~~~~~~~~~~~~~~~~~~~~~~~~~~~~
                       task13_tb.sv:2:8: ... Location of module with timescale
    2 | module tb;
      |        ^~
%Warning-TIMESCALEMOD: ../../../../../cva6_upstream_reference/vendor/pulp-platform/common_cells/include/../../../../../cva6_upstream_reference/core/cache_subsystem/hpdcache/rtl/src/common/hpdcache_regbank_wmask_1rw.sv:26:8: Timescale missing on this module as other modules have it (IEEE 1800-2023 3.14.2.3)
   26 | module hpdcache_regbank_wmask_1rw
      |        ^~~~~~~~~~~~~~~~~~~~~~~~~~
                       task13_tb.sv:2:8: ... Location of module with timescale
    2 | module tb;
      |        ^~
%Warning-TIMESCALEMOD: ../../../../../cva6_upstream_reference/vendor/pulp-platform/common_cells/include/../../../../../cva6_upstream_reference/core/cache_subsystem/hpdcache/rtl/src/common/hpdcache_data_downsize.sv:26:8: Timescale missing on this module as other modules have it (IEEE 1800-2023 3.14.2.3)
   26 | module hpdcache_data_downsize
      |        ^~~~~~~~~~~~~~~~~~~~~~
                       task13_tb.sv:2:8: ... Location of module with timescale
    2 | module tb;
      |        ^~
%Warning-TIMESCALEMOD: ../../../../../cva6_upstream_reference/vendor/pulp-platform/common_cells/include/../../../../../cva6_upstream_reference/core/cache_subsystem/hpdcache/rtl/src/common/hpdcache_data_upsize.sv:26:8: Timescale missing on this module as other modules have it (IEEE 1800-2023 3.14.2.3)
   26 | module hpdcache_data_upsize
      |        ^~~~~~~~~~~~~~~~~~~~
                       task13_tb.sv:2:8: ... Location of module with timescale
    2 | module tb;
      |        ^~
%Warning-TIMESCALEMOD: ../../../../../cva6_upstream_reference/vendor/pulp-platform/common_cells/include/../../../../../cva6_upstream_reference/core/cache_subsystem/hpdcache/rtl/src/common/hpdcache_data_resize.sv:26:8: Timescale missing on this module as other modules have it (IEEE 1800-2023 3.14.2.3)
   26 | module hpdcache_data_resize
      |        ^~~~~~~~~~~~~~~~~~~~
                       task13_tb.sv:2:8: ... Location of module with timescale
    2 | module tb;
      |        ^~
%Warning-TIMESCALEMOD: ../../../../../cva6_upstream_reference/vendor/pulp-platform/common_cells/include/../../../../../cva6_upstream_reference/core/cache_subsystem/hpdcache/rtl/src/hwpf_stride/hwpf_stride_pkg.sv:27:9: Timescale missing on this module as other modules have it (IEEE 1800-2023 3.14.2.3)
   27 | package hwpf_stride_pkg;
      |         ^~~~~~~~~~~~~~~
                       task13_tb.sv:2:8: ... Location of module with timescale
    2 | module tb;
      |        ^~
%Warning-TIMESCALEMOD: ../../../../../cva6_upstream_reference/vendor/pulp-platform/common_cells/include/../../../../../cva6_upstream_reference/core/cache_subsystem/hpdcache/rtl/src/hwpf_stride/hwpf_stride.sv:27:8: Timescale missing on this module as other modules have it (IEEE 1800-2023 3.14.2.3)
   27 | module hwpf_stride
      |        ^~~~~~~~~~~
                       task13_tb.sv:2:8: ... Location of module with timescale
    2 | module tb;
      |        ^~
%Warning-TIMESCALEMOD: ../../../../../cva6_upstream_reference/vendor/pulp-platform/common_cells/include/../../../../../cva6_upstream_reference/core/cache_subsystem/hpdcache/rtl/src/hwpf_stride/hwpf_stride_arb.sv:26:8: Timescale missing on this module as other modules have it (IEEE 1800-2023 3.14.2.3)
   26 | module hwpf_stride_arb
      |        ^~~~~~~~~~~~~~~
                       task13_tb.sv:2:8: ... Location of module with timescale
    2 | module tb;
      |        ^~
%Warning-TIMESCALEMOD: ../../../../../cva6_upstream_reference/vendor/pulp-platform/common_cells/include/../../../../../cva6_upstream_reference/core/cache_subsystem/hpdcache/rtl/src/hwpf_stride/hwpf_stride_wrapper.sv:28:8: Timescale missing on this module as other modules have it (IEEE 1800-2023 3.14.2.3)
   28 | module hwpf_stride_wrapper
      |        ^~~~~~~~~~~~~~~~~~~
                       task13_tb.sv:2:8: ... Location of module with timescale
    2 | module tb;
      |        ^~
%Warning-TIMESCALEMOD: ../../../../../cva6_upstream_reference/vendor/pulp-platform/common_cells/include/../../../../../cva6_upstream_reference/core/cache_subsystem/hpdcache/rtl/src/hpdcache.sv:15:8: Timescale missing on this module as other modules have it (IEEE 1800-2023 3.14.2.3)
   15 | module hpdcache
      |        ^~~~~~~~
                       task13_tb.sv:2:8: ... Location of module with timescale
    2 | module tb;
      |        ^~
%Warning-TIMESCALEMOD: ../../../../../cva6_upstream_reference/vendor/pulp-platform/common_cells/include/../../../../../cva6_upstream_reference/core/cache_subsystem/hpdcache/rtl/src/hpdcache_amo.sv:27:8: Timescale missing on this module as other modules have it (IEEE 1800-2023 3.14.2.3)
   27 | module hpdcache_amo
      |        ^~~~~~~~~~~~
                       task13_tb.sv:2:8: ... Location of module with timescale
    2 | module tb;
      |        ^~
%Warning-TIMESCALEMOD: ../../../../../cva6_upstream_reference/vendor/pulp-platform/common_cells/include/../../../../../cva6_upstream_reference/core/cache_subsystem/hpdcache/rtl/src/hpdcache_cmo.sv:14:8: Timescale missing on this module as other modules have it (IEEE 1800-2023 3.14.2.3)
   14 | module hpdcache_cmo
      |        ^~~~~~~~~~~~
                       task13_tb.sv:2:8: ... Location of module with timescale
    2 | module tb;
      |        ^~
%Warning-TIMESCALEMOD: ../../../../../cva6_upstream_reference/vendor/pulp-platform/common_cells/include/../../../../../cva6_upstream_reference/core/cache_subsystem/hpdcache/rtl/src/hpdcache_core_arbiter.sv:27:8: Timescale missing on this module as other modules have it (IEEE 1800-2023 3.14.2.3)
   27 | module hpdcache_core_arbiter
      |        ^~~~~~~~~~~~~~~~~~~~~
                       task13_tb.sv:2:8: ... Location of module with timescale
    2 | module tb;
      |        ^~
%Warning-TIMESCALEMOD: ../../../../../cva6_upstream_reference/vendor/pulp-platform/common_cells/include/../../../../../cva6_upstream_reference/core/cache_subsystem/hpdcache/rtl/src/hpdcache_ctrl.sv:13:8: Timescale missing on this module as other modules have it (IEEE 1800-2023 3.14.2.3)
   13 | module hpdcache_ctrl
      |        ^~~~~~~~~~~~~
                       task13_tb.sv:2:8: ... Location of module with timescale
    2 | module tb;
      |        ^~
%Warning-TIMESCALEMOD: ../../../../../cva6_upstream_reference/vendor/pulp-platform/common_cells/include/../../../../../cva6_upstream_reference/core/cache_subsystem/hpdcache/rtl/src/hpdcache_ctrl_pe.sv:13:8: Timescale missing on this module as other modules have it (IEEE 1800-2023 3.14.2.3)
   13 | module hpdcache_ctrl_pe
      |        ^~~~~~~~~~~~~~~~
                       task13_tb.sv:2:8: ... Location of module with timescale
    2 | module tb;
      |        ^~
%Warning-TIMESCALEMOD: ../../../../../cva6_upstream_reference/vendor/pulp-platform/common_cells/include/../../../../../cva6_upstream_reference/core/cache_subsystem/hpdcache/rtl/src/hpdcache_memctrl.sv:13:8: Timescale missing on this module as other modules have it (IEEE 1800-2023 3.14.2.3)
   13 | module hpdcache_memctrl
      |        ^~~~~~~~~~~~~~~~
                       task13_tb.sv:2:8: ... Location of module with timescale
    2 | module tb;
      |        ^~
%Warning-TIMESCALEMOD: ../../../../../cva6_upstream_reference/vendor/pulp-platform/common_cells/include/../../../../../cva6_upstream_reference/core/cache_subsystem/hpdcache/rtl/src/hpdcache_cbuf.sv:19:8: Timescale missing on this module as other modules have it (IEEE 1800-2023 3.14.2.3)
   19 | module hpdcache_cbuf
      |        ^~~~~~~~~~~~~
                       task13_tb.sv:2:8: ... Location of module with timescale
    2 | module tb;
      |        ^~
%Warning-TIMESCALEMOD: ../../../../../cva6_upstream_reference/vendor/pulp-platform/common_cells/include/../../../../../cva6_upstream_reference/core/cache_subsystem/hpdcache/rtl/src/hpdcache_miss_handler.sv:27:8: Timescale missing on this module as other modules have it (IEEE 1800-2023 3.14.2.3)
   27 | module hpdcache_miss_handler
      |        ^~~~~~~~~~~~~~~~~~~~~
                       task13_tb.sv:2:8: ... Location of module with timescale
    2 | module tb;
      |        ^~
%Warning-TIMESCALEMOD: ../../../../../cva6_upstream_reference/vendor/pulp-platform/common_cells/include/../../../../../cva6_upstream_reference/core/cache_subsystem/hpdcache/rtl/src/hpdcache_mshr.sv:27:8: Timescale missing on this module as other modules have it (IEEE 1800-2023 3.14.2.3)
   27 | module hpdcache_mshr
      |        ^~~~~~~~~~~~~
                       task13_tb.sv:2:8: ... Location of module with timescale
    2 | module tb;
      |        ^~
%Warning-TIMESCALEMOD: ../../../../../cva6_upstream_reference/vendor/pulp-platform/common_cells/include/../../../../../cva6_upstream_reference/core/cache_subsystem/hpdcache/rtl/src/hpdcache_rtab.sv:13:8: Timescale missing on this module as other modules have it (IEEE 1800-2023 3.14.2.3)
   13 | module hpdcache_rtab
      |        ^~~~~~~~~~~~~
                       task13_tb.sv:2:8: ... Location of module with timescale
    2 | module tb;
      |        ^~
%Warning-TIMESCALEMOD: ../../../../../cva6_upstream_reference/vendor/pulp-platform/common_cells/include/../../../../../cva6_upstream_reference/core/cache_subsystem/hpdcache/rtl/src/hpdcache_uncached.sv:13:8: Timescale missing on this module as other modules have it (IEEE 1800-2023 3.14.2.3)
   13 | module hpdcache_uncached
      |        ^~~~~~~~~~~~~~~~~
                       task13_tb.sv:2:8: ... Location of module with timescale
    2 | module tb;
      |        ^~
%Warning-TIMESCALEMOD: ../../../../../cva6_upstream_reference/vendor/pulp-platform/common_cells/include/../../../../../cva6_upstream_reference/core/cache_subsystem/hpdcache/rtl/src/hpdcache_victim_plru.sv:27:8: Timescale missing on this module as other modules have it (IEEE 1800-2023 3.14.2.3)
   27 | module hpdcache_victim_plru
      |        ^~~~~~~~~~~~~~~~~~~~
                       task13_tb.sv:2:8: ... Location of module with timescale
    2 | module tb;
      |        ^~
%Warning-TIMESCALEMOD: ../../../../../cva6_upstream_reference/vendor/pulp-platform/common_cells/include/../../../../../cva6_upstream_reference/core/cache_subsystem/hpdcache/rtl/src/hpdcache_victim_random.sv:27:8: Timescale missing on this module as other modules have it (IEEE 1800-2023 3.14.2.3)
   27 | module hpdcache_victim_random
      |        ^~~~~~~~~~~~~~~~~~~~~~
                       task13_tb.sv:2:8: ... Location of module with timescale
    2 | module tb;
      |        ^~
%Warning-TIMESCALEMOD: ../../../../../cva6_upstream_reference/vendor/pulp-platform/common_cells/include/../../../../../cva6_upstream_reference/core/cache_subsystem/hpdcache/rtl/src/hpdcache_victim_sel.sv:27:8: Timescale missing on this module as other modules have it (IEEE 1800-2023 3.14.2.3)
   27 | module hpdcache_victim_sel
      |        ^~~~~~~~~~~~~~~~~~~
                       task13_tb.sv:2:8: ... Location of module with timescale
    2 | module tb;
      |        ^~
%Warning-TIMESCALEMOD: ../../../../../cva6_upstream_reference/vendor/pulp-platform/common_cells/include/../../../../../cva6_upstream_reference/core/cache_subsystem/hpdcache/rtl/src/hpdcache_wbuf.sv:27:8: Timescale missing on this module as other modules have it (IEEE 1800-2023 3.14.2.3)
   27 | module hpdcache_wbuf
      |        ^~~~~~~~~~~~~
                       task13_tb.sv:2:8: ... Location of module with timescale
    2 | module tb;
      |        ^~
%Warning-TIMESCALEMOD: ../../../../../cva6_upstream_reference/vendor/pulp-platform/common_cells/include/../../../../../cva6_upstream_reference/core/cache_subsystem/hpdcache/rtl/src/hpdcache_flush.sv:27:8: Timescale missing on this module as other modules have it (IEEE 1800-2023 3.14.2.3)
   27 | module hpdcache_flush
      |        ^~~~~~~~~~~~~~
                       task13_tb.sv:2:8: ... Location of module with timescale
    2 | module tb;
      |        ^~
%Warning-TIMESCALEMOD: ../../../../../cva6_upstream_reference/vendor/pulp-platform/common_cells/include/../../../../../cva6_upstream_reference/core/cache_subsystem/hpdcache/rtl/src/utils/ecc/prim_secded_36_29_dec.sv:7:8: Timescale missing on this module as other modules have it (IEEE 1800-2023 3.14.2.3)
    7 | module prim_secded_36_29_dec (
      |        ^~~~~~~~~~~~~~~~~~~~~
                       task13_tb.sv:2:8: ... Location of module with timescale
    2 | module tb;
      |        ^~
%Warning-TIMESCALEMOD: ../../../../../cva6_upstream_reference/vendor/pulp-platform/common_cells/include/../../../../../cva6_upstream_reference/core/cache_subsystem/hpdcache/rtl/src/utils/ecc/prim_secded_36_29_enc.sv:7:8: Timescale missing on this module as other modules have it (IEEE 1800-2023 3.14.2.3)
    7 | module prim_secded_36_29_enc (
      |        ^~~~~~~~~~~~~~~~~~~~~
                       task13_tb.sv:2:8: ... Location of module with timescale
    2 | module tb;
      |        ^~
%Warning-TIMESCALEMOD: ../../../../../cva6_upstream_reference/vendor/pulp-platform/common_cells/include/../../../../../cva6_upstream_reference/core/cache_subsystem/hpdcache/rtl/src/utils/ecc/prim_secded_39_32_dec.sv:7:8: Timescale missing on this module as other modules have it (IEEE 1800-2023 3.14.2.3)
    7 | module prim_secded_39_32_dec (
      |        ^~~~~~~~~~~~~~~~~~~~~
                       task13_tb.sv:2:8: ... Location of module with timescale
    2 | module tb;
      |        ^~
%Warning-TIMESCALEMOD: ../../../../../cva6_upstream_reference/vendor/pulp-platform/common_cells/include/../../../../../cva6_upstream_reference/core/cache_subsystem/hpdcache/rtl/src/utils/ecc/prim_secded_39_32_enc.sv:7:8: Timescale missing on this module as other modules have it (IEEE 1800-2023 3.14.2.3)
    7 | module prim_secded_39_32_enc (
      |        ^~~~~~~~~~~~~~~~~~~~~
                       task13_tb.sv:2:8: ... Location of module with timescale
    2 | module tb;
      |        ^~
%Warning-TIMESCALEMOD: ../../../../../cva6_upstream_reference/vendor/pulp-platform/common_cells/include/../../../../../cva6_upstream_reference/core/cache_subsystem/hpdcache/rtl/src/utils/ecc/prim_secded_55_48_dec.sv:7:8: Timescale missing on this module as other modules have it (IEEE 1800-2023 3.14.2.3)
    7 | module prim_secded_55_48_dec (
      |        ^~~~~~~~~~~~~~~~~~~~~
                       task13_tb.sv:2:8: ... Location of module with timescale
    2 | module tb;
      |        ^~
%Warning-TIMESCALEMOD: ../../../../../cva6_upstream_reference/vendor/pulp-platform/common_cells/include/../../../../../cva6_upstream_reference/core/cache_subsystem/hpdcache/rtl/src/utils/ecc/prim_secded_55_48_enc.sv:7:8: Timescale missing on this module as other modules have it (IEEE 1800-2023 3.14.2.3)
    7 | module prim_secded_55_48_enc (
      |        ^~~~~~~~~~~~~~~~~~~~~
                       task13_tb.sv:2:8: ... Location of module with timescale
    2 | module tb;
      |        ^~
%Warning-TIMESCALEMOD: ../../../../../cva6_upstream_reference/vendor/pulp-platform/common_cells/include/../../../../../cva6_upstream_reference/core/cache_subsystem/hpdcache/rtl/src/utils/ecc/prim_secded_72_64_dec.sv:7:8: Timescale missing on this module as other modules have it (IEEE 1800-2023 3.14.2.3)
    7 | module prim_secded_72_64_dec (
      |        ^~~~~~~~~~~~~~~~~~~~~
                       task13_tb.sv:2:8: ... Location of module with timescale
    2 | module tb;
      |        ^~
%Warning-TIMESCALEMOD: ../../../../../cva6_upstream_reference/vendor/pulp-platform/common_cells/include/../../../../../cva6_upstream_reference/core/cache_subsystem/hpdcache/rtl/src/utils/ecc/prim_secded_72_64_enc.sv:7:8: Timescale missing on this module as other modules have it (IEEE 1800-2023 3.14.2.3)
    7 | module prim_secded_72_64_enc (
      |        ^~~~~~~~~~~~~~~~~~~~~
                       task13_tb.sv:2:8: ... Location of module with timescale
    2 | module tb;
      |        ^~
%Warning-TIMESCALEMOD: ../../../../../cva6_upstream_reference/vendor/pulp-platform/common_cells/include/../../../../../cva6_upstream_reference/core/cache_subsystem/hpdcache/rtl/src/utils/ecc/prim_secded_pkg.sv:8:9: Timescale missing on this module as other modules have it (IEEE 1800-2023 3.14.2.3)
    8 | package prim_secded_pkg;
      |         ^~~~~~~~~~~~~~~
                       task13_tb.sv:2:8: ... Location of module with timescale
    2 | module tb;
      |        ^~
%Warning-TIMESCALEMOD: ../../../../../cva6_upstream_reference/vendor/pulp-platform/common_cells/include/../../../../../cva6_upstream_reference/core/cache_subsystem/hpdcache/rtl/src/utils/hpdcache_mem_resp_demux.sv:26:8: Timescale missing on this module as other modules have it (IEEE 1800-2023 3.14.2.3)
   26 | module hpdcache_mem_resp_demux
      |        ^~~~~~~~~~~~~~~~~~~~~~~
                       task13_tb.sv:2:8: ... Location of module with timescale
    2 | module tb;
      |        ^~
%Warning-TIMESCALEMOD: ../../../../../cva6_upstream_reference/vendor/pulp-platform/common_cells/include/../../../../../cva6_upstream_reference/core/cache_subsystem/hpdcache/rtl/src/utils/hpdcache_mem_to_axi_read.sv:26:8: Timescale missing on this module as other modules have it (IEEE 1800-2023 3.14.2.3)
   26 | module hpdcache_mem_to_axi_read
      |        ^~~~~~~~~~~~~~~~~~~~~~~~
                       task13_tb.sv:2:8: ... Location of module with timescale
    2 | module tb;
      |        ^~
%Warning-TIMESCALEMOD: ../../../../../cva6_upstream_reference/vendor/pulp-platform/common_cells/include/../../../../../cva6_upstream_reference/core/cache_subsystem/hpdcache/rtl/src/utils/hpdcache_mem_to_axi_write.sv:26:8: Timescale missing on this module as other modules have it (IEEE 1800-2023 3.14.2.3)
   26 | module hpdcache_mem_to_axi_write
      |        ^~~~~~~~~~~~~~~~~~~~~~~~~
                       task13_tb.sv:2:8: ... Location of module with timescale
    2 | module tb;
      |        ^~
%Warning-TIMESCALEMOD: ../../../../../cva6_upstream_reference/vendor/pulp-platform/common_cells/include/../../../../../cva6_upstream_reference/core/include/dummy_l15_pkg.sv:4:9: Timescale missing on this module as other modules have it (IEEE 1800-2023 3.14.2.3)
    4 | package l15_pkg;
      |         ^~~~~~~
                       task13_tb.sv:2:8: ... Location of module with timescale
    2 | module tb;
      |        ^~
%Warning-TIMESCALEMOD: ../../../../../cva6_upstream_reference/vendor/pulp-platform/common_cells/include/../../../../../cva6_upstream_reference/core/cache_subsystem/cva6_hpdcache_subsystem.sv:15:8: Timescale missing on this module as other modules have it (IEEE 1800-2023 3.14.2.3)
   15 | module cva6_hpdcache_subsystem
      |        ^~~~~~~~~~~~~~~~~~~~~~~
                       task13_tb.sv:2:8: ... Location of module with timescale
    2 | module tb;
      |        ^~
%Warning-TIMESCALEMOD: ../../../../../cva6_upstream_reference/vendor/pulp-platform/common_cells/include/../../../../../cva6_upstream_reference/core/cache_subsystem/cva6_hpdcache_subsystem_axi_arbiter.sv:15:8: Timescale missing on this module as other modules have it (IEEE 1800-2023 3.14.2.3)
   15 | module cva6_hpdcache_subsystem_axi_arbiter
      |        ^~~~~~~~~~~~~~~~~~~~~~~~~~~~~~~~~~~
                       task13_tb.sv:2:8: ... Location of module with timescale
    2 | module tb;
      |        ^~
%Warning-TIMESCALEMOD: ../../../../../cva6_upstream_reference/vendor/pulp-platform/common_cells/include/../../../../../cva6_upstream_reference/core/cache_subsystem/cva6_hpdcache_if_adapter.sv:12:8: Timescale missing on this module as other modules have it (IEEE 1800-2023 3.14.2.3)
   12 | module cva6_hpdcache_if_adapter
      |        ^~~~~~~~~~~~~~~~~~~~~~~~
                       task13_tb.sv:2:8: ... Location of module with timescale
    2 | module tb;
      |        ^~
%Warning-TIMESCALEMOD: ../../../../../cva6_upstream_reference/vendor/pulp-platform/common_cells/include/../../../../../cva6_upstream_reference/core/cache_subsystem/cva6_hpdcache_wrapper.sv:15:8: Timescale missing on this module as other modules have it (IEEE 1800-2023 3.14.2.3)
   15 | module cva6_hpdcache_wrapper
      |        ^~~~~~~~~~~~~~~~~~~~~
                       task13_tb.sv:2:8: ... Location of module with timescale
    2 | module tb;
      |        ^~
%Warning-TIMESCALEMOD: ../../../../../cva6_upstream_reference/vendor/pulp-platform/common_cells/include/../../../../../cva6_upstream_reference/core/cache_subsystem/hpdcache/rtl/src/common/macros/behav/hpdcache_sram_1rw.sv:13:8: Timescale missing on this module as other modules have it (IEEE 1800-2023 3.14.2.3)
   13 | module hpdcache_sram_1rw
      |        ^~~~~~~~~~~~~~~~~
                       task13_tb.sv:2:8: ... Location of module with timescale
    2 | module tb;
      |        ^~
%Warning-TIMESCALEMOD: ../../../../../cva6_upstream_reference/vendor/pulp-platform/common_cells/include/../../../../../cva6_upstream_reference/core/cache_subsystem/hpdcache/rtl/src/common/macros/behav/hpdcache_sram_wbyteenable_1rw.sv:13:8: Timescale missing on this module as other modules have it (IEEE 1800-2023 3.14.2.3)
   13 | module hpdcache_sram_wbyteenable_1rw
      |        ^~~~~~~~~~~~~~~~~~~~~~~~~~~~~
                       task13_tb.sv:2:8: ... Location of module with timescale
    2 | module tb;
      |        ^~
%Warning-TIMESCALEMOD: ../../../../../cva6_upstream_reference/vendor/pulp-platform/common_cells/include/../../../../../cva6_upstream_reference/core/cache_subsystem/hpdcache/rtl/src/common/macros/behav/hpdcache_sram_wmask_1rw.sv:13:8: Timescale missing on this module as other modules have it (IEEE 1800-2023 3.14.2.3)
   13 | module hpdcache_sram_wmask_1rw
      |        ^~~~~~~~~~~~~~~~~~~~~~~
                       task13_tb.sv:2:8: ... Location of module with timescale
    2 | module tb;
      |        ^~
%Warning-TIMESCALEMOD: ../../../../../cva6_upstream_reference/vendor/pulp-platform/common_cells/include/../../../../../cva6_upstream_reference/core/cache_subsystem/hpdcache/rtl/src/common/macros/behav/hpdcache_sram_ecc_1rw.sv:15:8: Timescale missing on this module as other modules have it (IEEE 1800-2023 3.14.2.3)
   15 | module hpdcache_sram_ecc_1rw
      |        ^~~~~~~~~~~~~~~~~~~~~
                       task13_tb.sv:2:8: ... Location of module with timescale
    2 | module tb;
      |        ^~
%Warning-TIMESCALEMOD: ../../../../../cva6_upstream_reference/vendor/pulp-platform/common_cells/include/../../../../../cva6_upstream_reference/core/cache_subsystem/hpdcache/rtl/src/common/macros/behav/hpdcache_sram_wbyteenable_ecc_1rw.sv:15:8: Timescale missing on this module as other modules have it (IEEE 1800-2023 3.14.2.3)
   15 | module hpdcache_sram_wbyteenable_ecc_1rw
      |        ^~~~~~~~~~~~~~~~~~~~~~~~~~~~~~~~~
                       task13_tb.sv:2:8: ... Location of module with timescale
    2 | module tb;
      |        ^~
%Warning-TIMESCALEMOD: ../../../../../cva6_upstream_reference/vendor/pulp-platform/common_cells/include/../../../../../cva6_upstream_reference/core/cache_subsystem/hpdcache/rtl/src/common/macros/behav/hpdcache_sram_wmask_ecc_1rw.sv:15:8: Timescale missing on this module as other modules have it (IEEE 1800-2023 3.14.2.3)
   15 | module hpdcache_sram_wmask_ecc_1rw
      |        ^~~~~~~~~~~~~~~~~~~~~~~~~~~
                       task13_tb.sv:2:8: ... Location of module with timescale
    2 | module tb;
      |        ^~
%Warning-TIMESCALEMOD: ../../../../../cva6_upstream_reference/vendor/pulp-platform/common_cells/include/../../../../../cva6_upstream_reference/core/pmp/src/pmp.sv:15:8: Timescale missing on this module as other modules have it (IEEE 1800-2023 3.14.2.3)
   15 | module pmp
      |        ^~~
                       task13_tb.sv:2:8: ... Location of module with timescale
    2 | module tb;
      |        ^~
%Warning-TIMESCALEMOD: ../../../../../cva6_upstream_reference/vendor/pulp-platform/common_cells/include/../../../../../cva6_upstream_reference/core/pmp/src/pmp_entry.sv:15:8: Timescale missing on this module as other modules have it (IEEE 1800-2023 3.14.2.3)
   15 | module pmp_entry #(
      |        ^~~~~~~~~
                       task13_tb.sv:2:8: ... Location of module with timescale
    2 | module tb;
      |        ^~
%Warning-TIMESCALEMOD: ../../../../../cva6_upstream_reference/vendor/pulp-platform/common_cells/include/../../../../../cva6_upstream_reference/core/pmp/src/pmp_data_if.sv:9:8: Timescale missing on this module as other modules have it (IEEE 1800-2023 3.14.2.3)
    9 | module pmp_data_if
      |        ^~~~~~~~~~~
                       task13_tb.sv:2:8: ... Location of module with timescale
    2 | module tb;
      |        ^~
%Warning-TIMESCALEMOD: ../../../../../cva6_upstream_reference/vendor/pulp-platform/common_cells/include/../../../../../cva6_upstream_reference/common/local/util/tc_sram_wrapper.sv:10:8: Timescale missing on this module as other modules have it (IEEE 1800-2023 3.14.2.3)
   10 | module tc_sram_wrapper #(
      |        ^~~~~~~~~~~~~~~
                       task13_tb.sv:2:8: ... Location of module with timescale
    2 | module tb;
      |        ^~
%Warning-TIMESCALEMOD: ../../../../../cva6_upstream_reference/vendor/pulp-platform/common_cells/include/../../../../../cva6_upstream_reference/common/local/util/tc_sram_wrapper_cache_techno.sv:13:8: Timescale missing on this module as other modules have it (IEEE 1800-2023 3.14.2.3)
   13 | module tc_sram_wrapper_cache_techno #(
      |        ^~~~~~~~~~~~~~~~~~~~~~~~~~~~
                       task13_tb.sv:2:8: ... Location of module with timescale
    2 | module tb;
      |        ^~
%Warning-TIMESCALEMOD: ../../../../../cva6_upstream_reference/vendor/pulp-platform/common_cells/include/../../../../../cva6_upstream_reference/vendor/pulp-platform/tech_cells_generic/src/rtl/tc_sram.sv:56:8: Timescale missing on this module as other modules have it (IEEE 1800-2023 3.14.2.3)
   56 | module tc_sram #(
      |        ^~~~~~~
                       task13_tb.sv:2:8: ... Location of module with timescale
    2 | module tb;
      |        ^~
%Warning-TIMESCALEMOD: ../../../../../cva6_upstream_reference/vendor/pulp-platform/common_cells/include/../../../../../cva6_upstream_reference/common/local/util/sram.sv:21:8: Timescale missing on this module as other modules have it (IEEE 1800-2023 3.14.2.3)
   21 | module sram #(
      |        ^~~~
                       task13_tb.sv:2:8: ... Location of module with timescale
    2 | module tb;
      |        ^~
%Warning-TIMESCALEMOD: ../../../../../cva6_upstream_reference/vendor/pulp-platform/common_cells/include/../../../../../cva6_upstream_reference/common/local/util/sram_cache.sv:21:8: Timescale missing on this module as other modules have it (IEEE 1800-2023 3.14.2.3)
   21 | module sram_cache #(
      |        ^~~~~~~~~~
                       task13_tb.sv:2:8: ... Location of module with timescale
    2 | module tb;
      |        ^~
%Warning-TIMESCALEMOD: ../../../../../cva6_upstream_reference/vendor/pulp-platform/common_cells/include/../../../../../cva6_upstream_reference/core/cva6_mmu/cva6_mmu.sv:25:8: Timescale missing on this module as other modules have it (IEEE 1800-2023 3.14.2.3)
   25 | module cva6_mmu
      |        ^~~~~~~~
                       task13_tb.sv:2:8: ... Location of module with timescale
    2 | module tb;
      |        ^~
%Warning-TIMESCALEMOD: ../../../../../cva6_upstream_reference/vendor/pulp-platform/common_cells/include/../../../../../cva6_upstream_reference/core/cva6_mmu/cva6_ptw.sv:23:8: Timescale missing on this module as other modules have it (IEEE 1800-2023 3.14.2.3)
   23 | module cva6_ptw
      |        ^~~~~~~~
                       task13_tb.sv:2:8: ... Location of module with timescale
    2 | module tb;
      |        ^~
%Warning-TIMESCALEMOD: ../../../../../cva6_upstream_reference/vendor/pulp-platform/common_cells/include/../../../../../cva6_upstream_reference/core/cva6_mmu/cva6_tlb.sv:24:8: Timescale missing on this module as other modules have it (IEEE 1800-2023 3.14.2.3)
   24 | module cva6_tlb
      |        ^~~~~~~~
                       task13_tb.sv:2:8: ... Location of module with timescale
    2 | module tb;
      |        ^~
%Warning-TIMESCALEMOD: ../../../../../cva6_upstream_reference/vendor/pulp-platform/common_cells/include/../../../../../cva6_upstream_reference/core/cva6_mmu/cva6_shared_tlb.sv:23:8: Timescale missing on this module as other modules have it (IEEE 1800-2023 3.14.2.3)
   23 | module cva6_shared_tlb #(
      |        ^~~~~~~~~~~~~~~
                       task13_tb.sv:2:8: ... Location of module with timescale
    2 | module tb;
      |        ^~
%Warning-TIMESCALEMOD: ../../../../../cva6_upstream_reference/vendor/pulp-platform/common_cells/include/../../../../../../src/myfuzz/protocols/rtl/axi4_processor_memory_adapter.sv:1:8: Timescale missing on this module as other modules have it (IEEE 1800-2023 3.14.2.3)
    1 | module axi4_processor_memory_adapter #(
      |        ^~~~~~~~~~~~~~~~~~~~~~~~~~~~~
                       task13_tb.sv:2:8: ... Location of module with timescale
    2 | module tb;
      |        ^~
%Warning-TIMESCALEMOD: ../../../../../cva6_upstream_reference/vendor/pulp-platform/common_cells/include/../../../../../../src/myfuzz/integration/rtl/riscv_boot_memory.sv:1:8: Timescale missing on this module as other modules have it (IEEE 1800-2023 3.14.2.3)
    1 | module riscv_boot_memory_32 (
      |        ^~~~~~~~~~~~~~~~~~~~
                       task13_tb.sv:2:8: ... Location of module with timescale
    2 | module tb;
      |        ^~
%Warning-TIMESCALEMOD: ../../../../../cva6_upstream_reference/vendor/pulp-platform/common_cells/include/../../../../../../src/myfuzz/integration/rtl/riscv_boot_memory.sv:67:8: Timescale missing on this module as other modules have it (IEEE 1800-2023 3.14.2.3)
   67 | module riscv_boot_memory_64 (
      |        ^~~~~~~~~~~~~~~~~~~~
                       task13_tb.sv:2:8: ... Location of module with timescale
    2 | module tb;
      |        ^~
%Warning-TIMESCALEMOD: generic_composition_top.sv:2:8: Timescale missing on this module as other modules have it (IEEE 1800-2023 3.14.2.3)
    2 | module generic_composition_top (
      |        ^~~~~~~~~~~~~~~~~~~~~~~
                       task13_tb.sv:2:8: ... Location of module with timescale
    2 | module tb;
      |        ^~
%Warning-TIMESCALEMOD: generic_composition_top.sv:215:8: Timescale missing on this module as other modules have it (IEEE 1800-2023 3.14.2.3)
  215 | module myfuzz_processor_memory_backend (
      |        ^~~~~~~~~~~~~~~~~~~~~~~~~~~~~~~
                       task13_tb.sv:2:8: ... Location of module with timescale
    2 | module tb;
      |        ^~
%Warning-TIMESCALEMOD: ../../../../../cva6_upstream_reference/vendor/pulp-platform/common_cells/src/spill_register.sv:17:8: Timescale missing on this module as other modules have it (IEEE 1800-2023 3.14.2.3)
   17 | module spill_register #(
      |        ^~~~~~~~~~~~~~
                       ../../../../../cva6_upstream_reference/vendor/pulp-platform/common_cells/include/../../../../../cva6_upstream_reference/core/acc_dispatcher.sv:225:1: ... note: In file included from 'acc_dispatcher.sv'
                       task13_tb.sv:2:8: ... Location of module with timescale
    2 | module tb;
      |        ^~
%Warning-TIMESCALEMOD: ../../../../../cva6_upstream_reference/vendor/pulp-platform/common_cells/src/spill_register_flushable.sv:17:8: Timescale missing on this module as other modules have it (IEEE 1800-2023 3.14.2.3)
   17 | module spill_register_flushable #(
      |        ^~~~~~~~~~~~~~~~~~~~~~~~
                       ../../../../../cva6_upstream_reference/vendor/pulp-platform/common_cells/src/spill_register.sv:36:1: ... note: In file included from 'spill_register.sv'
                       ../../../../../cva6_upstream_reference/vendor/pulp-platform/common_cells/include/../../../../../cva6_upstream_reference/core/acc_dispatcher.sv:225:1: ... note: In file included from 'acc_dispatcher.sv'
                       task13_tb.sv:2:8: ... Location of module with timescale
    2 | module tb;
      |        ^~
%Warning-IMPLICITSTATIC: ../../../../../cva6_upstream_reference/vendor/pulp-platform/common_cells/include/../../../../../cva6_upstream_reference/core/cva6.sv:1874:12: Variable's lifetime implicitly set to static (IEEE 1800-2023 6.21)
                                                                                                                                                                     : ... The initializer value will only be set once
                                                                                                                                                                     : ... Suggest use 'static' before variable declaration'
 1874 |       byte mode = "";
      |            ^~~~
                         ... For warning description see https://verilator.org/warn/IMPLICITSTATIC?v=5.051
                         ... Use "/* verilator lint_off IMPLICITSTATIC */" and lint_on around source to disable this message.
%Warning-ASCRANGE: ../../../../../cva6_upstream_reference/vendor/pulp-platform/common_cells/include/../../../../../cva6_upstream_reference/core/cvfpu/src/fpnew_cast_multi.sv:117:27: Ascending bit range vector: left < right of bit range: [0:1]
                                                                                                                                                                                    : ... note: In instance 'tb.dut.u_4fc0e2ef899df534.ex_stage_i.fpu_gen.fpu_i.fpu_gen.i_fpnew_bulk.gen_operation_groups[3].i_opgroup_block.gen_merged_slice.i_multifmt_slice.gen_num_lanes[0].active_lane....lane_instance.i_fpnew_cast_multi'
  117 |   logic                   [0:NUM_INP_REGS][WIDTH-1:0]       inp_pipe_operands_q;
      |                           ^
                   ... For warning description see https://verilator.org/warn/ASCRANGE?v=5.051
                   ... Use "/* verilator lint_off ASCRANGE */" and lint_on around source to disable this message.
%Warning-ASCRANGE: ../../../../../cva6_upstream_reference/vendor/pulp-platform/common_cells/include/../../../../../cva6_upstream_reference/core/cvfpu/src/fpnew_cast_multi.sv:118:27: Ascending bit range vector: left < right of bit range: [0:1]
                                                                                                                                                                                    : ... note: In instance 'tb.dut.u_4fc0e2ef899df534.ex_stage_i.fpu_gen.fpu_i.fpu_gen.i_fpnew_bulk.gen_operation_groups[3].i_opgroup_block.gen_merged_slice.i_multifmt_slice.gen_num_lanes[0].active_lane....lane_instance.i_fpnew_cast_multi'
  118 |   logic                   [0:NUM_INP_REGS][NUM_FORMATS-1:0] inp_pipe_is_boxed_q;
      |                           ^
%Warning-ASCRANGE: ../../../../../cva6_upstream_reference/vendor/pulp-platform/common_cells/include/../../../../../cva6_upstream_reference/core/cvfpu/src/fpnew_cast_multi.sv:119:27: Ascending bit range vector: left < right of bit range: [0:1]
                                                                                                                                                                                    : ... note: In instance 'tb.dut.u_4fc0e2ef899df534.ex_stage_i.fpu_gen.fpu_i.fpu_gen.i_fpnew_bulk.gen_operation_groups[3].i_opgroup_block.gen_merged_slice.i_multifmt_slice.gen_num_lanes[0].active_lane....lane_instance.i_fpnew_cast_multi'
  119 |   fpnew_pkg::roundmode_e  [0:NUM_INP_REGS]                  inp_pipe_rnd_mode_q;
      |                           ^
%Warning-ASCRANGE: ../../../../../cva6_upstream_reference/vendor/pulp-platform/common_cells/include/../../../../../cva6_upstream_reference/core/cvfpu/src/fpnew_cast_multi.sv:120:27: Ascending bit range vector: left < right of bit range: [0:1]
                                                                                                                                                                                    : ... note: In instance 'tb.dut.u_4fc0e2ef899df534.ex_stage_i.fpu_gen.fpu_i.fpu_gen.i_fpnew_bulk.gen_operation_groups[3].i_opgroup_block.gen_merged_slice.i_multifmt_slice.gen_num_lanes[0].active_lane....lane_instance.i_fpnew_cast_multi'
  120 |   fpnew_pkg::operation_e  [0:NUM_INP_REGS]                  inp_pipe_op_q;
      |                           ^
%Warning-ASCRANGE: ../../../../../cva6_upstream_reference/vendor/pulp-platform/common_cells/include/../../../../../cva6_upstream_reference/core/cvfpu/src/fpnew_cast_multi.sv:121:27: Ascending bit range vector: left < right of bit range: [0:1]
                                                                                                                                                                                    : ... note: In instance 'tb.dut.u_4fc0e2ef899df534.ex_stage_i.fpu_gen.fpu_i.fpu_gen.i_fpnew_bulk.gen_operation_groups[3].i_opgroup_block.gen_merged_slice.i_multifmt_slice.gen_num_lanes[0].active_lane....lane_instance.i_fpnew_cast_multi'
  121 |   logic                   [0:NUM_INP_REGS]                  inp_pipe_op_mod_q;
      |                           ^
%Warning-ASCRANGE: ../../../../../cva6_upstream_reference/vendor/pulp-platform/common_cells/include/../../../../../cva6_upstream_reference/core/cvfpu/src/fpnew_cast_multi.sv:122:27: Ascending bit range vector: left < right of bit range: [0:1]
                                                                                                                                                                                    : ... note: In instance 'tb.dut.u_4fc0e2ef899df534.ex_stage_i.fpu_gen.fpu_i.fpu_gen.i_fpnew_bulk.gen_operation_groups[3].i_opgroup_block.gen_merged_slice.i_multifmt_slice.gen_num_lanes[0].active_lane....lane_instance.i_fpnew_cast_multi'
  122 |   fpnew_pkg::fp_format_e  [0:NUM_INP_REGS]                  inp_pipe_src_fmt_q;
      |                           ^
%Warning-ASCRANGE: ../../../../../cva6_upstream_reference/vendor/pulp-platform/common_cells/include/../../../../../cva6_upstream_reference/core/cvfpu/src/fpnew_cast_multi.sv:123:27: Ascending bit range vector: left < right of bit range: [0:1]
                                                                                                                                                                                    : ... note: In instance 'tb.dut.u_4fc0e2ef899df534.ex_stage_i.fpu_gen.fpu_i.fpu_gen.i_fpnew_bulk.gen_operation_groups[3].i_opgroup_block.gen_merged_slice.i_multifmt_slice.gen_num_lanes[0].active_lane....lane_instance.i_fpnew_cast_multi'
  123 |   fpnew_pkg::fp_format_e  [0:NUM_INP_REGS]                  inp_pipe_dst_fmt_q;
      |                           ^
%Warning-ASCRANGE: ../../../../../cva6_upstream_reference/vendor/pulp-platform/common_cells/include/../../../../../cva6_upstream_reference/core/cvfpu/src/fpnew_cast_multi.sv:124:27: Ascending bit range vector: left < right of bit range: [0:1]
                                                                                                                                                                                    : ... note: In instance 'tb.dut.u_4fc0e2ef899df534.ex_stage_i.fpu_gen.fpu_i.fpu_gen.i_fpnew_bulk.gen_operation_groups[3].i_opgroup_block.gen_merged_slice.i_multifmt_slice.gen_num_lanes[0].active_lane....lane_instance.i_fpnew_cast_multi'
  124 |   fpnew_pkg::int_format_e [0:NUM_INP_REGS]                  inp_pipe_int_fmt_q;
      |                           ^
%Warning-ASCRANGE: ../../../../../cva6_upstream_reference/vendor/pulp-platform/common_cells/include/../../../../../cva6_upstream_reference/core/cvfpu/src/fpnew_cast_multi.sv:125:27: Ascending bit range vector: left < right of bit range: [0:1]
                                                                                                                                                                                    : ... note: In instance 'tb.dut.u_4fc0e2ef899df534.ex_stage_i.fpu_gen.fpu_i.fpu_gen.i_fpnew_bulk.gen_operation_groups[3].i_opgroup_block.gen_merged_slice.i_multifmt_slice.gen_num_lanes[0].active_lane....lane_instance.i_fpnew_cast_multi'
  125 |   TagType                 [0:NUM_INP_REGS]                  inp_pipe_tag_q;
      |                           ^
%Warning-ASCRANGE: ../../../../../cva6_upstream_reference/vendor/pulp-platform/common_cells/include/../../../../../cva6_upstream_reference/core/cvfpu/src/fpnew_cast_multi.sv:126:27: Ascending bit range vector: left < right of bit range: [0:1]
                                                                                                                                                                                    : ... note: In instance 'tb.dut.u_4fc0e2ef899df534.ex_stage_i.fpu_gen.fpu_i.fpu_gen.i_fpnew_bulk.gen_operation_groups[3].i_opgroup_block.gen_merged_slice.i_multifmt_slice.gen_num_lanes[0].active_lane....lane_instance.i_fpnew_cast_multi'
  126 |   logic                   [0:NUM_INP_REGS]                  inp_pipe_mask_q;
      |                           ^
%Warning-ASCRANGE: ../../../../../cva6_upstream_reference/vendor/pulp-platform/common_cells/include/../../../../../cva6_upstream_reference/core/cvfpu/src/fpnew_cast_multi.sv:127:27: Ascending bit range vector: left < right of bit range: [0:1]
                                                                                                                                                                                    : ... note: In instance 'tb.dut.u_4fc0e2ef899df534.ex_stage_i.fpu_gen.fpu_i.fpu_gen.i_fpnew_bulk.gen_operation_groups[3].i_opgroup_block.gen_merged_slice.i_multifmt_slice.gen_num_lanes[0].active_lane....lane_instance.i_fpnew_cast_multi'
  127 |   AuxType                 [0:NUM_INP_REGS]                  inp_pipe_aux_q;
      |                           ^
%Warning-ASCRANGE: ../../../../../cva6_upstream_reference/vendor/pulp-platform/common_cells/include/../../../../../cva6_upstream_reference/core/cvfpu/src/fpnew_cast_multi.sv:128:27: Ascending bit range vector: left < right of bit range: [0:1]
                                                                                                                                                                                    : ... note: In instance 'tb.dut.u_4fc0e2ef899df534.ex_stage_i.fpu_gen.fpu_i.fpu_gen.i_fpnew_bulk.gen_operation_groups[3].i_opgroup_block.gen_merged_slice.i_multifmt_slice.gen_num_lanes[0].active_lane....lane_instance.i_fpnew_cast_multi'
  128 |   logic                   [0:NUM_INP_REGS]                  inp_pipe_valid_q;
      |                           ^
%Warning-ASCRANGE: ../../../../../cva6_upstream_reference/vendor/pulp-platform/common_cells/include/../../../../../cva6_upstream_reference/core/cvfpu/src/fpnew_cast_multi.sv:130:9: Ascending bit range vector: left < right of bit range: [0:1]
                                                                                                                                                                                   : ... note: In instance 'tb.dut.u_4fc0e2ef899df534.ex_stage_i.fpu_gen.fpu_i.fpu_gen.i_fpnew_bulk.gen_operation_groups[3].i_opgroup_block.gen_merged_slice.i_multifmt_slice.gen_num_lanes[0].active_lane....lane_instance.i_fpnew_cast_multi'
  130 |   logic [0:NUM_INP_REGS] inp_pipe_ready;
      |         ^
%Warning-ASCRANGE: ../../../../../cva6_upstream_reference/vendor/pulp-platform/common_cells/include/../../../../../cva6_upstream_reference/core/cvfpu/src/fpnew_pkg.sv:50:28: Ascending bit range vector: left < right of bit range: [0:4]
   50 |   localparam fp_encoding_t [0:NUM_FP_FORMATS-1] FP_ENCODINGS  = '{
      |                            ^
%Warning-ASCRANGE: ../../../../../cva6_upstream_reference/vendor/pulp-platform/common_cells/include/../../../../../cva6_upstream_reference/core/cvfpu/src/fpnew_cast_multi.sv:331:27: Ascending bit range vector: left < right of bit range: [0:1]
                                                                                                                                                                                    : ... note: In instance 'tb.dut.u_4fc0e2ef899df534.ex_stage_i.fpu_gen.fpu_i.fpu_gen.i_fpnew_bulk.gen_operation_groups[3].i_opgroup_block.gen_merged_slice.i_multifmt_slice.gen_num_lanes[0].active_lane....lane_instance.i_fpnew_cast_multi'
  331 |   logic                   [0:NUM_MID_REGS]                    mid_pipe_input_sign_q;
      |                           ^
%Warning-ASCRANGE: ../../../../../cva6_upstream_reference/vendor/pulp-platform/common_cells/include/../../../../../cva6_upstream_reference/core/cvfpu/src/fpnew_cast_multi.sv:332:27: Ascending bit range vector: left < right of bit range: [0:1]
                                                                                                                                                                                    : ... note: In instance 'tb.dut.u_4fc0e2ef899df534.ex_stage_i.fpu_gen.fpu_i.fpu_gen.i_fpnew_bulk.gen_operation_groups[3].i_opgroup_block.gen_merged_slice.i_multifmt_slice.gen_num_lanes[0].active_lane....lane_instance.i_fpnew_cast_multi'
  332 |   logic signed            [0:NUM_MID_REGS][INT_EXP_WIDTH-1:0] mid_pipe_input_exp_q;
      |                           ^
%Warning-ASCRANGE: ../../../../../cva6_upstream_reference/vendor/pulp-platform/common_cells/include/../../../../../cva6_upstream_reference/core/cvfpu/src/fpnew_cast_multi.sv:333:27: Ascending bit range vector: left < right of bit range: [0:1]
                                                                                                                                                                                    : ... note: In instance 'tb.dut.u_4fc0e2ef899df534.ex_stage_i.fpu_gen.fpu_i.fpu_gen.i_fpnew_bulk.gen_operation_groups[3].i_opgroup_block.gen_merged_slice.i_multifmt_slice.gen_num_lanes[0].active_lane....lane_instance.i_fpnew_cast_multi'
  333 |   logic                   [0:NUM_MID_REGS][INT_MAN_WIDTH-1:0] mid_pipe_input_mant_q;
      |                           ^
%Warning-ASCRANGE: ../../../../../cva6_upstream_reference/vendor/pulp-platform/common_cells/include/../../../../../cva6_upstream_reference/core/cvfpu/src/fpnew_cast_multi.sv:334:27: Ascending bit range vector: left < right of bit range: [0:1]
                                                                                                                                                                                    : ... note: In instance 'tb.dut.u_4fc0e2ef899df534.ex_stage_i.fpu_gen.fpu_i.fpu_gen.i_fpnew_bulk.gen_operation_groups[3].i_opgroup_block.gen_merged_slice.i_multifmt_slice.gen_num_lanes[0].active_lane....lane_instance.i_fpnew_cast_multi'
  334 |   logic signed            [0:NUM_MID_REGS][INT_EXP_WIDTH-1:0] mid_pipe_dest_exp_q;
      |                           ^
%Warning-ASCRANGE: ../../../../../cva6_upstream_reference/vendor/pulp-platform/common_cells/include/../../../../../cva6_upstream_reference/core/cvfpu/src/fpnew_cast_multi.sv:335:27: Ascending bit range vector: left < right of bit range: [0:1]
                                                                                                                                                                                    : ... note: In instance 'tb.dut.u_4fc0e2ef899df534.ex_stage_i.fpu_gen.fpu_i.fpu_gen.i_fpnew_bulk.gen_operation_groups[3].i_opgroup_block.gen_merged_slice.i_multifmt_slice.gen_num_lanes[0].active_lane....lane_instance.i_fpnew_cast_multi'
  335 |   logic                   [0:NUM_MID_REGS]                    mid_pipe_src_is_int_q;
      |                           ^
%Warning-ASCRANGE: ../../../../../cva6_upstream_reference/vendor/pulp-platform/common_cells/include/../../../../../cva6_upstream_reference/core/cvfpu/src/fpnew_cast_multi.sv:336:27: Ascending bit range vector: left < right of bit range: [0:1]
                                                                                                                                                                                    : ... note: In instance 'tb.dut.u_4fc0e2ef899df534.ex_stage_i.fpu_gen.fpu_i.fpu_gen.i_fpnew_bulk.gen_operation_groups[3].i_opgroup_block.gen_merged_slice.i_multifmt_slice.gen_num_lanes[0].active_lane....lane_instance.i_fpnew_cast_multi'
  336 |   logic                   [0:NUM_MID_REGS]                    mid_pipe_dst_is_int_q;
      |                           ^
%Warning-ASCRANGE: ../../../../../cva6_upstream_reference/vendor/pulp-platform/common_cells/include/../../../../../cva6_upstream_reference/core/cvfpu/src/fpnew_cast_multi.sv:337:27: Ascending bit range vector: left < right of bit range: [0:1]
                                                                                                                                                                                    : ... note: In instance 'tb.dut.u_4fc0e2ef899df534.ex_stage_i.fpu_gen.fpu_i.fpu_gen.i_fpnew_bulk.gen_operation_groups[3].i_opgroup_block.gen_merged_slice.i_multifmt_slice.gen_num_lanes[0].active_lane....lane_instance.i_fpnew_cast_multi'
  337 |   fpnew_pkg::fp_info_t    [0:NUM_MID_REGS]                    mid_pipe_info_q;
      |                           ^
%Warning-ASCRANGE: ../../../../../cva6_upstream_reference/vendor/pulp-platform/common_cells/include/../../../../../cva6_upstream_reference/core/cvfpu/src/fpnew_cast_multi.sv:338:27: Ascending bit range vector: left < right of bit range: [0:1]
                                                                                                                                                                                    : ... note: In instance 'tb.dut.u_4fc0e2ef899df534.ex_stage_i.fpu_gen.fpu_i.fpu_gen.i_fpnew_bulk.gen_operation_groups[3].i_opgroup_block.gen_merged_slice.i_multifmt_slice.gen_num_lanes[0].active_lane....lane_instance.i_fpnew_cast_multi'
  338 |   logic                   [0:NUM_MID_REGS]                    mid_pipe_mant_zero_q;
      |                           ^
%Warning-ASCRANGE: ../../../../../cva6_upstream_reference/vendor/pulp-platform/common_cells/include/../../../../../cva6_upstream_reference/core/cvfpu/src/fpnew_cast_multi.sv:339:27: Ascending bit range vector: left < right of bit range: [0:1]
                                                                                                                                                                                    : ... note: In instance 'tb.dut.u_4fc0e2ef899df534.ex_stage_i.fpu_gen.fpu_i.fpu_gen.i_fpnew_bulk.gen_operation_groups[3].i_opgroup_block.gen_merged_slice.i_multifmt_slice.gen_num_lanes[0].active_lane....lane_instance.i_fpnew_cast_multi'
  339 |   logic                   [0:NUM_MID_REGS]                    mid_pipe_op_mod_q;
      |                           ^
%Warning-ASCRANGE: ../../../../../cva6_upstream_reference/vendor/pulp-platform/common_cells/include/../../../../../cva6_upstream_reference/core/cvfpu/src/fpnew_cast_multi.sv:340:27: Ascending bit range vector: left < right of bit range: [0:1]
                                                                                                                                                                                    : ... note: In instance 'tb.dut.u_4fc0e2ef899df534.ex_stage_i.fpu_gen.fpu_i.fpu_gen.i_fpnew_bulk.gen_operation_groups[3].i_opgroup_block.gen_merged_slice.i_multifmt_slice.gen_num_lanes[0].active_lane....lane_instance.i_fpnew_cast_multi'
  340 |   fpnew_pkg::roundmode_e  [0:NUM_MID_REGS]                    mid_pipe_rnd_mode_q;
      |                           ^
%Warning-ASCRANGE: ../../../../../cva6_upstream_reference/vendor/pulp-platform/common_cells/include/../../../../../cva6_upstream_reference/core/cvfpu/src/fpnew_cast_multi.sv:341:27: Ascending bit range vector: left < right of bit range: [0:1]
                                                                                                                                                                                    : ... note: In instance 'tb.dut.u_4fc0e2ef899df534.ex_stage_i.fpu_gen.fpu_i.fpu_gen.i_fpnew_bulk.gen_operation_groups[3].i_opgroup_block.gen_merged_slice.i_multifmt_slice.gen_num_lanes[0].active_lane....lane_instance.i_fpnew_cast_multi'
  341 |   fpnew_pkg::fp_format_e  [0:NUM_MID_REGS]                    mid_pipe_src_fmt_q;
      |                           ^
%Warning-ASCRANGE: ../../../../../cva6_upstream_reference/vendor/pulp-platform/common_cells/include/../../../../../cva6_upstream_reference/core/cvfpu/src/fpnew_cast_multi.sv:342:27: Ascending bit range vector: left < right of bit range: [0:1]
                                                                                                                                                                                    : ... note: In instance 'tb.dut.u_4fc0e2ef899df534.ex_stage_i.fpu_gen.fpu_i.fpu_gen.i_fpnew_bulk.gen_operation_groups[3].i_opgroup_block.gen_merged_slice.i_multifmt_slice.gen_num_lanes[0].active_lane....lane_instance.i_fpnew_cast_multi'
  342 |   fpnew_pkg::fp_format_e  [0:NUM_MID_REGS]                    mid_pipe_dst_fmt_q;
      |                           ^
%Warning-ASCRANGE: ../../../../../cva6_upstream_reference/vendor/pulp-platform/common_cells/include/../../../../../cva6_upstream_reference/core/cvfpu/src/fpnew_cast_multi.sv:343:27: Ascending bit range vector: left < right of bit range: [0:1]
                                                                                                                                                                                    : ... note: In instance 'tb.dut.u_4fc0e2ef899df534.ex_stage_i.fpu_gen.fpu_i.fpu_gen.i_fpnew_bulk.gen_operation_groups[3].i_opgroup_block.gen_merged_slice.i_multifmt_slice.gen_num_lanes[0].active_lane....lane_instance.i_fpnew_cast_multi'
  343 |   fpnew_pkg::int_format_e [0:NUM_MID_REGS]                    mid_pipe_int_fmt_q;
      |                           ^
%Warning-ASCRANGE: ../../../../../cva6_upstream_reference/vendor/pulp-platform/common_cells/include/../../../../../cva6_upstream_reference/core/cvfpu/src/fpnew_cast_multi.sv:344:27: Ascending bit range vector: left < right of bit range: [0:1]
                                                                                                                                                                                    : ... note: In instance 'tb.dut.u_4fc0e2ef899df534.ex_stage_i.fpu_gen.fpu_i.fpu_gen.i_fpnew_bulk.gen_operation_groups[3].i_opgroup_block.gen_merged_slice.i_multifmt_slice.gen_num_lanes[0].active_lane....lane_instance.i_fpnew_cast_multi'
  344 |   TagType                 [0:NUM_MID_REGS]                    mid_pipe_tag_q;
      |                           ^
%Warning-ASCRANGE: ../../../../../cva6_upstream_reference/vendor/pulp-platform/common_cells/include/../../../../../cva6_upstream_reference/core/cvfpu/src/fpnew_cast_multi.sv:345:27: Ascending bit range vector: left < right of bit range: [0:1]
                                                                                                                                                                                    : ... note: In instance 'tb.dut.u_4fc0e2ef899df534.ex_stage_i.fpu_gen.fpu_i.fpu_gen.i_fpnew_bulk.gen_operation_groups[3].i_opgroup_block.gen_merged_slice.i_multifmt_slice.gen_num_lanes[0].active_lane....lane_instance.i_fpnew_cast_multi'
  345 |   logic                   [0:NUM_MID_REGS]                    mid_pipe_mask_q;
      |                           ^
%Warning-ASCRANGE: ../../../../../cva6_upstream_reference/vendor/pulp-platform/common_cells/include/../../../../../cva6_upstream_reference/core/cvfpu/src/fpnew_cast_multi.sv:346:27: Ascending bit range vector: left < right of bit range: [0:1]
                                                                                                                                                                                    : ... note: In instance 'tb.dut.u_4fc0e2ef899df534.ex_stage_i.fpu_gen.fpu_i.fpu_gen.i_fpnew_bulk.gen_operation_groups[3].i_opgroup_block.gen_merged_slice.i_multifmt_slice.gen_num_lanes[0].active_lane....lane_instance.i_fpnew_cast_multi'
  346 |   AuxType                 [0:NUM_MID_REGS]                    mid_pipe_aux_q;
      |                           ^
%Warning-ASCRANGE: ../../../../../cva6_upstream_reference/vendor/pulp-platform/common_cells/include/../../../../../cva6_upstream_reference/core/cvfpu/src/fpnew_cast_multi.sv:347:27: Ascending bit range vector: left < right of bit range: [0:1]
                                                                                                                                                                                    : ... note: In instance 'tb.dut.u_4fc0e2ef899df534.ex_stage_i.fpu_gen.fpu_i.fpu_gen.i_fpnew_bulk.gen_operation_groups[3].i_opgroup_block.gen_merged_slice.i_multifmt_slice.gen_num_lanes[0].active_lane....lane_instance.i_fpnew_cast_multi'
  347 |   logic                   [0:NUM_MID_REGS]                    mid_pipe_valid_q;
      |                           ^
%Warning-ASCRANGE: ../../../../../cva6_upstream_reference/vendor/pulp-platform/common_cells/include/../../../../../cva6_upstream_reference/core/cvfpu/src/fpnew_cast_multi.sv:349:9: Ascending bit range vector: left < right of bit range: [0:1]
                                                                                                                                                                                   : ... note: In instance 'tb.dut.u_4fc0e2ef899df534.ex_stage_i.fpu_gen.fpu_i.fpu_gen.i_fpnew_bulk.gen_operation_groups[3].i_opgroup_block.gen_merged_slice.i_multifmt_slice.gen_num_lanes[0].active_lane....lane_instance.i_fpnew_cast_multi'
  349 |   logic [0:NUM_MID_REGS] mid_pipe_ready;
      |         ^
%Warning-ASCRANGE: ../../../../../cva6_upstream_reference/vendor/pulp-platform/common_cells/include/../../../../../cva6_upstream_reference/core/cvfpu/src/fpnew_noncomp.sv:93:26: Ascending bit range vector: left < right of bit range: [0:1]
                                                                                                                                                                                : ... note: In instance 'tb.dut.u_4fc0e2ef899df534.ex_stage_i.fpu_gen.fpu_i.fpu_gen.i_fpnew_bulk.gen_operation_groups[2].i_opgroup_block.gen_parallel_slices[1].active_format.i_fmt_slice.gen_num_lanes[0].active_lane...lane_instance.i_noncomp'
   93 |   logic                  [0:NUM_INP_REGS][1:0][WIDTH-1:0] inp_pipe_operands_q;
      |                          ^
%Warning-ASCRANGE: ../../../../../cva6_upstream_reference/vendor/pulp-platform/common_cells/include/../../../../../cva6_upstream_reference/core/cvfpu/src/fpnew_noncomp.sv:94:26: Ascending bit range vector: left < right of bit range: [0:1]
                                                                                                                                                                                : ... note: In instance 'tb.dut.u_4fc0e2ef899df534.ex_stage_i.fpu_gen.fpu_i.fpu_gen.i_fpnew_bulk.gen_operation_groups[2].i_opgroup_block.gen_parallel_slices[1].active_format.i_fmt_slice.gen_num_lanes[0].active_lane...lane_instance.i_noncomp'
   94 |   logic                  [0:NUM_INP_REGS][1:0]            inp_pipe_is_boxed_q;
      |                          ^
%Warning-ASCRANGE: ../../../../../cva6_upstream_reference/vendor/pulp-platform/common_cells/include/../../../../../cva6_upstream_reference/core/cvfpu/src/fpnew_noncomp.sv:95:26: Ascending bit range vector: left < right of bit range: [0:1]
                                                                                                                                                                                : ... note: In instance 'tb.dut.u_4fc0e2ef899df534.ex_stage_i.fpu_gen.fpu_i.fpu_gen.i_fpnew_bulk.gen_operation_groups[2].i_opgroup_block.gen_parallel_slices[1].active_format.i_fmt_slice.gen_num_lanes[0].active_lane...lane_instance.i_noncomp'
   95 |   fpnew_pkg::roundmode_e [0:NUM_INP_REGS]                 inp_pipe_rnd_mode_q;
      |                          ^
%Warning-ASCRANGE: ../../../../../cva6_upstream_reference/vendor/pulp-platform/common_cells/include/../../../../../cva6_upstream_reference/core/cvfpu/src/fpnew_noncomp.sv:96:26: Ascending bit range vector: left < right of bit range: [0:1]
                                                                                                                                                                                : ... note: In instance 'tb.dut.u_4fc0e2ef899df534.ex_stage_i.fpu_gen.fpu_i.fpu_gen.i_fpnew_bulk.gen_operation_groups[2].i_opgroup_block.gen_parallel_slices[1].active_format.i_fmt_slice.gen_num_lanes[0].active_lane...lane_instance.i_noncomp'
   96 |   fpnew_pkg::operation_e [0:NUM_INP_REGS]                 inp_pipe_op_q;
      |                          ^
%Warning-ASCRANGE: ../../../../../cva6_upstream_reference/vendor/pulp-platform/common_cells/include/../../../../../cva6_upstream_reference/core/cvfpu/src/fpnew_noncomp.sv:97:26: Ascending bit range vector: left < right of bit range: [0:1]
                                                                                                                                                                                : ... note: In instance 'tb.dut.u_4fc0e2ef899df534.ex_stage_i.fpu_gen.fpu_i.fpu_gen.i_fpnew_bulk.gen_operation_groups[2].i_opgroup_block.gen_parallel_slices[1].active_format.i_fmt_slice.gen_num_lanes[0].active_lane...lane_instance.i_noncomp'
   97 |   logic                  [0:NUM_INP_REGS]                 inp_pipe_op_mod_q;
      |                          ^
%Warning-ASCRANGE: ../../../../../cva6_upstream_reference/vendor/pulp-platform/common_cells/include/../../../../../cva6_upstream_reference/core/cvfpu/src/fpnew_noncomp.sv:98:26: Ascending bit range vector: left < right of bit range: [0:1]
                                                                                                                                                                                : ... note: In instance 'tb.dut.u_4fc0e2ef899df534.ex_stage_i.fpu_gen.fpu_i.fpu_gen.i_fpnew_bulk.gen_operation_groups[2].i_opgroup_block.gen_parallel_slices[1].active_format.i_fmt_slice.gen_num_lanes[0].active_lane...lane_instance.i_noncomp'
   98 |   TagType                [0:NUM_INP_REGS]                 inp_pipe_tag_q;
      |                          ^
%Warning-ASCRANGE: ../../../../../cva6_upstream_reference/vendor/pulp-platform/common_cells/include/../../../../../cva6_upstream_reference/core/cvfpu/src/fpnew_noncomp.sv:99:26: Ascending bit range vector: left < right of bit range: [0:1]
                                                                                                                                                                                : ... note: In instance 'tb.dut.u_4fc0e2ef899df534.ex_stage_i.fpu_gen.fpu_i.fpu_gen.i_fpnew_bulk.gen_operation_groups[2].i_opgroup_block.gen_parallel_slices[1].active_format.i_fmt_slice.gen_num_lanes[0].active_lane...lane_instance.i_noncomp'
   99 |   logic                  [0:NUM_INP_REGS]                 inp_pipe_mask_q;
      |                          ^
%Warning-ASCRANGE: ../../../../../cva6_upstream_reference/vendor/pulp-platform/common_cells/include/../../../../../cva6_upstream_reference/core/cvfpu/src/fpnew_noncomp.sv:100:26: Ascending bit range vector: left < right of bit range: [0:1]
                                                                                                                                                                                 : ... note: In instance 'tb.dut.u_4fc0e2ef899df534.ex_stage_i.fpu_gen.fpu_i.fpu_gen.i_fpnew_bulk.gen_operation_groups[2].i_opgroup_block.gen_parallel_slices[1].active_format.i_fmt_slice.gen_num_lanes[0].active_lane...lane_instance.i_noncomp'
  100 |   AuxType                [0:NUM_INP_REGS]                 inp_pipe_aux_q;
      |                          ^
%Warning-ASCRANGE: ../../../../../cva6_upstream_reference/vendor/pulp-platform/common_cells/include/../../../../../cva6_upstream_reference/core/cvfpu/src/fpnew_noncomp.sv:101:26: Ascending bit range vector: left < right of bit range: [0:1]
                                                                                                                                                                                 : ... note: In instance 'tb.dut.u_4fc0e2ef899df534.ex_stage_i.fpu_gen.fpu_i.fpu_gen.i_fpnew_bulk.gen_operation_groups[2].i_opgroup_block.gen_parallel_slices[1].active_format.i_fmt_slice.gen_num_lanes[0].active_lane...lane_instance.i_noncomp'
  101 |   logic                  [0:NUM_INP_REGS]                 inp_pipe_valid_q;
      |                          ^
%Warning-ASCRANGE: ../../../../../cva6_upstream_reference/vendor/pulp-platform/common_cells/include/../../../../../cva6_upstream_reference/core/cvfpu/src/fpnew_noncomp.sv:103:9: Ascending bit range vector: left < right of bit range: [0:1]
                                                                                                                                                                                : ... note: In instance 'tb.dut.u_4fc0e2ef899df534.ex_stage_i.fpu_gen.fpu_i.fpu_gen.i_fpnew_bulk.gen_operation_groups[2].i_opgroup_block.gen_parallel_slices[1].active_format.i_fmt_slice.gen_num_lanes[0].active_lane...lane_instance.i_noncomp'
  103 |   logic [0:NUM_INP_REGS] inp_pipe_ready;
      |         ^
%Warning-ASCRANGE: ../../../../../cva6_upstream_reference/vendor/pulp-platform/common_cells/include/../../../../../cva6_upstream_reference/core/cvfpu/src/fpnew_divsqrt_th_64_multi.sv:96:26: Ascending bit range vector: left < right of bit range: [0:1]
                                                                                                                                                                                            : ... note: In instance 'tb.dut.u_4fc0e2ef899df534.ex_stage_i.fpu_gen.fpu_i.fpu_gen.i_fpnew_bulk.gen_operation_groups[1].i_opgroup_block.gen_merged_slice.i_multifmt_slice.gen_num_lanes[0].active_lane..lane_instance..gen_thmulti_c910_divsqrt.i_fpnew_divsqrt_th_64_c910'
   96 |   logic                  [0:NUM_INP_REGS][1:0][WIDTH-1:0]       inp_pipe_operands_q;
      |                          ^
%Warning-ASCRANGE: ../../../../../cva6_upstream_reference/vendor/pulp-platform/common_cells/include/../../../../../cva6_upstream_reference/core/cvfpu/src/fpnew_divsqrt_th_64_multi.sv:97:26: Ascending bit range vector: left < right of bit range: [0:1]
                                                                                                                                                                                            : ... note: In instance 'tb.dut.u_4fc0e2ef899df534.ex_stage_i.fpu_gen.fpu_i.fpu_gen.i_fpnew_bulk.gen_operation_groups[1].i_opgroup_block.gen_merged_slice.i_multifmt_slice.gen_num_lanes[0].active_lane..lane_instance..gen_thmulti_c910_divsqrt.i_fpnew_divsqrt_th_64_c910'
   97 |   fpnew_pkg::roundmode_e [0:NUM_INP_REGS]                       inp_pipe_rnd_mode_q /*verilator split_var*/;
      |                          ^
%Warning-ASCRANGE: ../../../../../cva6_upstream_reference/vendor/pulp-platform/common_cells/include/../../../../../cva6_upstream_reference/core/cvfpu/src/fpnew_divsqrt_th_64_multi.sv:98:26: Ascending bit range vector: left < right of bit range: [0:1]
                                                                                                                                                                                            : ... note: In instance 'tb.dut.u_4fc0e2ef899df534.ex_stage_i.fpu_gen.fpu_i.fpu_gen.i_fpnew_bulk.gen_operation_groups[1].i_opgroup_block.gen_merged_slice.i_multifmt_slice.gen_num_lanes[0].active_lane..lane_instance..gen_thmulti_c910_divsqrt.i_fpnew_divsqrt_th_64_c910'
   98 |   fpnew_pkg::operation_e [0:NUM_INP_REGS]                       inp_pipe_op_q;
      |                          ^
%Warning-ASCRANGE: ../../../../../cva6_upstream_reference/vendor/pulp-platform/common_cells/include/../../../../../cva6_upstream_reference/core/cvfpu/src/fpnew_divsqrt_th_64_multi.sv:99:26: Ascending bit range vector: left < right of bit range: [0:1]
                                                                                                                                                                                            : ... note: In instance 'tb.dut.u_4fc0e2ef899df534.ex_stage_i.fpu_gen.fpu_i.fpu_gen.i_fpnew_bulk.gen_operation_groups[1].i_opgroup_block.gen_merged_slice.i_multifmt_slice.gen_num_lanes[0].active_lane..lane_instance..gen_thmulti_c910_divsqrt.i_fpnew_divsqrt_th_64_c910'
   99 |   fpnew_pkg::fp_format_e [0:NUM_INP_REGS]                       inp_pipe_dst_fmt_q;
      |                          ^
%Warning-ASCRANGE: ../../../../../cva6_upstream_reference/vendor/pulp-platform/common_cells/include/../../../../../cva6_upstream_reference/core/cvfpu/src/fpnew_divsqrt_th_64_multi.sv:100:26: Ascending bit range vector: left < right of bit range: [0:1]
                                                                                                                                                                                             : ... note: In instance 'tb.dut.u_4fc0e2ef899df534.ex_stage_i.fpu_gen.fpu_i.fpu_gen.i_fpnew_bulk.gen_operation_groups[1].i_opgroup_block.gen_merged_slice.i_multifmt_slice.gen_num_lanes[0].active_lane..lane_instance..gen_thmulti_c910_divsqrt.i_fpnew_divsqrt_th_64_c910'
  100 |   TagType                [0:NUM_INP_REGS]                       inp_pipe_tag_q;
      |                          ^
%Warning-ASCRANGE: ../../../../../cva6_upstream_reference/vendor/pulp-platform/common_cells/include/../../../../../cva6_upstream_reference/core/cvfpu/src/fpnew_divsqrt_th_64_multi.sv:101:26: Ascending bit range vector: left < right of bit range: [0:1]
                                                                                                                                                                                             : ... note: In instance 'tb.dut.u_4fc0e2ef899df534.ex_stage_i.fpu_gen.fpu_i.fpu_gen.i_fpnew_bulk.gen_operation_groups[1].i_opgroup_block.gen_merged_slice.i_multifmt_slice.gen_num_lanes[0].active_lane..lane_instance..gen_thmulti_c910_divsqrt.i_fpnew_divsqrt_th_64_c910'
  101 |   logic                  [0:NUM_INP_REGS]                       inp_pipe_mask_q;
      |                          ^
%Warning-ASCRANGE: ../../../../../cva6_upstream_reference/vendor/pulp-platform/common_cells/include/../../../../../cva6_upstream_reference/core/cvfpu/src/fpnew_divsqrt_th_64_multi.sv:102:26: Ascending bit range vector: left < right of bit range: [0:1]
                                                                                                                                                                                             : ... note: In instance 'tb.dut.u_4fc0e2ef899df534.ex_stage_i.fpu_gen.fpu_i.fpu_gen.i_fpnew_bulk.gen_operation_groups[1].i_opgroup_block.gen_merged_slice.i_multifmt_slice.gen_num_lanes[0].active_lane..lane_instance..gen_thmulti_c910_divsqrt.i_fpnew_divsqrt_th_64_c910'
  102 |   AuxType                [0:NUM_INP_REGS]                       inp_pipe_aux_q;
      |                          ^
%Warning-ASCRANGE: ../../../../../cva6_upstream_reference/vendor/pulp-platform/common_cells/include/../../../../../cva6_upstream_reference/core/cvfpu/src/fpnew_divsqrt_th_64_multi.sv:103:26: Ascending bit range vector: left < right of bit range: [0:1]
                                                                                                                                                                                             : ... note: In instance 'tb.dut.u_4fc0e2ef899df534.ex_stage_i.fpu_gen.fpu_i.fpu_gen.i_fpnew_bulk.gen_operation_groups[1].i_opgroup_block.gen_merged_slice.i_multifmt_slice.gen_num_lanes[0].active_lane..lane_instance..gen_thmulti_c910_divsqrt.i_fpnew_divsqrt_th_64_c910'
  103 |   logic                  [0:NUM_INP_REGS]                       inp_pipe_vec_op_q;
      |                          ^
%Warning-ASCRANGE: ../../../../../cva6_upstream_reference/vendor/pulp-platform/common_cells/include/../../../../../cva6_upstream_reference/core/cvfpu/src/fpnew_divsqrt_th_64_multi.sv:104:26: Ascending bit range vector: left < right of bit range: [0:1]
                                                                                                                                                                                             : ... note: In instance 'tb.dut.u_4fc0e2ef899df534.ex_stage_i.fpu_gen.fpu_i.fpu_gen.i_fpnew_bulk.gen_operation_groups[1].i_opgroup_block.gen_merged_slice.i_multifmt_slice.gen_num_lanes[0].active_lane..lane_instance..gen_thmulti_c910_divsqrt.i_fpnew_divsqrt_th_64_c910'
  104 |   logic                  [0:NUM_INP_REGS]                       inp_pipe_valid_q;
      |                          ^
%Warning-ASCRANGE: ../../../../../cva6_upstream_reference/vendor/pulp-platform/common_cells/include/../../../../../cva6_upstream_reference/core/cvfpu/src/fpnew_divsqrt_th_64_multi.sv:106:9: Ascending bit range vector: left < right of bit range: [0:1]
                                                                                                                                                                                            : ... note: In instance 'tb.dut.u_4fc0e2ef899df534.ex_stage_i.fpu_gen.fpu_i.fpu_gen.i_fpnew_bulk.gen_operation_groups[1].i_opgroup_block.gen_merged_slice.i_multifmt_slice.gen_num_lanes[0].active_lane..lane_instance..gen_thmulti_c910_divsqrt.i_fpnew_divsqrt_th_64_c910'
  106 |   logic [0:NUM_INP_REGS] inp_pipe_ready;
      |         ^
%Warning-ASCRANGE: ../../../../../cva6_upstream_reference/vendor/pulp-platform/common_cells/include/../../../../../cva6_upstream_reference/core/cvfpu/src/fpnew_divsqrt_th_64_multi.sv:398:23: Ascending bit range vector: left < right of bit range: [0:1]
                                                                                                                                                                                             : ... note: In instance 'tb.dut.u_4fc0e2ef899df534.ex_stage_i.fpu_gen.fpu_i.fpu_gen.i_fpnew_bulk.gen_operation_groups[1].i_opgroup_block.gen_merged_slice.i_multifmt_slice.gen_num_lanes[0].active_lane..lane_instance..gen_thmulti_c910_divsqrt.i_fpnew_divsqrt_th_64_c910'
  398 |   logic               [0:NUM_OUT_REGS][WIDTH-1:0] out_pipe_result_q;
      |                       ^
%Warning-ASCRANGE: ../../../../../cva6_upstream_reference/vendor/pulp-platform/common_cells/include/../../../../../cva6_upstream_reference/core/cvfpu/src/fpnew_divsqrt_th_64_multi.sv:399:23: Ascending bit range vector: left < right of bit range: [0:1]
                                                                                                                                                                                             : ... note: In instance 'tb.dut.u_4fc0e2ef899df534.ex_stage_i.fpu_gen.fpu_i.fpu_gen.i_fpnew_bulk.gen_operation_groups[1].i_opgroup_block.gen_merged_slice.i_multifmt_slice.gen_num_lanes[0].active_lane..lane_instance..gen_thmulti_c910_divsqrt.i_fpnew_divsqrt_th_64_c910'
  399 |   fpnew_pkg::status_t [0:NUM_OUT_REGS]            out_pipe_status_q;
      |                       ^
%Warning-ASCRANGE: ../../../../../cva6_upstream_reference/vendor/pulp-platform/common_cells/include/../../../../../cva6_upstream_reference/core/cvfpu/src/fpnew_divsqrt_th_64_multi.sv:400:23: Ascending bit range vector: left < right of bit range: [0:1]
                                                                                                                                                                                             : ... note: In instance 'tb.dut.u_4fc0e2ef899df534.ex_stage_i.fpu_gen.fpu_i.fpu_gen.i_fpnew_bulk.gen_operation_groups[1].i_opgroup_block.gen_merged_slice.i_multifmt_slice.gen_num_lanes[0].active_lane..lane_instance..gen_thmulti_c910_divsqrt.i_fpnew_divsqrt_th_64_c910'
  400 |   TagType             [0:NUM_OUT_REGS]            out_pipe_tag_q;
      |                       ^
%Warning-ASCRANGE: ../../../../../cva6_upstream_reference/vendor/pulp-platform/common_cells/include/../../../../../cva6_upstream_reference/core/cvfpu/src/fpnew_divsqrt_th_64_multi.sv:401:23: Ascending bit range vector: left < right of bit range: [0:1]
                                                                                                                                                                                             : ... note: In instance 'tb.dut.u_4fc0e2ef899df534.ex_stage_i.fpu_gen.fpu_i.fpu_gen.i_fpnew_bulk.gen_operation_groups[1].i_opgroup_block.gen_merged_slice.i_multifmt_slice.gen_num_lanes[0].active_lane..lane_instance..gen_thmulti_c910_divsqrt.i_fpnew_divsqrt_th_64_c910'
  401 |   logic               [0:NUM_OUT_REGS]            out_pipe_mask_q;
      |                       ^
%Warning-ASCRANGE: ../../../../../cva6_upstream_reference/vendor/pulp-platform/common_cells/include/../../../../../cva6_upstream_reference/core/cvfpu/src/fpnew_divsqrt_th_64_multi.sv:402:23: Ascending bit range vector: left < right of bit range: [0:1]
                                                                                                                                                                                             : ... note: In instance 'tb.dut.u_4fc0e2ef899df534.ex_stage_i.fpu_gen.fpu_i.fpu_gen.i_fpnew_bulk.gen_operation_groups[1].i_opgroup_block.gen_merged_slice.i_multifmt_slice.gen_num_lanes[0].active_lane..lane_instance..gen_thmulti_c910_divsqrt.i_fpnew_divsqrt_th_64_c910'
  402 |   AuxType             [0:NUM_OUT_REGS]            out_pipe_aux_q;
      |                       ^
%Warning-ASCRANGE: ../../../../../cva6_upstream_reference/vendor/pulp-platform/common_cells/include/../../../../../cva6_upstream_reference/core/cvfpu/src/fpnew_divsqrt_th_64_multi.sv:403:23: Ascending bit range vector: left < right of bit range: [0:1]
                                                                                                                                                                                             : ... note: In instance 'tb.dut.u_4fc0e2ef899df534.ex_stage_i.fpu_gen.fpu_i.fpu_gen.i_fpnew_bulk.gen_operation_groups[1].i_opgroup_block.gen_merged_slice.i_multifmt_slice.gen_num_lanes[0].active_lane..lane_instance..gen_thmulti_c910_divsqrt.i_fpnew_divsqrt_th_64_c910'
  403 |   logic               [0:NUM_OUT_REGS]            out_pipe_valid_q;
      |                       ^
%Warning-ASCRANGE: ../../../../../cva6_upstream_reference/vendor/pulp-platform/common_cells/include/../../../../../cva6_upstream_reference/core/cvfpu/src/fpnew_divsqrt_th_64_multi.sv:405:9: Ascending bit range vector: left < right of bit range: [0:1]
                                                                                                                                                                                            : ... note: In instance 'tb.dut.u_4fc0e2ef899df534.ex_stage_i.fpu_gen.fpu_i.fpu_gen.i_fpnew_bulk.gen_operation_groups[1].i_opgroup_block.gen_merged_slice.i_multifmt_slice.gen_num_lanes[0].active_lane..lane_instance..gen_thmulti_c910_divsqrt.i_fpnew_divsqrt_th_64_c910'
  405 |   logic [0:NUM_OUT_REGS] out_pipe_ready;
      |         ^
%Warning-ASCRANGE: ../../../../../cva6_upstream_reference/vendor/pulp-platform/common_cells/include/../../../../../cva6_upstream_reference/core/cvfpu/src/fpnew_fma.sv:108:26: Ascending bit range vector: left < right of bit range: [0:1]
                                                                                                                                                                             : ... note: In instance 'tb.dut.u_4fc0e2ef899df534.ex_stage_i.fpu_gen.fpu_i.fpu_gen.i_fpnew_bulk.gen_operation_groups[0].i_opgroup_block.gen_parallel_slices[1].active_format.i_fmt_slice.gen_num_lanes[0].active_lane.lane_instance.i_fma'
  108 |   logic                  [0:NUM_INP_REGS][2:0][WIDTH-1:0] inp_pipe_operands_q;
      |                          ^
%Warning-ASCRANGE: ../../../../../cva6_upstream_reference/vendor/pulp-platform/common_cells/include/../../../../../cva6_upstream_reference/core/cvfpu/src/fpnew_fma.sv:109:26: Ascending bit range vector: left < right of bit range: [0:1]
                                                                                                                                                                             : ... note: In instance 'tb.dut.u_4fc0e2ef899df534.ex_stage_i.fpu_gen.fpu_i.fpu_gen.i_fpnew_bulk.gen_operation_groups[0].i_opgroup_block.gen_parallel_slices[1].active_format.i_fmt_slice.gen_num_lanes[0].active_lane.lane_instance.i_fma'
  109 |   logic                  [0:NUM_INP_REGS][2:0]            inp_pipe_is_boxed_q;
      |                          ^
%Warning-ASCRANGE: ../../../../../cva6_upstream_reference/vendor/pulp-platform/common_cells/include/../../../../../cva6_upstream_reference/core/cvfpu/src/fpnew_fma.sv:110:26: Ascending bit range vector: left < right of bit range: [0:1]
                                                                                                                                                                             : ... note: In instance 'tb.dut.u_4fc0e2ef899df534.ex_stage_i.fpu_gen.fpu_i.fpu_gen.i_fpnew_bulk.gen_operation_groups[0].i_opgroup_block.gen_parallel_slices[1].active_format.i_fmt_slice.gen_num_lanes[0].active_lane.lane_instance.i_fma'
  110 |   fpnew_pkg::roundmode_e [0:NUM_INP_REGS]                 inp_pipe_rnd_mode_q;
      |                          ^
%Warning-ASCRANGE: ../../../../../cva6_upstream_reference/vendor/pulp-platform/common_cells/include/../../../../../cva6_upstream_reference/core/cvfpu/src/fpnew_fma.sv:111:26: Ascending bit range vector: left < right of bit range: [0:1]
                                                                                                                                                                             : ... note: In instance 'tb.dut.u_4fc0e2ef899df534.ex_stage_i.fpu_gen.fpu_i.fpu_gen.i_fpnew_bulk.gen_operation_groups[0].i_opgroup_block.gen_parallel_slices[1].active_format.i_fmt_slice.gen_num_lanes[0].active_lane.lane_instance.i_fma'
  111 |   fpnew_pkg::operation_e [0:NUM_INP_REGS]                 inp_pipe_op_q;
      |                          ^
%Warning-ASCRANGE: ../../../../../cva6_upstream_reference/vendor/pulp-platform/common_cells/include/../../../../../cva6_upstream_reference/core/cvfpu/src/fpnew_fma.sv:112:26: Ascending bit range vector: left < right of bit range: [0:1]
                                                                                                                                                                             : ... note: In instance 'tb.dut.u_4fc0e2ef899df534.ex_stage_i.fpu_gen.fpu_i.fpu_gen.i_fpnew_bulk.gen_operation_groups[0].i_opgroup_block.gen_parallel_slices[1].active_format.i_fmt_slice.gen_num_lanes[0].active_lane.lane_instance.i_fma'
  112 |   logic                  [0:NUM_INP_REGS]                 inp_pipe_op_mod_q;
      |                          ^
%Warning-ASCRANGE: ../../../../../cva6_upstream_reference/vendor/pulp-platform/common_cells/include/../../../../../cva6_upstream_reference/core/cvfpu/src/fpnew_fma.sv:113:26: Ascending bit range vector: left < right of bit range: [0:1]
                                                                                                                                                                             : ... note: In instance 'tb.dut.u_4fc0e2ef899df534.ex_stage_i.fpu_gen.fpu_i.fpu_gen.i_fpnew_bulk.gen_operation_groups[0].i_opgroup_block.gen_parallel_slices[1].active_format.i_fmt_slice.gen_num_lanes[0].active_lane.lane_instance.i_fma'
  113 |   TagType                [0:NUM_INP_REGS]                 inp_pipe_tag_q;
      |                          ^
%Warning-ASCRANGE: ../../../../../cva6_upstream_reference/vendor/pulp-platform/common_cells/include/../../../../../cva6_upstream_reference/core/cvfpu/src/fpnew_fma.sv:114:26: Ascending bit range vector: left < right of bit range: [0:1]
                                                                                                                                                                             : ... note: In instance 'tb.dut.u_4fc0e2ef899df534.ex_stage_i.fpu_gen.fpu_i.fpu_gen.i_fpnew_bulk.gen_operation_groups[0].i_opgroup_block.gen_parallel_slices[1].active_format.i_fmt_slice.gen_num_lanes[0].active_lane.lane_instance.i_fma'
  114 |   logic                  [0:NUM_INP_REGS]                 inp_pipe_mask_q;
      |                          ^
%Warning-ASCRANGE: ../../../../../cva6_upstream_reference/vendor/pulp-platform/common_cells/include/../../../../../cva6_upstream_reference/core/cvfpu/src/fpnew_fma.sv:115:26: Ascending bit range vector: left < right of bit range: [0:1]
                                                                                                                                                                             : ... note: In instance 'tb.dut.u_4fc0e2ef899df534.ex_stage_i.fpu_gen.fpu_i.fpu_gen.i_fpnew_bulk.gen_operation_groups[0].i_opgroup_block.gen_parallel_slices[1].active_format.i_fmt_slice.gen_num_lanes[0].active_lane.lane_instance.i_fma'
  115 |   AuxType                [0:NUM_INP_REGS]                 inp_pipe_aux_q;
      |                          ^
%Warning-ASCRANGE: ../../../../../cva6_upstream_reference/vendor/pulp-platform/common_cells/include/../../../../../cva6_upstream_reference/core/cvfpu/src/fpnew_fma.sv:116:26: Ascending bit range vector: left < right of bit range: [0:1]
                                                                                                                                                                             : ... note: In instance 'tb.dut.u_4fc0e2ef899df534.ex_stage_i.fpu_gen.fpu_i.fpu_gen.i_fpnew_bulk.gen_operation_groups[0].i_opgroup_block.gen_parallel_slices[1].active_format.i_fmt_slice.gen_num_lanes[0].active_lane.lane_instance.i_fma'
  116 |   logic                  [0:NUM_INP_REGS]                 inp_pipe_valid_q;
      |                          ^
%Warning-ASCRANGE: ../../../../../cva6_upstream_reference/vendor/pulp-platform/common_cells/include/../../../../../cva6_upstream_reference/core/cvfpu/src/fpnew_fma.sv:118:9: Ascending bit range vector: left < right of bit range: [0:1]
                                                                                                                                                                            : ... note: In instance 'tb.dut.u_4fc0e2ef899df534.ex_stage_i.fpu_gen.fpu_i.fpu_gen.i_fpnew_bulk.gen_operation_groups[0].i_opgroup_block.gen_parallel_slices[1].active_format.i_fmt_slice.gen_num_lanes[0].active_lane.lane_instance.i_fma'
  118 |   logic [0:NUM_INP_REGS] inp_pipe_ready;
      |         ^
%Warning-ASCRANGE: ../../../../../cva6_upstream_reference/vendor/pulp-platform/common_cells/include/../../../../../cva6_upstream_reference/core/cvfpu/src/fpnew_fma.sv:414:26: Ascending bit range vector: left < right of bit range: [0:1]
                                                                                                                                                                             : ... note: In instance 'tb.dut.u_4fc0e2ef899df534.ex_stage_i.fpu_gen.fpu_i.fpu_gen.i_fpnew_bulk.gen_operation_groups[0].i_opgroup_block.gen_parallel_slices[1].active_format.i_fmt_slice.gen_num_lanes[0].active_lane.lane_instance.i_fma'
  414 |   logic                  [0:NUM_MID_REGS]                         mid_pipe_eff_sub_q;
      |                          ^
%Warning-ASCRANGE: ../../../../../cva6_upstream_reference/vendor/pulp-platform/common_cells/include/../../../../../cva6_upstream_reference/core/cvfpu/src/fpnew_fma.sv:415:26: Ascending bit range vector: left < right of bit range: [0:1]
                                                                                                                                                                             : ... note: In instance 'tb.dut.u_4fc0e2ef899df534.ex_stage_i.fpu_gen.fpu_i.fpu_gen.i_fpnew_bulk.gen_operation_groups[0].i_opgroup_block.gen_parallel_slices[1].active_format.i_fmt_slice.gen_num_lanes[0].active_lane.lane_instance.i_fma'
  415 |   logic signed           [0:NUM_MID_REGS][EXP_WIDTH-1:0]          mid_pipe_exp_prod_q;
      |                          ^
%Warning-ASCRANGE: ../../../../../cva6_upstream_reference/vendor/pulp-platform/common_cells/include/../../../../../cva6_upstream_reference/core/cvfpu/src/fpnew_fma.sv:416:26: Ascending bit range vector: left < right of bit range: [0:1]
                                                                                                                                                                             : ... note: In instance 'tb.dut.u_4fc0e2ef899df534.ex_stage_i.fpu_gen.fpu_i.fpu_gen.i_fpnew_bulk.gen_operation_groups[0].i_opgroup_block.gen_parallel_slices[1].active_format.i_fmt_slice.gen_num_lanes[0].active_lane.lane_instance.i_fma'
  416 |   logic signed           [0:NUM_MID_REGS][EXP_WIDTH-1:0]          mid_pipe_exp_diff_q;
      |                          ^
%Warning-ASCRANGE: ../../../../../cva6_upstream_reference/vendor/pulp-platform/common_cells/include/../../../../../cva6_upstream_reference/core/cvfpu/src/fpnew_fma.sv:417:26: Ascending bit range vector: left < right of bit range: [0:1]
                                                                                                                                                                             : ... note: In instance 'tb.dut.u_4fc0e2ef899df534.ex_stage_i.fpu_gen.fpu_i.fpu_gen.i_fpnew_bulk.gen_operation_groups[0].i_opgroup_block.gen_parallel_slices[1].active_format.i_fmt_slice.gen_num_lanes[0].active_lane.lane_instance.i_fma'
  417 |   logic signed           [0:NUM_MID_REGS][EXP_WIDTH-1:0]          mid_pipe_tent_exp_q;
      |                          ^
%Warning-ASCRANGE: ../../../../../cva6_upstream_reference/vendor/pulp-platform/common_cells/include/../../../../../cva6_upstream_reference/core/cvfpu/src/fpnew_fma.sv:418:26: Ascending bit range vector: left < right of bit range: [0:1]
                                                                                                                                                                             : ... note: In instance 'tb.dut.u_4fc0e2ef899df534.ex_stage_i.fpu_gen.fpu_i.fpu_gen.i_fpnew_bulk.gen_operation_groups[0].i_opgroup_block.gen_parallel_slices[1].active_format.i_fmt_slice.gen_num_lanes[0].active_lane.lane_instance.i_fma'
  418 |   logic                  [0:NUM_MID_REGS][SHIFT_AMOUNT_WIDTH-1:0] mid_pipe_add_shamt_q;
      |                          ^
%Warning-ASCRANGE: ../../../../../cva6_upstream_reference/vendor/pulp-platform/common_cells/include/../../../../../cva6_upstream_reference/core/cvfpu/src/fpnew_fma.sv:419:26: Ascending bit range vector: left < right of bit range: [0:1]
                                                                                                                                                                             : ... note: In instance 'tb.dut.u_4fc0e2ef899df534.ex_stage_i.fpu_gen.fpu_i.fpu_gen.i_fpnew_bulk.gen_operation_groups[0].i_opgroup_block.gen_parallel_slices[1].active_format.i_fmt_slice.gen_num_lanes[0].active_lane.lane_instance.i_fma'
  419 |   logic                  [0:NUM_MID_REGS]                         mid_pipe_sticky_q;
      |                          ^
%Warning-ASCRANGE: ../../../../../cva6_upstream_reference/vendor/pulp-platform/common_cells/include/../../../../../cva6_upstream_reference/core/cvfpu/src/fpnew_fma.sv:420:26: Ascending bit range vector: left < right of bit range: [0:1]
                                                                                                                                                                             : ... note: In instance 'tb.dut.u_4fc0e2ef899df534.ex_stage_i.fpu_gen.fpu_i.fpu_gen.i_fpnew_bulk.gen_operation_groups[0].i_opgroup_block.gen_parallel_slices[1].active_format.i_fmt_slice.gen_num_lanes[0].active_lane.lane_instance.i_fma'
  420 |   logic                  [0:NUM_MID_REGS][3*PRECISION_BITS+3:0]   mid_pipe_sum_q;
      |                          ^
%Warning-ASCRANGE: ../../../../../cva6_upstream_reference/vendor/pulp-platform/common_cells/include/../../../../../cva6_upstream_reference/core/cvfpu/src/fpnew_fma.sv:421:26: Ascending bit range vector: left < right of bit range: [0:1]
                                                                                                                                                                             : ... note: In instance 'tb.dut.u_4fc0e2ef899df534.ex_stage_i.fpu_gen.fpu_i.fpu_gen.i_fpnew_bulk.gen_operation_groups[0].i_opgroup_block.gen_parallel_slices[1].active_format.i_fmt_slice.gen_num_lanes[0].active_lane.lane_instance.i_fma'
  421 |   logic                  [0:NUM_MID_REGS]                         mid_pipe_final_sign_q;
      |                          ^
%Warning-ASCRANGE: ../../../../../cva6_upstream_reference/vendor/pulp-platform/common_cells/include/../../../../../cva6_upstream_reference/core/cvfpu/src/fpnew_fma.sv:422:26: Ascending bit range vector: left < right of bit range: [0:1]
                                                                                                                                                                             : ... note: In instance 'tb.dut.u_4fc0e2ef899df534.ex_stage_i.fpu_gen.fpu_i.fpu_gen.i_fpnew_bulk.gen_operation_groups[0].i_opgroup_block.gen_parallel_slices[1].active_format.i_fmt_slice.gen_num_lanes[0].active_lane.lane_instance.i_fma'
  422 |   fpnew_pkg::roundmode_e [0:NUM_MID_REGS]                         mid_pipe_rnd_mode_q;
      |                          ^
%Warning-ASCRANGE: ../../../../../cva6_upstream_reference/vendor/pulp-platform/common_cells/include/../../../../../cva6_upstream_reference/core/cvfpu/src/fpnew_fma.sv:423:26: Ascending bit range vector: left < right of bit range: [0:1]
                                                                                                                                                                             : ... note: In instance 'tb.dut.u_4fc0e2ef899df534.ex_stage_i.fpu_gen.fpu_i.fpu_gen.i_fpnew_bulk.gen_operation_groups[0].i_opgroup_block.gen_parallel_slices[1].active_format.i_fmt_slice.gen_num_lanes[0].active_lane.lane_instance.i_fma'
  423 |   logic                  [0:NUM_MID_REGS]                         mid_pipe_res_is_spec_q;
      |                          ^
%Warning-ASCRANGE: ../../../../../cva6_upstream_reference/vendor/pulp-platform/common_cells/include/../../../../../cva6_upstream_reference/core/cvfpu/src/fpnew_fma.sv:424:26: Ascending bit range vector: left < right of bit range: [0:1]
                                                                                                                                                                             : ... note: In instance 'tb.dut.u_4fc0e2ef899df534.ex_stage_i.fpu_gen.fpu_i.fpu_gen.i_fpnew_bulk.gen_operation_groups[0].i_opgroup_block.gen_parallel_slices[1].active_format.i_fmt_slice.gen_num_lanes[0].active_lane.lane_instance.i_fma'
  424 |   fp_t                   [0:NUM_MID_REGS]                         mid_pipe_spec_res_q;
      |                          ^
%Warning-ASCRANGE: ../../../../../cva6_upstream_reference/vendor/pulp-platform/common_cells/include/../../../../../cva6_upstream_reference/core/cvfpu/src/fpnew_fma.sv:425:26: Ascending bit range vector: left < right of bit range: [0:1]
                                                                                                                                                                             : ... note: In instance 'tb.dut.u_4fc0e2ef899df534.ex_stage_i.fpu_gen.fpu_i.fpu_gen.i_fpnew_bulk.gen_operation_groups[0].i_opgroup_block.gen_parallel_slices[1].active_format.i_fmt_slice.gen_num_lanes[0].active_lane.lane_instance.i_fma'
  425 |   fpnew_pkg::status_t    [0:NUM_MID_REGS]                         mid_pipe_spec_stat_q;
      |                          ^
%Warning-ASCRANGE: ../../../../../cva6_upstream_reference/vendor/pulp-platform/common_cells/include/../../../../../cva6_upstream_reference/core/cvfpu/src/fpnew_fma.sv:426:26: Ascending bit range vector: left < right of bit range: [0:1]
                                                                                                                                                                             : ... note: In instance 'tb.dut.u_4fc0e2ef899df534.ex_stage_i.fpu_gen.fpu_i.fpu_gen.i_fpnew_bulk.gen_operation_groups[0].i_opgroup_block.gen_parallel_slices[1].active_format.i_fmt_slice.gen_num_lanes[0].active_lane.lane_instance.i_fma'
  426 |   TagType                [0:NUM_MID_REGS]                         mid_pipe_tag_q;
      |                          ^
%Warning-ASCRANGE: ../../../../../cva6_upstream_reference/vendor/pulp-platform/common_cells/include/../../../../../cva6_upstream_reference/core/cvfpu/src/fpnew_fma.sv:427:26: Ascending bit range vector: left < right of bit range: [0:1]
                                                                                                                                                                             : ... note: In instance 'tb.dut.u_4fc0e2ef899df534.ex_stage_i.fpu_gen.fpu_i.fpu_gen.i_fpnew_bulk.gen_operation_groups[0].i_opgroup_block.gen_parallel_slices[1].active_format.i_fmt_slice.gen_num_lanes[0].active_lane.lane_instance.i_fma'
  427 |   logic                  [0:NUM_MID_REGS]                         mid_pipe_mask_q;
      |                          ^
%Warning-ASCRANGE: ../../../../../cva6_upstream_reference/vendor/pulp-platform/common_cells/include/../../../../../cva6_upstream_reference/core/cvfpu/src/fpnew_fma.sv:428:26: Ascending bit range vector: left < right of bit range: [0:1]
                                                                                                                                                                             : ... note: In instance 'tb.dut.u_4fc0e2ef899df534.ex_stage_i.fpu_gen.fpu_i.fpu_gen.i_fpnew_bulk.gen_operation_groups[0].i_opgroup_block.gen_parallel_slices[1].active_format.i_fmt_slice.gen_num_lanes[0].active_lane.lane_instance.i_fma'
  428 |   AuxType                [0:NUM_MID_REGS]                         mid_pipe_aux_q;
      |                          ^
%Warning-ASCRANGE: ../../../../../cva6_upstream_reference/vendor/pulp-platform/common_cells/include/../../../../../cva6_upstream_reference/core/cvfpu/src/fpnew_fma.sv:429:26: Ascending bit range vector: left < right of bit range: [0:1]
                                                                                                                                                                             : ... note: In instance 'tb.dut.u_4fc0e2ef899df534.ex_stage_i.fpu_gen.fpu_i.fpu_gen.i_fpnew_bulk.gen_operation_groups[0].i_opgroup_block.gen_parallel_slices[1].active_format.i_fmt_slice.gen_num_lanes[0].active_lane.lane_instance.i_fma'
  429 |   logic                  [0:NUM_MID_REGS]                         mid_pipe_valid_q;
      |                          ^
%Warning-ASCRANGE: ../../../../../cva6_upstream_reference/vendor/pulp-platform/common_cells/include/../../../../../cva6_upstream_reference/core/cvfpu/src/fpnew_fma.sv:431:9: Ascending bit range vector: left < right of bit range: [0:1]
                                                                                                                                                                            : ... note: In instance 'tb.dut.u_4fc0e2ef899df534.ex_stage_i.fpu_gen.fpu_i.fpu_gen.i_fpnew_bulk.gen_operation_groups[0].i_opgroup_block.gen_parallel_slices[1].active_format.i_fmt_slice.gen_num_lanes[0].active_lane.lane_instance.i_fma'
  431 |   logic [0:NUM_MID_REGS] mid_pipe_ready;
      |         ^
%Warning-ASCRANGE: ../../../../../cva6_upstream_reference/vendor/pulp-platform/common_cells/include/../../../../../cva6_upstream_reference/core/cvfpu/src/fpnew_fma.sv:655:23: Ascending bit range vector: left < right of bit range: [0:1]
                                                                                                                                                                             : ... note: In instance 'tb.dut.u_4fc0e2ef899df534.ex_stage_i.fpu_gen.fpu_i.fpu_gen.i_fpnew_bulk.gen_operation_groups[0].i_opgroup_block.gen_parallel_slices[1].active_format.i_fmt_slice.gen_num_lanes[0].active_lane.lane_instance.i_fma'
  655 |   fp_t                [0:NUM_OUT_REGS] out_pipe_result_q;
      |                       ^
%Warning-ASCRANGE: ../../../../../cva6_upstream_reference/vendor/pulp-platform/common_cells/include/../../../../../cva6_upstream_reference/core/cvfpu/src/fpnew_fma.sv:656:23: Ascending bit range vector: left < right of bit range: [0:1]
                                                                                                                                                                             : ... note: In instance 'tb.dut.u_4fc0e2ef899df534.ex_stage_i.fpu_gen.fpu_i.fpu_gen.i_fpnew_bulk.gen_operation_groups[0].i_opgroup_block.gen_parallel_slices[1].active_format.i_fmt_slice.gen_num_lanes[0].active_lane.lane_instance.i_fma'
  656 |   fpnew_pkg::status_t [0:NUM_OUT_REGS] out_pipe_status_q;
      |                       ^
%Warning-ASCRANGE: ../../../../../cva6_upstream_reference/vendor/pulp-platform/common_cells/include/../../../../../cva6_upstream_reference/core/cvfpu/src/fpnew_fma.sv:657:23: Ascending bit range vector: left < right of bit range: [0:1]
                                                                                                                                                                             : ... note: In instance 'tb.dut.u_4fc0e2ef899df534.ex_stage_i.fpu_gen.fpu_i.fpu_gen.i_fpnew_bulk.gen_operation_groups[0].i_opgroup_block.gen_parallel_slices[1].active_format.i_fmt_slice.gen_num_lanes[0].active_lane.lane_instance.i_fma'
  657 |   TagType             [0:NUM_OUT_REGS] out_pipe_tag_q;
      |                       ^
%Warning-ASCRANGE: ../../../../../cva6_upstream_reference/vendor/pulp-platform/common_cells/include/../../../../../cva6_upstream_reference/core/cvfpu/src/fpnew_fma.sv:658:23: Ascending bit range vector: left < right of bit range: [0:1]
                                                                                                                                                                             : ... note: In instance 'tb.dut.u_4fc0e2ef899df534.ex_stage_i.fpu_gen.fpu_i.fpu_gen.i_fpnew_bulk.gen_operation_groups[0].i_opgroup_block.gen_parallel_slices[1].active_format.i_fmt_slice.gen_num_lanes[0].active_lane.lane_instance.i_fma'
  658 |   logic               [0:NUM_OUT_REGS] out_pipe_mask_q;
      |                       ^
%Warning-ASCRANGE: ../../../../../cva6_upstream_reference/vendor/pulp-platform/common_cells/include/../../../../../cva6_upstream_reference/core/cvfpu/src/fpnew_fma.sv:659:23: Ascending bit range vector: left < right of bit range: [0:1]
                                                                                                                                                                             : ... note: In instance 'tb.dut.u_4fc0e2ef899df534.ex_stage_i.fpu_gen.fpu_i.fpu_gen.i_fpnew_bulk.gen_operation_groups[0].i_opgroup_block.gen_parallel_slices[1].active_format.i_fmt_slice.gen_num_lanes[0].active_lane.lane_instance.i_fma'
  659 |   AuxType             [0:NUM_OUT_REGS] out_pipe_aux_q;
      |                       ^
%Warning-ASCRANGE: ../../../../../cva6_upstream_reference/vendor/pulp-platform/common_cells/include/../../../../../cva6_upstream_reference/core/cvfpu/src/fpnew_fma.sv:660:23: Ascending bit range vector: left < right of bit range: [0:1]
                                                                                                                                                                             : ... note: In instance 'tb.dut.u_4fc0e2ef899df534.ex_stage_i.fpu_gen.fpu_i.fpu_gen.i_fpnew_bulk.gen_operation_groups[0].i_opgroup_block.gen_parallel_slices[1].active_format.i_fmt_slice.gen_num_lanes[0].active_lane.lane_instance.i_fma'
  660 |   logic               [0:NUM_OUT_REGS] out_pipe_valid_q;
      |                       ^
%Warning-ASCRANGE: ../../../../../cva6_upstream_reference/vendor/pulp-platform/common_cells/include/../../../../../cva6_upstream_reference/core/cvfpu/src/fpnew_fma.sv:662:9: Ascending bit range vector: left < right of bit range: [0:1]
                                                                                                                                                                            : ... note: In instance 'tb.dut.u_4fc0e2ef899df534.ex_stage_i.fpu_gen.fpu_i.fpu_gen.i_fpnew_bulk.gen_operation_groups[0].i_opgroup_block.gen_parallel_slices[1].active_format.i_fmt_slice.gen_num_lanes[0].active_lane.lane_instance.i_fma'
  662 |   logic [0:NUM_OUT_REGS] out_pipe_ready;
      |         ^
%Warning-ASCRANGE: ../../../../../cva6_upstream_reference/vendor/pulp-platform/common_cells/include/../../../../../cva6_upstream_reference/core/cvfpu/src/fpnew_opgroup_multifmt_slice.sv:502:11: Ascending bit range vector: left < right of bit range: [0:2]
                                                                                                                                                                                                : ... note: In instance 'tb.dut.u_4fc0e2ef899df534.ex_stage_i.fpu_gen.fpu_i.fpu_gen.i_fpnew_bulk.gen_operation_groups[3].i_opgroup_block.gen_merged_slice.i_multifmt_slice'
  502 |     logic [0:NumPipeRegs][Width-1:0] byp_pipe_target_q;
      |           ^
%Warning-ASCRANGE: ../../../../../cva6_upstream_reference/vendor/pulp-platform/common_cells/include/../../../../../cva6_upstream_reference/core/cvfpu/src/fpnew_opgroup_multifmt_slice.sv:503:11: Ascending bit range vector: left < right of bit range: [0:2]
                                                                                                                                                                                                : ... note: In instance 'tb.dut.u_4fc0e2ef899df534.ex_stage_i.fpu_gen.fpu_i.fpu_gen.i_fpnew_bulk.gen_operation_groups[3].i_opgroup_block.gen_merged_slice.i_multifmt_slice'
  503 |     logic [0:NumPipeRegs][2:0]       byp_pipe_aux_q;
      |           ^
%Warning-ASCRANGE: ../../../../../cva6_upstream_reference/vendor/pulp-platform/common_cells/include/../../../../../cva6_upstream_reference/core/cvfpu/src/fpnew_opgroup_multifmt_slice.sv:504:11: Ascending bit range vector: left < right of bit range: [0:2]
                                                                                                                                                                                                : ... note: In instance 'tb.dut.u_4fc0e2ef899df534.ex_stage_i.fpu_gen.fpu_i.fpu_gen.i_fpnew_bulk.gen_operation_groups[3].i_opgroup_block.gen_merged_slice.i_multifmt_slice'
  504 |     logic [0:NumPipeRegs]            byp_pipe_valid_q;
      |           ^
%Warning-ASCRANGE: ../../../../../cva6_upstream_reference/vendor/pulp-platform/common_cells/include/../../../../../cva6_upstream_reference/core/cvfpu/src/fpnew_opgroup_multifmt_slice.sv:506:11: Ascending bit range vector: left < right of bit range: [0:2]
                                                                                                                                                                                                : ... note: In instance 'tb.dut.u_4fc0e2ef899df534.ex_stage_i.fpu_gen.fpu_i.fpu_gen.i_fpnew_bulk.gen_operation_groups[3].i_opgroup_block.gen_merged_slice.i_multifmt_slice'
  506 |     logic [0:NumPipeRegs] byp_pipe_ready;
      |           ^
%Warning-SELRANGE: ../../../../../cva6_upstream_reference/vendor/pulp-platform/common_cells/include/../../../../../cva6_upstream_reference/core/cva6_mmu/cva6_shared_tlb.sv:666:17: Assigning 29 bits to only 27 bit number
                                                                                                                                                                                  : ... note: In instance 'tb.dut.u_4fc0e2ef899df534.ex_stage_i.lsu_i.gen_mmu.i_cva6_mmu.i_shared_tlb'
  666 |           gppn_i[CVA6Cfg.GPPNW-1:0] = pte[i][0].ppn[CVA6Cfg.GPPNW-1:0];
      |                 ^
                   ... For warning description see https://verilator.org/warn/SELRANGE?v=5.051
                   ... Use "/* verilator lint_off SELRANGE */" and lint_on around source to disable this message.
%Warning-SELRANGE: ../../../../../cva6_upstream_reference/vendor/pulp-platform/common_cells/include/../../../../../cva6_upstream_reference/core/cva6_mmu/cva6_shared_tlb.sv:666:17: Selection index out of range: 28:0 outside 26:0
                                                                                                                                                                                  : ... note: In instance 'tb.dut.u_4fc0e2ef899df534.ex_stage_i.lsu_i.gen_mmu.i_cva6_mmu.i_shared_tlb'
  666 |           gppn_i[CVA6Cfg.GPPNW-1:0] = pte[i][0].ppn[CVA6Cfg.GPPNW-1:0];
      |                 ^
%Warning-ASCRANGE: ../../../../../cva6_upstream_reference/vendor/pulp-platform/common_cells/include/../../../../../cva6_upstream_reference/core/cvfpu/src/fpnew_pkg.sv:60:17: Ascending bit range vector: left < right of bit range: [0:4]
                                                                                                                                                                            : ... note: In instance 'tb'
   60 |   typedef logic [0:NUM_FP_FORMATS-1][31:0] fmt_unsigned_t;  
      |                 ^
%Warning-ASCRANGE: ../../../../../cva6_upstream_reference/vendor/pulp-platform/common_cells/include/../../../../../cva6_upstream_reference/core/cvfpu/src/fpnew_pkg.sv:204:23: Ascending bit range vector: left < right of bit range: [0:4]
                                                                                                                                                                             : ... note: In instance 'tb'
  204 |   typedef unit_type_t [0:NUM_FP_FORMATS-1] fmt_unit_types_t;
      |                       ^
%Warning-ASCRANGE: ../../../../../cva6_upstream_reference/vendor/pulp-platform/common_cells/include/../../../../../cva6_upstream_reference/core/cvfpu/src/fpnew_pkg.sv:209:26: Ascending bit range vector: left < right of bit range: [0:3]
                                                                                                                                                                             : ... note: In instance 'tb'
  209 |   typedef fmt_unsigned_t [0:NUM_OPGROUPS-1] opgrp_fmt_unsigned_t;
      |                          ^
%Warning-ASCRANGE: ../../../../../cva6_upstream_reference/vendor/pulp-platform/common_cells/include/../../../../../cva6_upstream_reference/core/cvfpu/src/fpnew_pkg.sv:207:28: Ascending bit range vector: left < right of bit range: [0:3]
                                                                                                                                                                             : ... note: In instance 'tb'
  207 |   typedef fmt_unit_types_t [0:NUM_OPGROUPS-1] opgrp_fmt_unit_types_t;
      |                            ^
%Warning-SELRANGE: ../../../../../cva6_upstream_reference/vendor/pulp-platform/common_cells/include/../../../../../cva6_upstream_reference/core/issue_read_operands.sv:625:69: Selection index out of range: 2:2 outside 1:0
                                                                                                                                                                             : ... note: In instance 'tb.dut.u_4fc0e2ef899df534.issue_stage_i.i_issue_read_operands'
  625 |         if (OPERANDS_PER_INSTR == 3 && ~x_issue_resp_i.register_read[2]) begin
      |                                                                     ^
%Warning-SELRANGE: ../../../../../cva6_upstream_reference/vendor/pulp-platform/common_cells/include/../../../../../cva6_upstream_reference/core/issue_read_operands.sv:642:20: Selection index out of range: 1:1 outside 0:0
                                                                                                                                                                             : ... note: In instance 'tb.dut.u_4fc0e2ef899df534.issue_stage_i.i_issue_read_operands'
  642 |           stall_raw[1] = 1'b1;   
      |                    ^
%Warning-SELRANGE: ../../../../../cva6_upstream_reference/vendor/pulp-platform/common_cells/include/../../../../../cva6_upstream_reference/core/issue_read_operands.sv:654:20: Selection index out of range: 1:1 outside 0:0
                                                                                                                                                                             : ... note: In instance 'tb.dut.u_4fc0e2ef899df534.issue_stage_i.i_issue_read_operands'
  654 |           stall_raw[1] = 1'b1;   
      |                    ^
%Warning-SELRANGE: ../../../../../cva6_upstream_reference/vendor/pulp-platform/common_cells/include/../../../../../cva6_upstream_reference/core/issue_read_operands.sv:666:18: Selection index out of range: 1:1 outside 0:0
                                                                                                                                                                             : ... note: In instance 'tb.dut.u_4fc0e2ef899df534.issue_stage_i.i_issue_read_operands'
  666 |         stall_raw[1] = 1'b1;
      |                  ^
%Warning-SELRANGE: ../../../../../cva6_upstream_reference/vendor/pulp-platform/common_cells/include/../../../../../cva6_upstream_reference/core/issue_read_operands.sv:885:20: Selection index out of range: 1:1 outside 0:0
                                                                                                                                                                             : ... note: In instance 'tb.dut.u_4fc0e2ef899df534.issue_stage_i.i_issue_read_operands'
  885 |         issue_ack_o[1] = 1'b0;
      |                    ^
%Warning-SELRANGE: ../../../../../cva6_upstream_reference/vendor/pulp-platform/common_cells/include/../../../../../cva6_upstream_reference/core/ex_stage.sv:320:27: Selection index out of range: 1:1 outside 0:0
                                                                                                                                                                  : ... note: In instance 'tb.dut.u_4fc0e2ef899df534.ex_stage_i'
  320 |       if (one_cycle_select[1]) begin
      |                           ^
%Warning-SELRANGE: ../../../../../cva6_upstream_reference/vendor/pulp-platform/common_cells/include/../../../../../cva6_upstream_reference/core/ex_stage.sv:429:23: Selection index out of range: 1:1 outside 0:0
                                                                                                                                                                  : ... note: In instance 'tb.dut.u_4fc0e2ef899df534.ex_stage_i'
  429 |       if (mult_valid_i[1]) begin
      |                       ^
%Warning-SELRANGE: ../../../../../cva6_upstream_reference/vendor/pulp-platform/common_cells/include/../../../../../cva6_upstream_reference/core/ex_stage.sv:463:26: Selection index out of range: 1:1 outside 0:0
                                                                                                                                                                  : ... note: In instance 'tb.dut.u_4fc0e2ef899df534.ex_stage_i'
  463 |           if (fpu_valid_i[1]) begin
      |                          ^
%Warning-SELRANGE: ../../../../../cva6_upstream_reference/vendor/pulp-platform/common_cells/include/../../../../../cva6_upstream_reference/core/ex_stage.sv:536:22: Selection index out of range: 1:1 outside 0:0
                                                                                                                                                                  : ... note: In instance 'tb.dut.u_4fc0e2ef899df534.ex_stage_i'
  536 |       if (lsu_valid_i[1]) begin
      |                      ^
%Warning-SELRANGE: ../../../../../cva6_upstream_reference/vendor/pulp-platform/common_cells/include/../../../../../cva6_upstream_reference/core/ex_stage.sv:655:22: Selection index out of range: 1:1 outside 0:0
                                                                                                                                                                  : ... note: In instance 'tb.dut.u_4fc0e2ef899df534.ex_stage_i'
  655 |         if (x_valid_i[1]) begin
      |                      ^
%Warning-MULTIDRIVEN: ../../../../../cva6_upstream_reference/vendor/pulp-platform/common_cells/include/../../../../../../src/myfuzz/integration/rtl/riscv_boot_memory.sv:102:7: Variable written to in always_ff also written by other process (IEEE 1800-2023 9.2.2.4): 'pending'
                                                                                                                                                                              : ... note: In instance 'tb.dut.u_c_b6e969160e7b57d2'
                      ../../../../../cva6_upstream_reference/vendor/pulp-platform/common_cells/include/../../../../../../src/myfuzz/integration/rtl/riscv_boot_memory.sv:102:7: 
  102 |       pending <= 1'b0;
      |       ^~~~~~~
                      ../../../../../cva6_upstream_reference/vendor/pulp-platform/common_cells/include/../../../../../../src/myfuzz/integration/rtl/riscv_boot_memory.sv:89:5: ... Location of other write
   89 |     pending = 1'b0;
      |     ^~~~~~~
                      ... For warning description see https://verilator.org/warn/MULTIDRIVEN?v=5.051
                      ... Use "/* verilator lint_off MULTIDRIVEN */" and lint_on around source to disable this message.
%Warning-MULTIDRIVEN: ../../../../../cva6_upstream_reference/vendor/pulp-platform/common_cells/include/../../../../../../src/myfuzz/integration/rtl/riscv_boot_memory.sv:103:7: Variable written to in always_ff also written by other process (IEEE 1800-2023 9.2.2.4): 'rsp_valid'
                                                                                                                                                                              : ... note: In instance 'tb.dut.u_c_b6e969160e7b57d2'
                      ../../../../../cva6_upstream_reference/vendor/pulp-platform/common_cells/include/../../../../../../src/myfuzz/integration/rtl/riscv_boot_memory.sv:103:7: 
  103 |       rsp_valid <= 1'b0;
      |       ^~~~~~~~~
                      ../../../../../cva6_upstream_reference/vendor/pulp-platform/common_cells/include/../../../../../../src/myfuzz/integration/rtl/riscv_boot_memory.sv:90:5: ... Location of other write
   90 |     rsp_valid = 1'b0;
      |     ^~~~~~~~~
%Warning-MULTIDRIVEN: ../../../../../cva6_upstream_reference/vendor/pulp-platform/common_cells/include/../../../../../../src/myfuzz/integration/rtl/riscv_boot_memory.sv:104:7: Variable written to in always_ff also written by other process (IEEE 1800-2023 9.2.2.4): 'rdata'
                                                                                                                                                                              : ... note: In instance 'tb.dut.u_c_b6e969160e7b57d2'
                      ../../../../../cva6_upstream_reference/vendor/pulp-platform/common_cells/include/../../../../../../src/myfuzz/integration/rtl/riscv_boot_memory.sv:104:7: 
  104 |       rdata <= '0;
      |       ^~~~~
                      ../../../../../cva6_upstream_reference/vendor/pulp-platform/common_cells/include/../../../../../../src/myfuzz/integration/rtl/riscv_boot_memory.sv:91:5: ... Location of other write
   91 |     rdata = '0;
      |     ^~~~~
%Warning-MULTIDRIVEN: ../../../../../cva6_upstream_reference/vendor/pulp-platform/common_cells/include/../../../../../../src/myfuzz/integration/rtl/riscv_boot_memory.sv:105:7: Variable written to in always_ff also written by other process (IEEE 1800-2023 9.2.2.4): 'error'
                                                                                                                                                                              : ... note: In instance 'tb.dut.u_c_b6e969160e7b57d2'
                      ../../../../../cva6_upstream_reference/vendor/pulp-platform/common_cells/include/../../../../../../src/myfuzz/integration/rtl/riscv_boot_memory.sv:105:7: 
  105 |       error <= 1'b0;
      |       ^~~~~
                      ../../../../../cva6_upstream_reference/vendor/pulp-platform/common_cells/include/../../../../../../src/myfuzz/integration/rtl/riscv_boot_memory.sv:92:5: ... Location of other write
   92 |     error = 1'b0;
      |     ^~~~~
%Warning-MULTIDRIVEN: ../../../../../cva6_upstream_reference/vendor/pulp-platform/common_cells/include/../../../../../../src/myfuzz/integration/rtl/riscv_boot_memory.sv:117:14: Variable written to in always_ff also written by other process (IEEE 1800-2023 9.2.2.4): 'index'
                                                                                                                                                                               : ... note: In instance 'tb.dut.u_c_b6e969160e7b57d2'
                      ../../../../../cva6_upstream_reference/vendor/pulp-platform/common_cells/include/../../../../../../src/myfuzz/integration/rtl/riscv_boot_memory.sv:117:14: 
  117 |         for (index = 0; index < 8; index = index + 1) begin
      |              ^~~~~
                      ../../../../../cva6_upstream_reference/vendor/pulp-platform/common_cells/include/../../../../../../src/myfuzz/integration/rtl/riscv_boot_memory.sv:93:36: ... Location of other write
   93 |     for (index = 0; index < BYTES; index = index + 1) memory[index] = 8'h00;
      |                                    ^~~~~
%Warning-UNSIGNED: ../../../../../cva6_upstream_reference/vendor/pulp-platform/common_cells/include/../../../../../cva6_upstream_reference/vendor/pulp-platform/tech_cells_generic/src/rtl/tc_sram.sv:118:36: Comparison is constant due to unsigned arithmetic
                                                                                                                                                                                                            : ... note: In instance 'tb.dut.u_4fc0e2ef899df534.gen_cache_wt.i_cache_subsystem.i_wt_dcache.i_wt_dcache_mem.gen_data_banks[1].i_data_sram.genblk1.data_sram.gen_cut[7].i_tc_sram_wrapper.i_tc_sram'
  118 |         for (int unsigned j = 0; j < (Latency-1); j++) begin
      |                                    ^
                   ... For warning description see https://verilator.org/warn/UNSIGNED?v=5.051
                   ... Use "/* verilator lint_off UNSIGNED */" and lint_on around source to disable this message.
%Warning-UNSIGNED: ../../../../../cva6_upstream_reference/vendor/pulp-platform/common_cells/include/../../../../../cva6_upstream_reference/vendor/pulp-platform/common_cells/src/rr_arb_tree.sv:209:37: Comparison is constant due to unsigned arithmetic
                                                                                                                                                                                                      : ... note: In instance 'tb.dut.u_4fc0e2ef899df534.ex_stage_i.fpu_gen.fpu_i.fpu_gen.i_fpnew_bulk.gen_operation_groups[3].i_opgroup_block.i_arbiter'
  209 |           assign upper_mask[i] = (i >  rr_q) ? req_d[i] : 1'b0;
      |                                     ^
%Warning-UNSIGNED: ../../../../../cva6_upstream_reference/vendor/pulp-platform/common_cells/include/../../../../../cva6_upstream_reference/vendor/pulp-platform/common_cells/src/rr_arb_tree.sv:210:37: Comparison is constant due to unsigned arithmetic
                                                                                                                                                                                                      : ... note: In instance 'tb.dut.u_4fc0e2ef899df534.ex_stage_i.fpu_gen.fpu_i.fpu_gen.i_fpnew_bulk.gen_operation_groups[3].i_opgroup_block.i_arbiter'
  210 |           assign lower_mask[i] = (i <= rr_q) ? req_d[i] : 1'b0;
      |                                     ^~
%Warning-CMPCONST: ../../../../../cva6_upstream_reference/vendor/pulp-platform/common_cells/include/../../../../../cva6_upstream_reference/core/raw_checker.sv:50:41: Comparison is constant due to limited range
                                                                                                                                                                    : ... note: In instance 'tb.dut.u_4fc0e2ef899df534.issue_stage_i.i_issue_read_operands.gen_raw_checks[0].i_rs3_last_raw'
   50 |     assign same_rd_as_rs_before[i] = (i < issue_pointer_i) && same_rd_as_rs[i];
      |                                         ^
                   ... For warning description see https://verilator.org/warn/CMPCONST?v=5.051
                   ... Use "/* verilator lint_off CMPCONST */" and lint_on around source to disable this message.
%Warning-CMPCONST: ../../../../../cva6_upstream_reference/vendor/pulp-platform/common_cells/include/../../../../../cva6_upstream_reference/core/raw_checker.sv:51:40: Comparison is constant due to limited range
                                                                                                                                                                    : ... note: In instance 'tb.dut.u_4fc0e2ef899df534.issue_stage_i.i_issue_read_operands.gen_raw_checks[0].i_rs3_last_raw'
   51 |     assign same_rd_as_rs_after[i] = (i >= issue_pointer_i) && same_rd_as_rs[i];
      |                                        ^~
%Warning-SELRANGE: ../../../../../cva6_upstream_reference/vendor/pulp-platform/common_cells/include/../../../../../cva6_upstream_reference/core/issue_read_operands.sv:368:15: Selection index out of range: 1:1 outside 0:0
                                                                                                                                                                             : ... note: In instance 'tb.dut.u_4fc0e2ef899df534.issue_stage_i.i_issue_read_operands'
  368 |       fus_busy[1] = fus_busy[0];
      |               ^
%Warning-SELRANGE: ../../../../../cva6_upstream_reference/vendor/pulp-platform/common_cells/include/../../../../../cva6_upstream_reference/core/issue_read_operands.sv:371:15: Selection index out of range: 1:1 outside 0:0
                                                                                                                                                                             : ... note: In instance 'tb.dut.u_4fc0e2ef899df534.issue_stage_i.i_issue_read_operands'
  371 |       fus_busy[1].csr = 1'b1;
      |               ^
%Warning-SELRANGE: ../../../../../cva6_upstream_reference/vendor/pulp-platform/common_cells/include/../../../../../cva6_upstream_reference/core/issue_read_operands.sv:373:15: Selection index out of range: 1:1 outside 0:0
                                                                                                                                                                             : ... note: In instance 'tb.dut.u_4fc0e2ef899df534.issue_stage_i.i_issue_read_operands'
  373 |       fus_busy[1].cvxif = 1'b1;
      |               ^
%Warning-SELRANGE: ../../../../../cva6_upstream_reference/vendor/pulp-platform/common_cells/include/../../../../../cva6_upstream_reference/core/issue_read_operands.sv:376:23: Selection index out of range: 1:1 outside 0:0
                                                                                                                                                                             : ... note: In instance 'tb.dut.u_4fc0e2ef899df534.issue_stage_i.i_issue_read_operands'
  376 |         NONE: fus_busy[1].none = 1'b1;
      |                       ^
%Warning-SELRANGE: ../../../../../cva6_upstream_reference/vendor/pulp-platform/common_cells/include/../../../../../cva6_upstream_reference/core/issue_read_operands.sv:380:21: Selection index out of range: 1:1 outside 0:0
                                                                                                                                                                             : ... note: In instance 'tb.dut.u_4fc0e2ef899df534.issue_stage_i.i_issue_read_operands'
  380 |             fus_busy[1].alu = 1'b1;
      |                     ^
%Warning-SELRANGE: ../../../../../cva6_upstream_reference/vendor/pulp-platform/common_cells/include/../../../../../cva6_upstream_reference/core/issue_read_operands.sv:381:21: Selection index out of range: 1:1 outside 0:0
                                                                                                                                                                             : ... note: In instance 'tb.dut.u_4fc0e2ef899df534.issue_stage_i.i_issue_read_operands'
  381 |             fus_busy[1].ctrl_flow = 1'b1;
      |                     ^
%Warning-SELRANGE: ../../../../../cva6_upstream_reference/vendor/pulp-platform/common_cells/include/../../../../../cva6_upstream_reference/core/issue_read_operands.sv:382:21: Selection index out of range: 1:1 outside 0:0
                                                                                                                                                                             : ... note: In instance 'tb.dut.u_4fc0e2ef899df534.issue_stage_i.i_issue_read_operands'
  382 |             fus_busy[1].csr = 1'b1;
      |                     ^
%Warning-SELRANGE: ../../../../../cva6_upstream_reference/vendor/pulp-platform/common_cells/include/../../../../../cva6_upstream_reference/core/issue_read_operands.sv:384:21: Selection index out of range: 1:1 outside 0:0
                                                                                                                                                                             : ... note: In instance 'tb.dut.u_4fc0e2ef899df534.issue_stage_i.i_issue_read_operands'
  384 |             fus_busy[1].store = 1'b1;
      |                     ^
%Warning-SELRANGE: ../../../../../cva6_upstream_reference/vendor/pulp-platform/common_cells/include/../../../../../cva6_upstream_reference/core/issue_read_operands.sv:388:23: Selection index out of range: 1:1 outside 0:0
                                                                                                                                                                             : ... note: In instance 'tb.dut.u_4fc0e2ef899df534.issue_stage_i.i_issue_read_operands'
  388 |               fus_busy[1].alu = 1'b1;
      |                       ^
%Warning-SELRANGE: ../../../../../cva6_upstream_reference/vendor/pulp-platform/common_cells/include/../../../../../cva6_upstream_reference/core/issue_read_operands.sv:389:23: Selection index out of range: 1:1 outside 0:0
                                                                                                                                                                             : ... note: In instance 'tb.dut.u_4fc0e2ef899df534.issue_stage_i.i_issue_read_operands'
  389 |               fus_busy[1].ctrl_flow = 1'b1;
      |                       ^
%Warning-SELRANGE: ../../../../../cva6_upstream_reference/vendor/pulp-platform/common_cells/include/../../../../../cva6_upstream_reference/core/issue_read_operands.sv:390:23: Selection index out of range: 1:1 outside 0:0
                                                                                                                                                                             : ... note: In instance 'tb.dut.u_4fc0e2ef899df534.issue_stage_i.i_issue_read_operands'
  390 |               fus_busy[1].csr = 1'b1;
      |                       ^
%Warning-SELRANGE: ../../../../../cva6_upstream_reference/vendor/pulp-platform/common_cells/include/../../../../../cva6_upstream_reference/core/issue_read_operands.sv:393:23: Selection index out of range: 1:1 outside 0:0
                                                                                                                                                                             : ... note: In instance 'tb.dut.u_4fc0e2ef899df534.issue_stage_i.i_issue_read_operands'
  393 |               fus_busy[1] = '1;
      |                       ^
%Warning-SELRANGE: ../../../../../cva6_upstream_reference/vendor/pulp-platform/common_cells/include/../../../../../cva6_upstream_reference/core/issue_read_operands.sv:399:21: Selection index out of range: 1:1 outside 0:0
                                                                                                                                                                             : ... note: In instance 'tb.dut.u_4fc0e2ef899df534.issue_stage_i.i_issue_read_operands'
  399 |             fus_busy[1].alu2 = 1'b1;
      |                     ^
%Warning-SELRANGE: ../../../../../cva6_upstream_reference/vendor/pulp-platform/common_cells/include/../../../../../cva6_upstream_reference/core/issue_read_operands.sv:401:21: Selection index out of range: 1:1 outside 0:0
                                                                                                                                                                             : ... note: In instance 'tb.dut.u_4fc0e2ef899df534.issue_stage_i.i_issue_read_operands'
  401 |             fus_busy[1].alu = 1'b1;
      |                     ^
%Warning-SELRANGE: ../../../../../cva6_upstream_reference/vendor/pulp-platform/common_cells/include/../../../../../cva6_upstream_reference/core/issue_read_operands.sv:402:21: Selection index out of range: 1:1 outside 0:0
                                                                                                                                                                             : ... note: In instance 'tb.dut.u_4fc0e2ef899df534.issue_stage_i.i_issue_read_operands'
  402 |             fus_busy[1].ctrl_flow = 1'b1;
      |                     ^
%Warning-SELRANGE: ../../../../../cva6_upstream_reference/vendor/pulp-platform/common_cells/include/../../../../../cva6_upstream_reference/core/issue_read_operands.sv:403:21: Selection index out of range: 1:1 outside 0:0
                                                                                                                                                                             : ... note: In instance 'tb.dut.u_4fc0e2ef899df534.issue_stage_i.i_issue_read_operands'
  403 |             fus_busy[1].csr = 1'b1;
      |                     ^
%Warning-SELRANGE: ../../../../../cva6_upstream_reference/vendor/pulp-platform/common_cells/include/../../../../../cva6_upstream_reference/core/issue_read_operands.sv:408:19: Selection index out of range: 1:1 outside 0:0
                                                                                                                                                                             : ... note: In instance 'tb.dut.u_4fc0e2ef899df534.issue_stage_i.i_issue_read_operands'
  408 |           fus_busy[1] = '1;
      |                   ^
%Warning-SELRANGE: ../../../../../cva6_upstream_reference/vendor/pulp-platform/common_cells/include/../../../../../cva6_upstream_reference/core/issue_read_operands.sv:410:23: Selection index out of range: 1:1 outside 0:0
                                                                                                                                                                             : ... note: In instance 'tb.dut.u_4fc0e2ef899df534.issue_stage_i.i_issue_read_operands'
  410 |         MULT: fus_busy[1].mult = 1'b1;
      |                       ^
%Warning-SELRANGE: ../../../../../cva6_upstream_reference/vendor/pulp-platform/common_cells/include/../../../../../cva6_upstream_reference/core/issue_read_operands.sv:412:19: Selection index out of range: 1:1 outside 0:0
                                                                                                                                                                             : ... note: In instance 'tb.dut.u_4fc0e2ef899df534.issue_stage_i.i_issue_read_operands'
  412 |           fus_busy[1].fpu = 1'b1;
      |                   ^
%Warning-SELRANGE: ../../../../../cva6_upstream_reference/vendor/pulp-platform/common_cells/include/../../../../../cva6_upstream_reference/core/issue_read_operands.sv:413:19: Selection index out of range: 1:1 outside 0:0
                                                                                                                                                                             : ... note: In instance 'tb.dut.u_4fc0e2ef899df534.issue_stage_i.i_issue_read_operands'
  413 |           fus_busy[1].fpu_vec = 1'b1;
      |                   ^
%Warning-SELRANGE: ../../../../../cva6_upstream_reference/vendor/pulp-platform/common_cells/include/../../../../../cva6_upstream_reference/core/issue_read_operands.sv:414:28: Selection index out of range: 1:1 outside 0:0
                                                                                                                                                                             : ... note: In instance 'tb.dut.u_4fc0e2ef899df534.issue_stage_i.i_issue_read_operands'
  414 |           if (issue_instr_i[1].op inside {[FLD : FSB]}) begin
      |                            ^
%Warning-SELRANGE: ../../../../../cva6_upstream_reference/vendor/pulp-platform/common_cells/include/../../../../../cva6_upstream_reference/core/issue_read_operands.sv:415:21: Selection index out of range: 1:1 outside 0:0
                                                                                                                                                                             : ... note: In instance 'tb.dut.u_4fc0e2ef899df534.issue_stage_i.i_issue_read_operands'
  415 |             fus_busy[1].load  = 1'b1;
      |                     ^
%Warning-SELRANGE: ../../../../../cva6_upstream_reference/vendor/pulp-platform/common_cells/include/../../../../../cva6_upstream_reference/core/issue_read_operands.sv:416:21: Selection index out of range: 1:1 outside 0:0
                                                                                                                                                                             : ... note: In instance 'tb.dut.u_4fc0e2ef899df534.issue_stage_i.i_issue_read_operands'
  416 |             fus_busy[1].store = 1'b1;
      |                     ^
%Warning-SELRANGE: ../../../../../cva6_upstream_reference/vendor/pulp-platform/common_cells/include/../../../../../cva6_upstream_reference/core/issue_read_operands.sv:420:19: Selection index out of range: 1:1 outside 0:0
                                                                                                                                                                             : ... note: In instance 'tb.dut.u_4fc0e2ef899df534.issue_stage_i.i_issue_read_operands'
  420 |           fus_busy[1].load  = 1'b1;
      |                   ^
%Warning-SELRANGE: ../../../../../cva6_upstream_reference/vendor/pulp-platform/common_cells/include/../../../../../cva6_upstream_reference/core/issue_read_operands.sv:421:19: Selection index out of range: 1:1 outside 0:0
                                                                                                                                                                             : ... note: In instance 'tb.dut.u_4fc0e2ef899df534.issue_stage_i.i_issue_read_operands'
  421 |           fus_busy[1].store = 1'b1;
      |                   ^
%Warning-SELRANGE: ../../../../../cva6_upstream_reference/vendor/pulp-platform/common_cells/include/../../../../../cva6_upstream_reference/core/issue_read_operands.sv:423:21: Selection index out of range: 1:1 outside 0:0
                                                                                                                                                                             : ... note: In instance 'tb.dut.u_4fc0e2ef899df534.issue_stage_i.i_issue_read_operands'
  423 |             fus_busy[1].fpu = 1'b1;
      |                     ^
%Warning-SELRANGE: ../../../../../cva6_upstream_reference/vendor/pulp-platform/common_cells/include/../../../../../cva6_upstream_reference/core/issue_read_operands.sv:424:21: Selection index out of range: 1:1 outside 0:0
                                                                                                                                                                             : ... note: In instance 'tb.dut.u_4fc0e2ef899df534.issue_stage_i.i_issue_read_operands'
  424 |             fus_busy[1].fpu_vec = 1'b1;
      |                     ^
%Warning-SELRANGE: ../../../../../cva6_upstream_reference/vendor/pulp-platform/common_cells/include/../../../../../cva6_upstream_reference/core/issue_read_operands.sv:634:25: Selection index out of range: 1:1 outside 0:0
                                                                                                                                                                             : ... note: In instance 'tb.dut.u_4fc0e2ef899df534.issue_stage_i.i_issue_read_operands'
  634 |       if (!issue_instr_i[1].use_zimm && (!CVA6Cfg.FpPresent || (is_rs1_fpr(
      |                         ^
%Warning-SELRANGE: ../../../../../cva6_upstream_reference/vendor/pulp-platform/common_cells/include/../../../../../cva6_upstream_reference/core/issue_read_operands.sv:635:28: Selection index out of range: 1:1 outside 0:0
                                                                                                                                                                             : ... note: In instance 'tb.dut.u_4fc0e2ef899df534.issue_stage_i.i_issue_read_operands'
  635 |               issue_instr_i[1].op
      |                            ^
%Warning-SELRANGE: ../../../../../cva6_upstream_reference/vendor/pulp-platform/common_cells/include/../../../../../cva6_upstream_reference/core/issue_read_operands.sv:638:31: Selection index out of range: 1:1 outside 0:0
                                                                                                                                                                             : ... note: In instance 'tb.dut.u_4fc0e2ef899df534.issue_stage_i.i_issue_read_operands'
  638 |           ))) && issue_instr_i[1].rs1 == issue_instr_i[0].rd && issue_instr_i[1].rs1 != '0) begin
      |                               ^
%Warning-SELRANGE: ../../../../../cva6_upstream_reference/vendor/pulp-platform/common_cells/include/../../../../../cva6_upstream_reference/core/issue_read_operands.sv:638:78: Selection index out of range: 1:1 outside 0:0
                                                                                                                                                                             : ... note: In instance 'tb.dut.u_4fc0e2ef899df534.issue_stage_i.i_issue_read_operands'
  638 |           ))) && issue_instr_i[1].rs1 == issue_instr_i[0].rd && issue_instr_i[1].rs1 != '0) begin
      |                                                                              ^
%Warning-SELRANGE: ../../../../../cva6_upstream_reference/vendor/pulp-platform/common_cells/include/../../../../../cva6_upstream_reference/core/issue_read_operands.sv:647:28: Selection index out of range: 1:1 outside 0:0
                                                                                                                                                                             : ... note: In instance 'tb.dut.u_4fc0e2ef899df534.issue_stage_i.i_issue_read_operands'
  647 |               issue_instr_i[1].op
      |                            ^
%Warning-SELRANGE: ../../../../../cva6_upstream_reference/vendor/pulp-platform/common_cells/include/../../../../../cva6_upstream_reference/core/issue_read_operands.sv:650:31: Selection index out of range: 1:1 outside 0:0
                                                                                                                                                                             : ... note: In instance 'tb.dut.u_4fc0e2ef899df534.issue_stage_i.i_issue_read_operands'
  650 |           ))) && issue_instr_i[1].rs2 == issue_instr_i[0].rd && issue_instr_i[1].rs2 != '0) begin
      |                               ^
%Warning-SELRANGE: ../../../../../cva6_upstream_reference/vendor/pulp-platform/common_cells/include/../../../../../cva6_upstream_reference/core/issue_read_operands.sv:650:78: Selection index out of range: 1:1 outside 0:0
                                                                                                                                                                             : ... note: In instance 'tb.dut.u_4fc0e2ef899df534.issue_stage_i.i_issue_read_operands'
  650 |           ))) && issue_instr_i[1].rs2 == issue_instr_i[0].rd && issue_instr_i[1].rs2 != '0) begin
      |                                                                              ^
%Warning-SELRANGE: ../../../../../cva6_upstream_reference/vendor/pulp-platform/common_cells/include/../../../../../cva6_upstream_reference/core/issue_read_operands.sv:660:28: Selection index out of range: 1:1 outside 0:0
                                                                                                                                                                             : ... note: In instance 'tb.dut.u_4fc0e2ef899df534.issue_stage_i.i_issue_read_operands'
  660 |               issue_instr_i[1].op
      |                            ^
%Warning-SELRANGE: ../../../../../cva6_upstream_reference/vendor/pulp-platform/common_cells/include/../../../../../cva6_upstream_reference/core/issue_read_operands.sv:663:52: Selection index out of range: 1:1 outside 0:0
                                                                                                                                                                             : ... note: In instance 'tb.dut.u_4fc0e2ef899df534.issue_stage_i.i_issue_read_operands'
  663 |           ) && issue_instr_i[0].rd == issue_instr_i[1].result[REG_ADDR_SIZE-1:0] :
      |                                                    ^
%Warning-SELRANGE: ../../../../../cva6_upstream_reference/vendor/pulp-platform/common_cells/include/../../../../../cva6_upstream_reference/core/issue_read_operands.sv:664:28: Selection index out of range: 1:1 outside 0:0
                                                                                                                                                                             : ... note: In instance 'tb.dut.u_4fc0e2ef899df534.issue_stage_i.i_issue_read_operands'
  664 |               issue_instr_i[1].op == OFFLOAD && OPERANDS_PER_INSTR == 3 ?
      |                            ^
%Warning-SELRANGE: ../../../../../cva6_upstream_reference/vendor/pulp-platform/common_cells/include/../../../../../cva6_upstream_reference/core/issue_read_operands.sv:966:24: Selection index out of range: 1:1 outside 0:0
                                                                                                                                                                             : ... note: In instance 'tb.dut.u_4fc0e2ef899df534.issue_stage_i.i_issue_read_operands'
  966 |           issue_instr_i[1].result[4:0], issue_instr_i[1].rs2[4:0], issue_instr_i[1].rs1[4:0]
      |                        ^
%Warning-SELRANGE: ../../../../../cva6_upstream_reference/vendor/pulp-platform/common_cells/include/../../../../../cva6_upstream_reference/core/issue_read_operands.sv:966:54: Selection index out of range: 1:1 outside 0:0
                                                                                                                                                                             : ... note: In instance 'tb.dut.u_4fc0e2ef899df534.issue_stage_i.i_issue_read_operands'
  966 |           issue_instr_i[1].result[4:0], issue_instr_i[1].rs2[4:0], issue_instr_i[1].rs1[4:0]
      |                                                      ^
%Warning-SELRANGE: ../../../../../cva6_upstream_reference/vendor/pulp-platform/common_cells/include/../../../../../cva6_upstream_reference/core/issue_read_operands.sv:966:81: Selection index out of range: 1:1 outside 0:0
                                                                                                                                                                             : ... note: In instance 'tb.dut.u_4fc0e2ef899df534.issue_stage_i.i_issue_read_operands'
  966 |           issue_instr_i[1].result[4:0], issue_instr_i[1].rs2[4:0], issue_instr_i[1].rs1[4:0]
      |                                                                                 ^
%Warning-SELRANGE: ../../../../../cva6_upstream_reference/vendor/pulp-platform/common_cells/include/../../../../../cva6_upstream_reference/core/issue_read_operands.sv:1046:24: Selection index out of range: 1:1 outside 0:0
                                                                                                                                                                              : ... note: In instance 'tb.dut.u_4fc0e2ef899df534.issue_stage_i.i_issue_read_operands'
 1046 |       if (issue_instr_i[1].fu == CTRL_FLOW) begin
      |                        ^
%Warning-SELRANGE: ../../../../../cva6_upstream_reference/vendor/pulp-platform/common_cells/include/../../../../../cva6_upstream_reference/core/issue_read_operands.sv:1047:46: Selection index out of range: 1:1 outside 0:0
                                                                                                                                                                              : ... note: In instance 'tb.dut.u_4fc0e2ef899df534.issue_stage_i.i_issue_read_operands'
 1047 |         pc_n                  = issue_instr_i[1].pc;
      |                                              ^
%Warning-SELRANGE: ../../../../../cva6_upstream_reference/vendor/pulp-platform/common_cells/include/../../../../../cva6_upstream_reference/core/issue_read_operands.sv:1048:46: Selection index out of range: 1:1 outside 0:0
                                                                                                                                                                              : ... note: In instance 'tb.dut.u_4fc0e2ef899df534.issue_stage_i.i_issue_read_operands'
 1048 |         is_compressed_instr_n = issue_instr_i[1].is_compressed;
      |                                              ^
%Warning-SELRANGE: ../../../../../cva6_upstream_reference/vendor/pulp-platform/common_cells/include/../../../../../cva6_upstream_reference/core/issue_read_operands.sv:1049:46: Selection index out of range: 1:1 outside 0:0
                                                                                                                                                                              : ... note: In instance 'tb.dut.u_4fc0e2ef899df534.issue_stage_i.i_issue_read_operands'
 1049 |         branch_predict_n      = issue_instr_i[1].bp;
      |                                              ^
%Warning-SELRANGE: ../../../../../cva6_upstream_reference/vendor/pulp-platform/common_cells/include/../../../../../cva6_upstream_reference/core/ex_stage.sv:321:35: Selection index out of range: 1:1 outside 0:0
                                                                                                                                                                  : ... note: In instance 'tb.dut.u_4fc0e2ef899df534.ex_stage_i'
  321 |         one_cycle_data = fu_data_i[1];
      |                                   ^
%Warning-SELRANGE: ../../../../../cva6_upstream_reference/vendor/pulp-platform/common_cells/include/../../../../../cva6_upstream_reference/core/ex_stage.sv:430:30: Selection index out of range: 1:1 outside 0:0
                                                                                                                                                                  : ... note: In instance 'tb.dut.u_4fc0e2ef899df534.ex_stage_i'
  430 |         mult_data = fu_data_i[1];
      |                              ^
%Warning-SELRANGE: ../../../../../cva6_upstream_reference/vendor/pulp-platform/common_cells/include/../../../../../cva6_upstream_reference/core/ex_stage.sv:464:33: Selection index out of range: 1:1 outside 0:0
                                                                                                                                                                  : ... note: In instance 'tb.dut.u_4fc0e2ef899df534.ex_stage_i'
  464 |             fpu_data = fu_data_i[1];
      |                                 ^
%Warning-SELRANGE: ../../../../../cva6_upstream_reference/vendor/pulp-platform/common_cells/include/../../../../../cva6_upstream_reference/core/ex_stage.sv:537:30: Selection index out of range: 1:1 outside 0:0
                                                                                                                                                                  : ... note: In instance 'tb.dut.u_4fc0e2ef899df534.ex_stage_i'
  537 |         lsu_data  = fu_data_i[1];
      |                              ^
%Warning-SELRANGE: ../../../../../cva6_upstream_reference/vendor/pulp-platform/common_cells/include/../../../../../cva6_upstream_reference/core/ex_stage.sv:656:33: Selection index out of range: 1:1 outside 0:0
                                                                                                                                                                  : ... note: In instance 'tb.dut.u_4fc0e2ef899df534.ex_stage_i'
  656 |           cvxif_data = fu_data_i[1];
      |                                 ^
%Warning-UNSIGNED: generic_composition_top.sv:44:63: Comparison is constant due to unsigned arithmetic
                                                   : ... note: In instance 'tb.dut'
   44 |   assign r_08a25da31160fb91_mapped = (r_08a25da31160fb91_addr >= 64'h0 && r_08a25da31160fb91_addr < 64'h1000);
      |                                                               ^~
%Warning-UNSIGNED: generic_composition_top.sv:146:58: Comparison is constant due to unsigned arithmetic
                                                    : ... note: In instance 'tb.dut'
  146 |   assign c_b6e969160e7b57d2_select = backend_target_addr >= 64'h0 && backend_target_addr < 64'h1000;
      |                                                          ^~
%Warning-SYMRSVDWORD: ../../../../../cva6_upstream_reference/vendor/pulp-platform/common_cells/include/../../../../../cva6_upstream_reference/core/cva6.sv:318:24: Symbol matches C++ keyword: 'register'
  318 |     x_register_t       register; 
      |                        ^~~~~~~~
                      ... For warning description see https://verilator.org/warn/SYMRSVDWORD?v=5.051
                      ... Use "/* verilator lint_off SYMRSVDWORD */" and lint_on around source to disable this message.
%Warning-LATCH: ../../../../../cva6_upstream_reference/vendor/pulp-platform/common_cells/include/../../../../../cva6_upstream_reference/core/cva6_fifo_v3.sv:75:3: Latch inferred for signal 'tb.dut.u_4fc0e2ef899df534.gen_cache_wt.i_cache_subsystem.i_wt_dcache.i_wt_dcache_wbuffer.i_rtrn_id_fifo.data_ft_n' (not all control paths of combinational always assign a value)
                                                                                                                                                                 : ... Suggest use of always_latch for intentional latches
   75 |   always_comb begin : read_write_comb
      |   ^~~~~~~~~~~
                ... For warning description see https://verilator.org/warn/LATCH?v=5.051
                ... Use "/* verilator lint_off LATCH */" and lint_on around source to disable this message.
%Warning-LATCH: ../../../../../cva6_upstream_reference/vendor/pulp-platform/common_cells/include/../../../../../cva6_upstream_reference/core/cva6_fifo_v3.sv:75:3: Latch inferred for signal 'tb.dut.u_4fc0e2ef899df534.gen_cache_wt.i_cache_subsystem.i_wt_dcache.i_wt_dcache_wbuffer.i_rtrn_id_fifo.fifo_ram_read_address' (not all control paths of combinational always assign a value)
                                                                                                                                                                 : ... Suggest use of always_latch for intentional latches
   75 |   always_comb begin : read_write_comb
      |   ^~~~~~~~~~~
%Warning-LATCH: ../../../../../cva6_upstream_reference/vendor/pulp-platform/common_cells/include/../../../../../cva6_upstream_reference/core/cva6_fifo_v3.sv:75:3: Latch inferred for signal 'tb.dut.u_4fc0e2ef899df534.gen_cache_wt.i_cache_subsystem.i_adapter.i_wr_dcache_id.data_ft_n' (not all control paths of combinational always assign a value)
                                                                                                                                                                 : ... Suggest use of always_latch for intentional latches
   75 |   always_comb begin : read_write_comb
      |   ^~~~~~~~~~~
%Warning-LATCH: ../../../../../cva6_upstream_reference/vendor/pulp-platform/common_cells/include/../../../../../cva6_upstream_reference/core/cva6_fifo_v3.sv:75:3: Latch inferred for signal 'tb.dut.u_4fc0e2ef899df534.gen_cache_wt.i_cache_subsystem.i_adapter.i_wr_dcache_id.fifo_ram_read_address' (not all control paths of combinational always assign a value)
                                                                                                                                                                 : ... Suggest use of always_latch for intentional latches
   75 |   always_comb begin : read_write_comb
      |   ^~~~~~~~~~~
%Warning-LATCH: ../../../../../cva6_upstream_reference/vendor/pulp-platform/common_cells/include/../../../../../cva6_upstream_reference/core/cva6_fifo_v3.sv:75:3: Latch inferred for signal 'tb.dut.u_4fc0e2ef899df534.gen_cache_wt.i_cache_subsystem.i_adapter.i_rd_dcache_id.data_ft_n' (not all control paths of combinational always assign a value)
                                                                                                                                                                 : ... Suggest use of always_latch for intentional latches
   75 |   always_comb begin : read_write_comb
      |   ^~~~~~~~~~~
%Warning-LATCH: ../../../../../cva6_upstream_reference/vendor/pulp-platform/common_cells/include/../../../../../cva6_upstream_reference/core/cva6_fifo_v3.sv:75:3: Latch inferred for signal 'tb.dut.u_4fc0e2ef899df534.gen_cache_wt.i_cache_subsystem.i_adapter.i_rd_dcache_id.fifo_ram_read_address' (not all control paths of combinational always assign a value)
                                                                                                                                                                 : ... Suggest use of always_latch for intentional latches
   75 |   always_comb begin : read_write_comb
      |   ^~~~~~~~~~~
%Warning-LATCH: ../../../../../cva6_upstream_reference/vendor/pulp-platform/common_cells/include/../../../../../cva6_upstream_reference/core/cva6_fifo_v3.sv:75:3: Latch inferred for signal 'tb.dut.u_4fc0e2ef899df534.gen_cache_wt.i_cache_subsystem.i_adapter.i_rd_icache_id.data_ft_n' (not all control paths of combinational always assign a value)
                                                                                                                                                                 : ... Suggest use of always_latch for intentional latches
   75 |   always_comb begin : read_write_comb
      |   ^~~~~~~~~~~
%Warning-LATCH: ../../../../../cva6_upstream_reference/vendor/pulp-platform/common_cells/include/../../../../../cva6_upstream_reference/core/cva6_fifo_v3.sv:75:3: Latch inferred for signal 'tb.dut.u_4fc0e2ef899df534.gen_cache_wt.i_cache_subsystem.i_adapter.i_rd_icache_id.fifo_ram_read_address' (not all control paths of combinational always assign a value)
                                                                                                                                                                 : ... Suggest use of always_latch for intentional latches
   75 |   always_comb begin : read_write_comb
      |   ^~~~~~~~~~~
%Warning-LATCH: ../../../../../cva6_upstream_reference/vendor/pulp-platform/common_cells/include/../../../../../cva6_upstream_reference/core/cva6_fifo_v3.sv:75:3: Latch inferred for signal 'tb.dut.u_4fc0e2ef899df534.gen_cache_wt.i_cache_subsystem.i_adapter.i_b_fifo.data_ft_n' (not all control paths of combinational always assign a value)
                                                                                                                                                                 : ... Suggest use of always_latch for intentional latches
   75 |   always_comb begin : read_write_comb
      |   ^~~~~~~~~~~
%Warning-LATCH: ../../../../../cva6_upstream_reference/vendor/pulp-platform/common_cells/include/../../../../../cva6_upstream_reference/core/cva6_fifo_v3.sv:75:3: Latch inferred for signal 'tb.dut.u_4fc0e2ef899df534.gen_cache_wt.i_cache_subsystem.i_adapter.i_b_fifo.first_word_n' (not all control paths of combinational always assign a value)
                                                                                                                                                                 : ... Suggest use of always_latch for intentional latches
   75 |   always_comb begin : read_write_comb
      |   ^~~~~~~~~~~
%Warning-LATCH: ../../../../../cva6_upstream_reference/vendor/pulp-platform/common_cells/include/../../../../../cva6_upstream_reference/core/cva6_fifo_v3.sv:75:3: Latch inferred for signal 'tb.dut.u_4fc0e2ef899df534.gen_cache_wt.i_cache_subsystem.i_adapter.i_b_fifo.fifo_ram_read_address' (not all control paths of combinational always assign a value)
                                                                                                                                                                 : ... Suggest use of always_latch for intentional latches
   75 |   always_comb begin : read_write_comb
      |   ^~~~~~~~~~~
%Warning-LATCH: ../../../../../cva6_upstream_reference/vendor/pulp-platform/common_cells/include/../../../../../cva6_upstream_reference/core/cva6_fifo_v3.sv:75:3: Latch inferred for signal 'tb.dut.u_4fc0e2ef899df534.gen_cache_wt.i_cache_subsystem.i_adapter.i_dcache_data_fifo.data_ft_n' (not all control paths of combinational always assign a value)
                                                                                                                                                                 : ... Suggest use of always_latch for intentional latches
   75 |   always_comb begin : read_write_comb
      |   ^~~~~~~~~~~
%Warning-LATCH: ../../../../../cva6_upstream_reference/vendor/pulp-platform/common_cells/include/../../../../../cva6_upstream_reference/core/cva6_fifo_v3.sv:75:3: Latch inferred for signal 'tb.dut.u_4fc0e2ef899df534.gen_cache_wt.i_cache_subsystem.i_adapter.i_dcache_data_fifo.fifo_ram_read_address' (not all control paths of combinational always assign a value)
                                                                                                                                                                 : ... Suggest use of always_latch for intentional latches
   75 |   always_comb begin : read_write_comb
      |   ^~~~~~~~~~~
%Warning-LATCH: ../../../../../cva6_upstream_reference/vendor/pulp-platform/common_cells/include/../../../../../cva6_upstream_reference/core/cva6_fifo_v3.sv:75:3: Latch inferred for signal 'tb.dut.u_4fc0e2ef899df534.gen_cache_wt.i_cache_subsystem.i_adapter.i_icache_data_fifo.data_ft_n' (not all control paths of combinational always assign a value)
                                                                                                                                                                 : ... Suggest use of always_latch for intentional latches
   75 |   always_comb begin : read_write_comb
      |   ^~~~~~~~~~~
%Warning-LATCH: ../../../../../cva6_upstream_reference/vendor/pulp-platform/common_cells/include/../../../../../cva6_upstream_reference/core/cva6_fifo_v3.sv:75:3: Latch inferred for signal 'tb.dut.u_4fc0e2ef899df534.gen_cache_wt.i_cache_subsystem.i_adapter.i_icache_data_fifo.fifo_ram_read_address' (not all control paths of combinational always assign a value)
                                                                                                                                                                 : ... Suggest use of always_latch for intentional latches
   75 |   always_comb begin : read_write_comb
      |   ^~~~~~~~~~~
%Warning-LATCH: ../../../../../cva6_upstream_reference/vendor/pulp-platform/common_cells/include/../../../../../cva6_upstream_reference/core/cva6_mmu/cva6_mmu.sv:375:3: Latch inferred for signal 'tb.dut.u_4fc0e2ef899df534.ex_stage_i.lsu_i.gen_mmu.i_cva6_mmu.final_fetch_ppn' (not all control paths of combinational always assign a value)
                                                                                                                                                                       : ... Suggest use of always_latch for intentional latches
  375 |   always_comb begin : instr_interface
      |   ^~~~~~~~~~~
%Warning-LATCH: ../../../../../cva6_upstream_reference/vendor/pulp-platform/common_cells/include/../../../../../cva6_upstream_reference/core/cva6_mmu/cva6_tlb.sv:184:3: Latch inferred for signal 'tb.dut.u_4fc0e2ef899df534.ex_stage_i.lsu_i.gen_mmu.i_cva6_mmu.i_dtlb.patched_pte' (not all control paths of combinational always assign a value)
                                                                                                                                                                       : ... Suggest use of always_latch for intentional latches
  184 |   always_comb begin : translation
      |   ^~~~~~~~~~~
%Warning-LATCH: ../../../../../cva6_upstream_reference/vendor/pulp-platform/common_cells/include/../../../../../cva6_upstream_reference/core/cva6_mmu/cva6_tlb.sv:298:3: Latch inferred for signal 'tb.dut.u_4fc0e2ef899df534.ex_stage_i.lsu_i.gen_mmu.i_cva6_mmu.i_dtlb.temp_stored_vpn' (not all control paths of combinational always assign a value)
                                                                                                                                                                       : ... Suggest use of always_latch for intentional latches
  298 |   always_comb begin : update_flush
      |   ^~~~~~~~~~~
%Warning-LATCH: ../../../../../cva6_upstream_reference/vendor/pulp-platform/common_cells/include/../../../../../cva6_upstream_reference/core/cva6_mmu/cva6_tlb.sv:298:3: Latch inferred for signal 'tb.dut.u_4fc0e2ef899df534.ex_stage_i.lsu_i.gen_mmu.i_cva6_mmu.i_dtlb.flush_vpn_masked' (not all control paths of combinational always assign a value)
                                                                                                                                                                       : ... Suggest use of always_latch for intentional latches
  298 |   always_comb begin : update_flush
      |   ^~~~~~~~~~~
%Warning-LATCH: ../../../../../cva6_upstream_reference/vendor/pulp-platform/common_cells/include/../../../../../cva6_upstream_reference/core/cva6_mmu/cva6_tlb.sv:298:3: Latch inferred for signal 'tb.dut.u_4fc0e2ef899df534.ex_stage_i.lsu_i.gen_mmu.i_cva6_mmu.i_dtlb.stored_vpn_masked' (not all control paths of combinational always assign a value)
                                                                                                                                                                       : ... Suggest use of always_latch for intentional latches
  298 |   always_comb begin : update_flush
      |   ^~~~~~~~~~~
%Warning-LATCH: ../../../../../cva6_upstream_reference/vendor/pulp-platform/common_cells/include/../../../../../cva6_upstream_reference/core/cva6_mmu/cva6_tlb.sv:298:3: Latch inferred for signal 'tb.dut.u_4fc0e2ef899df534.ex_stage_i.lsu_i.gen_mmu.i_cva6_mmu.i_dtlb.flush_addr_napot_match' (not all control paths of combinational always assign a value)
                                                                                                                                                                       : ... Suggest use of always_latch for intentional latches
  298 |   always_comb begin : update_flush
      |   ^~~~~~~~~~~
%Warning-LATCH: ../../../../../cva6_upstream_reference/vendor/pulp-platform/common_cells/include/../../../../../cva6_upstream_reference/core/cva6_mmu/cva6_tlb.sv:298:3: Latch inferred for signal 'tb.dut.u_4fc0e2ef899df534.ex_stage_i.lsu_i.gen_mmu.i_cva6_mmu.i_dtlb.flush_addr_matches' (not all control paths of combinational always assign a value)
                                                                                                                                                                       : ... Suggest use of always_latch for intentional latches
  298 |   always_comb begin : update_flush
      |   ^~~~~~~~~~~
%Warning-LATCH: ../../../../../cva6_upstream_reference/vendor/pulp-platform/common_cells/include/../../../../../cva6_upstream_reference/core/cva6_mmu/cva6_tlb.sv:298:3: Latch inferred for signal 'tb.dut.u_4fc0e2ef899df534.ex_stage_i.lsu_i.gen_mmu.i_cva6_mmu.i_dtlb.vpn_to_store' (not all control paths of combinational always assign a value)
                                                                                                                                                                       : ... Suggest use of always_latch for intentional latches
  298 |   always_comb begin : update_flush
      |   ^~~~~~~~~~~
%Warning-LATCH: ../../../../../cva6_upstream_reference/vendor/pulp-platform/common_cells/include/../../../../../cva6_upstream_reference/core/cva6_mmu/cva6_tlb.sv:184:3: Latch inferred for signal 'tb.dut.u_4fc0e2ef899df534.ex_stage_i.lsu_i.gen_mmu.i_cva6_mmu.i_itlb.patched_pte' (not all control paths of combinational always assign a value)
                                                                                                                                                                       : ... Suggest use of always_latch for intentional latches
  184 |   always_comb begin : translation
      |   ^~~~~~~~~~~
%Warning-LATCH: ../../../../../cva6_upstream_reference/vendor/pulp-platform/common_cells/include/../../../../../cva6_upstream_reference/core/cva6_mmu/cva6_tlb.sv:298:3: Latch inferred for signal 'tb.dut.u_4fc0e2ef899df534.ex_stage_i.lsu_i.gen_mmu.i_cva6_mmu.i_itlb.temp_stored_vpn' (not all control paths of combinational always assign a value)
                                                                                                                                                                       : ... Suggest use of always_latch for intentional latches
  298 |   always_comb begin : update_flush
      |   ^~~~~~~~~~~
%Warning-LATCH: ../../../../../cva6_upstream_reference/vendor/pulp-platform/common_cells/include/../../../../../cva6_upstream_reference/core/cva6_mmu/cva6_tlb.sv:298:3: Latch inferred for signal 'tb.dut.u_4fc0e2ef899df534.ex_stage_i.lsu_i.gen_mmu.i_cva6_mmu.i_itlb.flush_vpn_masked' (not all control paths of combinational always assign a value)
                                                                                                                                                                       : ... Suggest use of always_latch for intentional latches
  298 |   always_comb begin : update_flush
      |   ^~~~~~~~~~~
%Warning-LATCH: ../../../../../cva6_upstream_reference/vendor/pulp-platform/common_cells/include/../../../../../cva6_upstream_reference/core/cva6_mmu/cva6_tlb.sv:298:3: Latch inferred for signal 'tb.dut.u_4fc0e2ef899df534.ex_stage_i.lsu_i.gen_mmu.i_cva6_mmu.i_itlb.stored_vpn_masked' (not all control paths of combinational always assign a value)
                                                                                                                                                                       : ... Suggest use of always_latch for intentional latches
  298 |   always_comb begin : update_flush
      |   ^~~~~~~~~~~
%Warning-LATCH: ../../../../../cva6_upstream_reference/vendor/pulp-platform/common_cells/include/../../../../../cva6_upstream_reference/core/cva6_mmu/cva6_tlb.sv:298:3: Latch inferred for signal 'tb.dut.u_4fc0e2ef899df534.ex_stage_i.lsu_i.gen_mmu.i_cva6_mmu.i_itlb.flush_addr_napot_match' (not all control paths of combinational always assign a value)
                                                                                                                                                                       : ... Suggest use of always_latch for intentional latches
  298 |   always_comb begin : update_flush
      |   ^~~~~~~~~~~
%Warning-LATCH: ../../../../../cva6_upstream_reference/vendor/pulp-platform/common_cells/include/../../../../../cva6_upstream_reference/core/cva6_mmu/cva6_tlb.sv:298:3: Latch inferred for signal 'tb.dut.u_4fc0e2ef899df534.ex_stage_i.lsu_i.gen_mmu.i_cva6_mmu.i_itlb.flush_addr_matches' (not all control paths of combinational always assign a value)
                                                                                                                                                                       : ... Suggest use of always_latch for intentional latches
  298 |   always_comb begin : update_flush
      |   ^~~~~~~~~~~
%Warning-LATCH: ../../../../../cva6_upstream_reference/vendor/pulp-platform/common_cells/include/../../../../../cva6_upstream_reference/core/cva6_mmu/cva6_tlb.sv:298:3: Latch inferred for signal 'tb.dut.u_4fc0e2ef899df534.ex_stage_i.lsu_i.gen_mmu.i_cva6_mmu.i_itlb.vpn_to_store' (not all control paths of combinational always assign a value)
                                                                                                                                                                       : ... Suggest use of always_latch for intentional latches
  298 |   always_comb begin : update_flush
      |   ^~~~~~~~~~~
%Warning-LATCH: ../../../../../cva6_upstream_reference/vendor/pulp-platform/common_cells/include/../../../../../cva6_upstream_reference/core/cva6_fifo_v3.sv:75:3: Latch inferred for signal 'tb.dut.u_4fc0e2ef899df534.ex_stage_i.lsu_i.i_store_unit.genblk1.i_amo_buffer.i_amo_fifo.data_ft_n' (not all control paths of combinational always assign a value)
                                                                                                                                                                 : ... Suggest use of always_latch for intentional latches
   75 |   always_comb begin : read_write_comb
      |   ^~~~~~~~~~~
%Warning-LATCH: ../../../../../cva6_upstream_reference/vendor/pulp-platform/common_cells/include/../../../../../cva6_upstream_reference/core/cva6_fifo_v3.sv:75:3: Latch inferred for signal 'tb.dut.u_4fc0e2ef899df534.ex_stage_i.lsu_i.i_store_unit.genblk1.i_amo_buffer.i_amo_fifo.fifo_ram_read_address' (not all control paths of combinational always assign a value)
                                                                                                                                                                 : ... Suggest use of always_latch for intentional latches
   75 |   always_comb begin : read_write_comb
      |   ^~~~~~~~~~~
%Warning-LATCH: ../../../../../cva6_upstream_reference/vendor/pulp-platform/common_cells/include/../../../../../cva6_upstream_reference/core/cva6_fifo_v3.sv:75:3: Latch inferred for signal 'tb.dut.u_4fc0e2ef899df534.i_frontend.i_instr_queue.gen_instr_fifo[1].i_fifo_instr_data.data_ft_n' (not all control paths of combinational always assign a value)
                                                                                                                                                                 : ... Suggest use of always_latch for intentional latches
   75 |   always_comb begin : read_write_comb
      |   ^~~~~~~~~~~
%Warning-LATCH: ../../../../../cva6_upstream_reference/vendor/pulp-platform/common_cells/include/../../../../../cva6_upstream_reference/core/cva6_fifo_v3.sv:75:3: Latch inferred for signal 'tb.dut.u_4fc0e2ef899df534.i_frontend.i_instr_queue.gen_instr_fifo[1].i_fifo_instr_data.fifo_ram_read_address' (not all control paths of combinational always assign a value)
                                                                                                                                                                 : ... Suggest use of always_latch for intentional latches
   75 |   always_comb begin : read_write_comb
      |   ^~~~~~~~~~~
%Warning-LATCH: ../../../../../cva6_upstream_reference/vendor/pulp-platform/common_cells/include/../../../../../cva6_upstream_reference/core/cva6_fifo_v3.sv:75:3: Latch inferred for signal 'tb.dut.u_4fc0e2ef899df534.i_frontend.i_instr_queue.gen_instr_fifo[0].i_fifo_instr_data.data_ft_n' (not all control paths of combinational always assign a value)
                                                                                                                                                                 : ... Suggest use of always_latch for intentional latches
   75 |   always_comb begin : read_write_comb
      |   ^~~~~~~~~~~
%Warning-LATCH: ../../../../../cva6_upstream_reference/vendor/pulp-platform/common_cells/include/../../../../../cva6_upstream_reference/core/cva6_fifo_v3.sv:75:3: Latch inferred for signal 'tb.dut.u_4fc0e2ef899df534.i_frontend.i_instr_queue.gen_instr_fifo[0].i_fifo_instr_data.fifo_ram_read_address' (not all control paths of combinational always assign a value)
                                                                                                                                                                 : ... Suggest use of always_latch for intentional latches
   75 |   always_comb begin : read_write_comb
      |   ^~~~~~~~~~~
%Warning-LATCH: ../../../../../cva6_upstream_reference/vendor/pulp-platform/common_cells/include/../../../../../cva6_upstream_reference/core/cva6_fifo_v3.sv:75:3: Latch inferred for signal 'tb.dut.u_4fc0e2ef899df534.i_frontend.i_instr_queue.i_fifo_address.data_ft_n' (not all control paths of combinational always assign a value)
                                                                                                                                                                 : ... Suggest use of always_latch for intentional latches
   75 |   always_comb begin : read_write_comb
      |   ^~~~~~~~~~~
%Warning-LATCH: ../../../../../cva6_upstream_reference/vendor/pulp-platform/common_cells/include/../../../../../cva6_upstream_reference/core/cva6_fifo_v3.sv:75:3: Latch inferred for signal 'tb.dut.u_4fc0e2ef899df534.i_frontend.i_instr_queue.i_fifo_address.fifo_ram_read_address' (not all control paths of combinational always assign a value)
                                                                                                                                                                 : ... Suggest use of always_latch for intentional latches
   75 |   always_comb begin : read_write_comb
      |   ^~~~~~~~~~~
make: Entering directory '/home/qinkejiu/myfuzz/.worktrees/ibex-protocol-longrun/third_party/docs/task-13/cva6/run/composition/obj_dir'
g++ -Os  -I.  -MMD -I/home/qinkejiu/.local/verilator-5.051-e413e67/share/verilator/include -I/home/qinkejiu/.local/verilator-5.051-e413e67/share/verilator/include/vltstd -DVERILATOR=1 -DVM_COVERAGE=0 -DVM_SC=0 -DVM_TIMING=1 -DVM_TRACE=0 -DVM_TRACE_FST=0 -DVM_TRACE_VCD=0 -DVM_TRACE_SAIF=0 -DVM_VPI=0 -faligned-new -fcf-protection=none -Wno-bool-operation -Wno-int-in-bool-context -Wno-shadow -Wno-sign-compare -Wno-subobject-linkage -Wno-tautological-compare -Wno-uninitialized -Wno-unused-but-set-parameter -Wno-unused-but-set-variable -Wno-unused-parameter -Wno-unused-variable    -DVL_TIME_CONTEXT   -fcoroutines -c -o verilated.o /home/qinkejiu/.local/verilator-5.051-e413e67/share/verilator/include/verilated.cpp
g++ -Os  -I.  -MMD -I/home/qinkejiu/.local/verilator-5.051-e413e67/share/verilator/include -I/home/qinkejiu/.local/verilator-5.051-e413e67/share/verilator/include/vltstd -DVERILATOR=1 -DVM_COVERAGE=0 -DVM_SC=0 -DVM_TIMING=1 -DVM_TRACE=0 -DVM_TRACE_FST=0 -DVM_TRACE_VCD=0 -DVM_TRACE_SAIF=0 -DVM_VPI=0 -faligned-new -fcf-protection=none -Wno-bool-operation -Wno-int-in-bool-context -Wno-shadow -Wno-sign-compare -Wno-subobject-linkage -Wno-tautological-compare -Wno-uninitialized -Wno-unused-but-set-parameter -Wno-unused-but-set-variable -Wno-unused-parameter -Wno-unused-variable    -DVL_TIME_CONTEXT   -fcoroutines -c -o verilated_dpi.o /home/qinkejiu/.local/verilator-5.051-e413e67/share/verilator/include/verilated_dpi.cpp
g++ -Os  -I.  -MMD -I/home/qinkejiu/.local/verilator-5.051-e413e67/share/verilator/include -I/home/qinkejiu/.local/verilator-5.051-e413e67/share/verilator/include/vltstd -DVERILATOR=1 -DVM_COVERAGE=0 -DVM_SC=0 -DVM_TIMING=1 -DVM_TRACE=0 -DVM_TRACE_FST=0 -DVM_TRACE_VCD=0 -DVM_TRACE_SAIF=0 -DVM_VPI=0 -faligned-new -fcf-protection=none -Wno-bool-operation -Wno-int-in-bool-context -Wno-shadow -Wno-sign-compare -Wno-subobject-linkage -Wno-tautological-compare -Wno-uninitialized -Wno-unused-but-set-parameter -Wno-unused-but-set-variable -Wno-unused-parameter -Wno-unused-variable    -DVL_TIME_CONTEXT   -fcoroutines -c -o verilated_timing.o /home/qinkejiu/.local/verilator-5.051-e413e67/share/verilator/include/verilated_timing.cpp
g++ -Os  -I.  -MMD -I/home/qinkejiu/.local/verilator-5.051-e413e67/share/verilator/include -I/home/qinkejiu/.local/verilator-5.051-e413e67/share/verilator/include/vltstd -DVERILATOR=1 -DVM_COVERAGE=0 -DVM_SC=0 -DVM_TIMING=1 -DVM_TRACE=0 -DVM_TRACE_FST=0 -DVM_TRACE_VCD=0 -DVM_TRACE_SAIF=0 -DVM_VPI=0 -faligned-new -fcf-protection=none -Wno-bool-operation -Wno-int-in-bool-context -Wno-shadow -Wno-sign-compare -Wno-subobject-linkage -Wno-tautological-compare -Wno-uninitialized -Wno-unused-but-set-parameter -Wno-unused-but-set-variable -Wno-unused-parameter -Wno-unused-variable    -DVL_TIME_CONTEXT   -fcoroutines -c -o verilated_threads.o /home/qinkejiu/.local/verilator-5.051-e413e67/share/verilator/include/verilated_threads.cpp
g++ -Os  -I.  -MMD -I/home/qinkejiu/.local/verilator-5.051-e413e67/share/verilator/include -I/home/qinkejiu/.local/verilator-5.051-e413e67/share/verilator/include/vltstd -DVERILATOR=1 -DVM_COVERAGE=0 -DVM_SC=0 -DVM_TIMING=1 -DVM_TRACE=0 -DVM_TRACE_FST=0 -DVM_TRACE_VCD=0 -DVM_TRACE_SAIF=0 -DVM_VPI=0 -faligned-new -fcf-protection=none -Wno-bool-operation -Wno-int-in-bool-context -Wno-shadow -Wno-sign-compare -Wno-subobject-linkage -Wno-tautological-compare -Wno-uninitialized -Wno-unused-but-set-parameter -Wno-unused-but-set-variable -Wno-unused-parameter -Wno-unused-variable    -DVL_TIME_CONTEXT   -fcoroutines -x c++-header Vtb__pch.h -o Vtb__pch.h.fast.gch
g++ -Os  -I.  -MMD -I/home/qinkejiu/.local/verilator-5.051-e413e67/share/verilator/include -I/home/qinkejiu/.local/verilator-5.051-e413e67/share/verilator/include/vltstd -DVERILATOR=1 -DVM_COVERAGE=0 -DVM_SC=0 -DVM_TIMING=1 -DVM_TRACE=0 -DVM_TRACE_FST=0 -DVM_TRACE_VCD=0 -DVM_TRACE_SAIF=0 -DVM_VPI=0 -faligned-new -fcf-protection=none -Wno-bool-operation -Wno-int-in-bool-context -Wno-shadow -Wno-sign-compare -Wno-subobject-linkage -Wno-tautological-compare -Wno-uninitialized -Wno-unused-but-set-parameter -Wno-unused-but-set-variable -Wno-unused-parameter -Wno-unused-variable    -DVL_TIME_CONTEXT   -fcoroutines -include Vtb__pch.h.fast -c Vtb_vm_classes_0.cpp
g++ -Os  -I.  -MMD -I/home/qinkejiu/.local/verilator-5.051-e413e67/share/verilator/include -I/home/qinkejiu/.local/verilator-5.051-e413e67/share/verilator/include/vltstd -DVERILATOR=1 -DVM_COVERAGE=0 -DVM_SC=0 -DVM_TIMING=1 -DVM_TRACE=0 -DVM_TRACE_FST=0 -DVM_TRACE_VCD=0 -DVM_TRACE_SAIF=0 -DVM_VPI=0 -faligned-new -fcf-protection=none -Wno-bool-operation -Wno-int-in-bool-context -Wno-shadow -Wno-sign-compare -Wno-subobject-linkage -Wno-tautological-compare -Wno-uninitialized -Wno-unused-but-set-parameter -Wno-unused-but-set-variable -Wno-unused-parameter -Wno-unused-variable    -DVL_TIME_CONTEXT   -fcoroutines -include Vtb__pch.h.fast -c Vtb__Dpi.cpp
g++   -I.  -MMD -I/home/qinkejiu/.local/verilator-5.051-e413e67/share/verilator/include -I/home/qinkejiu/.local/verilator-5.051-e413e67/share/verilator/include/vltstd -DVERILATOR=1 -DVM_COVERAGE=0 -DVM_SC=0 -DVM_TIMING=1 -DVM_TRACE=0 -DVM_TRACE_FST=0 -DVM_TRACE_VCD=0 -DVM_TRACE_SAIF=0 -DVM_VPI=0 -faligned-new -fcf-protection=none -Wno-bool-operation -Wno-int-in-bool-context -Wno-shadow -Wno-sign-compare -Wno-subobject-linkage -Wno-tautological-compare -Wno-uninitialized -Wno-unused-but-set-parameter -Wno-unused-but-set-variable -Wno-unused-parameter -Wno-unused-variable    -DVL_TIME_CONTEXT   -fcoroutines -x c++-header Vtb__pch.h -o Vtb__pch.h.slow.gch
g++   -I.  -MMD -I/home/qinkejiu/.local/verilator-5.051-e413e67/share/verilator/include -I/home/qinkejiu/.local/verilator-5.051-e413e67/share/verilator/include/vltstd -DVERILATOR=1 -DVM_COVERAGE=0 -DVM_SC=0 -DVM_TIMING=1 -DVM_TRACE=0 -DVM_TRACE_FST=0 -DVM_TRACE_VCD=0 -DVM_TRACE_SAIF=0 -DVM_VPI=0 -faligned-new -fcf-protection=none -Wno-bool-operation -Wno-int-in-bool-context -Wno-shadow -Wno-sign-compare -Wno-subobject-linkage -Wno-tautological-compare -Wno-uninitialized -Wno-unused-but-set-parameter -Wno-unused-but-set-variable -Wno-unused-parameter -Wno-unused-variable    -DVL_TIME_CONTEXT   -fcoroutines -include Vtb__pch.h.slow -c Vtb_vm_classes_Slow_0.cpp
g++   -I.  -MMD -I/home/qinkejiu/.local/verilator-5.051-e413e67/share/verilator/include -I/home/qinkejiu/.local/verilator-5.051-e413e67/share/verilator/include/vltstd -DVERILATOR=1 -DVM_COVERAGE=0 -DVM_SC=0 -DVM_TIMING=1 -DVM_TRACE=0 -DVM_TRACE_FST=0 -DVM_TRACE_VCD=0 -DVM_TRACE_SAIF=0 -DVM_VPI=0 -faligned-new -fcf-protection=none -Wno-bool-operation -Wno-int-in-bool-context -Wno-shadow -Wno-sign-compare -Wno-subobject-linkage -Wno-tautological-compare -Wno-uninitialized -Wno-unused-but-set-parameter -Wno-unused-but-set-variable -Wno-unused-parameter -Wno-unused-variable    -DVL_TIME_CONTEXT   -fcoroutines -include Vtb__pch.h.slow -c Vtb__Syms__Slow.cpp
g++    verilated.o verilated_dpi.o verilated_timing.o verilated_threads.o Vtb__ALL.a    -pthread -lpthread -latomic   -o Vtb
rm Vtb__ALL.verilator_deplist.tmp
make: Leaving directory '/home/qinkejiu/myfuzz/.worktrees/ibex-protocol-longrun/third_party/docs/task-13/cva6/run/composition/obj_dir'
- V e r i l a t i o n   R e p o r t: Verilator 5.051 devel rev vUNKNOWN-built20260806-e413e67
- Verilator: Built from 567.465 MB sources in 237 modules, into 26.392 MB in 24 C++ files needing 0.031 MB
- Verilator: Walltime 58.932 s (elab=1.878, cvt=5.628, bld=50.404); cpu 8.070 s on 1 threads; allocated 245.922 MB
