%Warning-IMPLICITSTATIC: ../../../../../cva6_upstream_reference/vendor/pulp-platform/common_cells/include/../../../../../cva6_upstream_reference/core/cva6.sv:1874:12: Variable's lifetime implicitly set to static (IEEE 1800-2023 6.21)
                                                                                                                                                                     : ... The initializer value will only be set once
                                                                                                                                                                     : ... Suggest use 'static' before variable declaration'
 1874 |       byte mode = "";
      |            ^~~~
                         ... For warning description see https://verilator.org/warn/IMPLICITSTATIC?v=5.051
                         ... Use "/* verilator lint_off IMPLICITSTATIC */" and lint_on around source to disable this message.
%Warning-WIDTHTRUNC: ../../../../../cva6_upstream_reference/vendor/pulp-platform/common_cells/include/../../../../../cva6_upstream_reference/core/include/cv64a6_imafdc_sv39_config_pkg.sv:159:7: Operator PATMEMBER expects 2 bits on the Pattern value, but Pattern value's REPLICATE generates 4 bits.
                                                                                                                                                                                                : ... note: In instance 'cva6'
  159 |       SdtrigSupportedActions: {2{2'b01}},
      |       ^~~~~~~~~~~~~~~~~~~~~~
                     ... For warning description see https://verilator.org/warn/WIDTHTRUNC?v=5.051
                     ... Use "/* verilator lint_off WIDTHTRUNC */" and lint_on around source to disable this message.
%Warning-WIDTHTRUNC: ../../../../../cva6_upstream_reference/vendor/pulp-platform/common_cells/include/../../../../../cva6_upstream_reference/core/include/cv64a6_imafdc_sv39_config_pkg.sv:160:7: Operator PATMEMBER expects 10 bits on the Pattern value, but Pattern value's REPLICATE generates 100 bits.
                                                                                                                                                                                                : ... note: In instance 'cva6'
  160 |       SdtrigSupportedMatch: {10{10'b00_0000_0001}},
      |       ^~~~~~~~~~~~~~~~~~~~
%Warning-WIDTHTRUNC: ../../../../../cva6_upstream_reference/vendor/pulp-platform/common_cells/include/../../../../../cva6_upstream_reference/core/include/build_config_pkg.sv:186:21: Operator ASSIGN expects 1 bits on the Assign RHS, but Assign RHS's OR generates 32 bits.
                                                                                                                                                                                    : ... note: In instance 'cva6'
  186 |     cfg.AXI_USER_EN = CVA6Cfg.DataUserEn | CVA6Cfg.FetchUserEn;
      |                     ^
%Warning-WIDTHTRUNC: ../../../../../cva6_upstream_reference/vendor/pulp-platform/common_cells/include/../../../../../cva6_upstream_reference/core/cache_subsystem/wt_dcache_wbuffer.sv:281:3: Logical operator GENIF expects 1 bit on the If, but If's SEL generates 32 bits.
                                                                                                                                                                                            : ... note: In instance 'cva6.gen_cache_wt.i_cache_subsystem.i_wt_dcache.i_wt_dcache_wbuffer'
  281 |   if (CVA6Cfg.DATA_USER_EN) begin
      |   ^~
%Warning-WIDTHTRUNC: ../../../../../cva6_upstream_reference/vendor/pulp-platform/common_cells/include/../../../../../cva6_upstream_reference/common/local/util/sram_cache.sv:42:44: Logical operator COND expects 1 bit on the Conditional Test, but Conditional Test's VARREF 'USER_EN' generates 32 bits.
                                                                                                                                                                                  : ... note: In instance 'cva6.gen_cache_wt.i_cache_subsystem.i_cva6_icache.gen_sram[3].data_sram'
   42 |   localparam DATA_AND_USER_WIDTH = USER_EN ? DATA_WIDTH + USER_WIDTH : DATA_WIDTH;
      |                                            ^
%Warning-WIDTHTRUNC: ../../../../../cva6_upstream_reference/vendor/pulp-platform/common_cells/include/../../../../../cva6_upstream_reference/core/cvfpu/src/fpnew_opgroup_fmt_slice.sv:239:23: Logical operator LOGAND expects 1 bit on the LHS, but LHS's VARREF 'TrueSIMDClass' generates 32 bits.
                                                                                                                                                                                             : ... note: In instance 'cva6.ex_stage_i.fpu_gen.fpu_i.fpu_gen.i_fpnew_bulk.gen_operation_groups[0].i_opgroup_block.gen_parallel_slices[0].active_format.i_fmt_slice'
  239 |     if (TrueSIMDClass && SIMD_WIDTH >= 10) begin : vectorial_true_class  
      |                       ^~
%Warning-WIDTHTRUNC: ../../../../../cva6_upstream_reference/vendor/pulp-platform/common_cells/include/../../../../../cva6_upstream_reference/core/cvfpu/src/fpnew_opgroup_fmt_slice.sv:276:23: Logical operator LOGAND expects 1 bit on the LHS, but LHS's VARREF 'TrueSIMDClass' generates 32 bits.
                                                                                                                                                                                             : ... note: In instance 'cva6.ex_stage_i.fpu_gen.fpu_i.fpu_gen.i_fpnew_bulk.gen_operation_groups[0].i_opgroup_block.gen_parallel_slices[0].active_format.i_fmt_slice'
  276 |   if (!(TrueSIMDClass && SIMD_WIDTH >= 10)) begin
      |                       ^~
%Warning-WIDTHEXPAND: ../../../../../cva6_upstream_reference/vendor/pulp-platform/common_cells/include/../../../../../cva6_upstream_reference/core/cvfpu/src/fpnew_pkg.sv:100:9: Operator ASSIGN expects 32 bits on the Assign RHS, but Assign RHS's ENUMITEMREF 'INT8' generates 2 bits.
                                                                                                                                                                               : ... note: In instance 'cva6'
  100 |         return INT8;
      |         ^~~~~~
                      ... For warning description see https://verilator.org/warn/WIDTHEXPAND?v=5.051
                      ... Use "/* verilator lint_off WIDTHEXPAND */" and lint_on around source to disable this message.
%Warning-WIDTHTRUNC: ../../../../../cva6_upstream_reference/vendor/pulp-platform/common_cells/include/../../../../../cva6_upstream_reference/vendor/pulp-platform/tech_cells_generic/src/rtl/tc_sram.sv:96:31: Operator ASSIGN expects 64 bits on the Assign RHS, but Assign RHS's REPLICATE generates 2048 bits.
                                                                                                                                                                                                             : ... note: In instance 'cva6.gen_cache_wt.i_cache_subsystem.i_wt_dcache.i_wt_dcache_mem.gen_data_banks[1].i_data_sram.genblk1.data_sram.gen_cut[7].i_tc_sram_wrapper.i_tc_sram'
   96 |         "random": init_val[i] = {DataWidth{$urandom()}};
      |                               ^
%Warning-WIDTHEXPAND: ../../../../../cva6_upstream_reference/vendor/pulp-platform/common_cells/include/../../../../../cva6_upstream_reference/vendor/pulp-platform/tech_cells_generic/src/rtl/tc_sram.sv:93:7: Operator CASE expects 48 bits on the Case expression, but Case expression's VARREF 'SimInit' generates 32 bits.
                                                                                                                                                                                                             : ... note: In instance 'cva6.gen_cache_wt.i_cache_subsystem.i_wt_dcache.i_wt_dcache_mem.gen_data_banks[1].i_data_sram.genblk1.data_sram.gen_cut[7].i_tc_sram_wrapper.i_tc_sram'
   93 |       case (SimInit)
      |       ^~~~
%Warning-ASCRANGE: ../../../../../cva6_upstream_reference/vendor/pulp-platform/common_cells/include/../../../../../cva6_upstream_reference/core/cvfpu/src/fpnew_cast_multi.sv:117:27: Ascending bit range vector: left < right of bit range: [0:1]
                                                                                                                                                                                    : ... note: In instance 'cva6.ex_stage_i.fpu_gen.fpu_i.fpu_gen.i_fpnew_bulk.gen_operation_groups[3].i_opgroup_block.gen_merged_slice.i_multifmt_slice.gen_num_lanes[0].active_lane....lane_instance.i_fpnew_cast_multi'
  117 |   logic                   [0:NUM_INP_REGS][WIDTH-1:0]       inp_pipe_operands_q;
      |                           ^
                   ... For warning description see https://verilator.org/warn/ASCRANGE?v=5.051
                   ... Use "/* verilator lint_off ASCRANGE */" and lint_on around source to disable this message.
%Warning-ASCRANGE: ../../../../../cva6_upstream_reference/vendor/pulp-platform/common_cells/include/../../../../../cva6_upstream_reference/core/cvfpu/src/fpnew_cast_multi.sv:118:27: Ascending bit range vector: left < right of bit range: [0:1]
                                                                                                                                                                                    : ... note: In instance 'cva6.ex_stage_i.fpu_gen.fpu_i.fpu_gen.i_fpnew_bulk.gen_operation_groups[3].i_opgroup_block.gen_merged_slice.i_multifmt_slice.gen_num_lanes[0].active_lane....lane_instance.i_fpnew_cast_multi'
  118 |   logic                   [0:NUM_INP_REGS][NUM_FORMATS-1:0] inp_pipe_is_boxed_q;
      |                           ^
%Warning-ASCRANGE: ../../../../../cva6_upstream_reference/vendor/pulp-platform/common_cells/include/../../../../../cva6_upstream_reference/core/cvfpu/src/fpnew_cast_multi.sv:119:27: Ascending bit range vector: left < right of bit range: [0:1]
                                                                                                                                                                                    : ... note: In instance 'cva6.ex_stage_i.fpu_gen.fpu_i.fpu_gen.i_fpnew_bulk.gen_operation_groups[3].i_opgroup_block.gen_merged_slice.i_multifmt_slice.gen_num_lanes[0].active_lane....lane_instance.i_fpnew_cast_multi'
  119 |   fpnew_pkg::roundmode_e  [0:NUM_INP_REGS]                  inp_pipe_rnd_mode_q;
      |                           ^
%Warning-ASCRANGE: ../../../../../cva6_upstream_reference/vendor/pulp-platform/common_cells/include/../../../../../cva6_upstream_reference/core/cvfpu/src/fpnew_cast_multi.sv:120:27: Ascending bit range vector: left < right of bit range: [0:1]
                                                                                                                                                                                    : ... note: In instance 'cva6.ex_stage_i.fpu_gen.fpu_i.fpu_gen.i_fpnew_bulk.gen_operation_groups[3].i_opgroup_block.gen_merged_slice.i_multifmt_slice.gen_num_lanes[0].active_lane....lane_instance.i_fpnew_cast_multi'
  120 |   fpnew_pkg::operation_e  [0:NUM_INP_REGS]                  inp_pipe_op_q;
      |                           ^
%Warning-ASCRANGE: ../../../../../cva6_upstream_reference/vendor/pulp-platform/common_cells/include/../../../../../cva6_upstream_reference/core/cvfpu/src/fpnew_cast_multi.sv:121:27: Ascending bit range vector: left < right of bit range: [0:1]
                                                                                                                                                                                    : ... note: In instance 'cva6.ex_stage_i.fpu_gen.fpu_i.fpu_gen.i_fpnew_bulk.gen_operation_groups[3].i_opgroup_block.gen_merged_slice.i_multifmt_slice.gen_num_lanes[0].active_lane....lane_instance.i_fpnew_cast_multi'
  121 |   logic                   [0:NUM_INP_REGS]                  inp_pipe_op_mod_q;
      |                           ^
%Warning-ASCRANGE: ../../../../../cva6_upstream_reference/vendor/pulp-platform/common_cells/include/../../../../../cva6_upstream_reference/core/cvfpu/src/fpnew_cast_multi.sv:122:27: Ascending bit range vector: left < right of bit range: [0:1]
                                                                                                                                                                                    : ... note: In instance 'cva6.ex_stage_i.fpu_gen.fpu_i.fpu_gen.i_fpnew_bulk.gen_operation_groups[3].i_opgroup_block.gen_merged_slice.i_multifmt_slice.gen_num_lanes[0].active_lane....lane_instance.i_fpnew_cast_multi'
  122 |   fpnew_pkg::fp_format_e  [0:NUM_INP_REGS]                  inp_pipe_src_fmt_q;
      |                           ^
%Warning-ASCRANGE: ../../../../../cva6_upstream_reference/vendor/pulp-platform/common_cells/include/../../../../../cva6_upstream_reference/core/cvfpu/src/fpnew_cast_multi.sv:123:27: Ascending bit range vector: left < right of bit range: [0:1]
                                                                                                                                                                                    : ... note: In instance 'cva6.ex_stage_i.fpu_gen.fpu_i.fpu_gen.i_fpnew_bulk.gen_operation_groups[3].i_opgroup_block.gen_merged_slice.i_multifmt_slice.gen_num_lanes[0].active_lane....lane_instance.i_fpnew_cast_multi'
  123 |   fpnew_pkg::fp_format_e  [0:NUM_INP_REGS]                  inp_pipe_dst_fmt_q;
      |                           ^
%Warning-ASCRANGE: ../../../../../cva6_upstream_reference/vendor/pulp-platform/common_cells/include/../../../../../cva6_upstream_reference/core/cvfpu/src/fpnew_cast_multi.sv:124:27: Ascending bit range vector: left < right of bit range: [0:1]
                                                                                                                                                                                    : ... note: In instance 'cva6.ex_stage_i.fpu_gen.fpu_i.fpu_gen.i_fpnew_bulk.gen_operation_groups[3].i_opgroup_block.gen_merged_slice.i_multifmt_slice.gen_num_lanes[0].active_lane....lane_instance.i_fpnew_cast_multi'
  124 |   fpnew_pkg::int_format_e [0:NUM_INP_REGS]                  inp_pipe_int_fmt_q;
      |                           ^
%Warning-ASCRANGE: ../../../../../cva6_upstream_reference/vendor/pulp-platform/common_cells/include/../../../../../cva6_upstream_reference/core/cvfpu/src/fpnew_cast_multi.sv:125:27: Ascending bit range vector: left < right of bit range: [0:1]
                                                                                                                                                                                    : ... note: In instance 'cva6.ex_stage_i.fpu_gen.fpu_i.fpu_gen.i_fpnew_bulk.gen_operation_groups[3].i_opgroup_block.gen_merged_slice.i_multifmt_slice.gen_num_lanes[0].active_lane....lane_instance.i_fpnew_cast_multi'
  125 |   TagType                 [0:NUM_INP_REGS]                  inp_pipe_tag_q;
      |                           ^
%Warning-ASCRANGE: ../../../../../cva6_upstream_reference/vendor/pulp-platform/common_cells/include/../../../../../cva6_upstream_reference/core/cvfpu/src/fpnew_cast_multi.sv:126:27: Ascending bit range vector: left < right of bit range: [0:1]
                                                                                                                                                                                    : ... note: In instance 'cva6.ex_stage_i.fpu_gen.fpu_i.fpu_gen.i_fpnew_bulk.gen_operation_groups[3].i_opgroup_block.gen_merged_slice.i_multifmt_slice.gen_num_lanes[0].active_lane....lane_instance.i_fpnew_cast_multi'
  126 |   logic                   [0:NUM_INP_REGS]                  inp_pipe_mask_q;
      |                           ^
%Warning-ASCRANGE: ../../../../../cva6_upstream_reference/vendor/pulp-platform/common_cells/include/../../../../../cva6_upstream_reference/core/cvfpu/src/fpnew_cast_multi.sv:127:27: Ascending bit range vector: left < right of bit range: [0:1]
                                                                                                                                                                                    : ... note: In instance 'cva6.ex_stage_i.fpu_gen.fpu_i.fpu_gen.i_fpnew_bulk.gen_operation_groups[3].i_opgroup_block.gen_merged_slice.i_multifmt_slice.gen_num_lanes[0].active_lane....lane_instance.i_fpnew_cast_multi'
  127 |   AuxType                 [0:NUM_INP_REGS]                  inp_pipe_aux_q;
      |                           ^
%Warning-ASCRANGE: ../../../../../cva6_upstream_reference/vendor/pulp-platform/common_cells/include/../../../../../cva6_upstream_reference/core/cvfpu/src/fpnew_cast_multi.sv:128:27: Ascending bit range vector: left < right of bit range: [0:1]
                                                                                                                                                                                    : ... note: In instance 'cva6.ex_stage_i.fpu_gen.fpu_i.fpu_gen.i_fpnew_bulk.gen_operation_groups[3].i_opgroup_block.gen_merged_slice.i_multifmt_slice.gen_num_lanes[0].active_lane....lane_instance.i_fpnew_cast_multi'
  128 |   logic                   [0:NUM_INP_REGS]                  inp_pipe_valid_q;
      |                           ^
%Warning-ASCRANGE: ../../../../../cva6_upstream_reference/vendor/pulp-platform/common_cells/include/../../../../../cva6_upstream_reference/core/cvfpu/src/fpnew_cast_multi.sv:130:9: Ascending bit range vector: left < right of bit range: [0:1]
                                                                                                                                                                                   : ... note: In instance 'cva6.ex_stage_i.fpu_gen.fpu_i.fpu_gen.i_fpnew_bulk.gen_operation_groups[3].i_opgroup_block.gen_merged_slice.i_multifmt_slice.gen_num_lanes[0].active_lane....lane_instance.i_fpnew_cast_multi'
  130 |   logic [0:NUM_INP_REGS] inp_pipe_ready;
      |         ^
%Warning-WIDTHEXPAND: ../../../../../cva6_upstream_reference/vendor/pulp-platform/common_cells/include/../../../../../cva6_upstream_reference/core/cvfpu/src/fpnew_cast_multi.sv:222:32: Operator ASSIGNW expects 12 bits on the Assign RHS, but Assign RHS's SIGNED generates 9 bits.
                                                                                                                                                                                       : ... note: In instance 'cva6.ex_stage_i.fpu_gen.fpu_i.fpu_gen.i_fpnew_bulk.gen_operation_groups[3].i_opgroup_block.gen_merged_slice.i_multifmt_slice.gen_num_lanes[0].active_lane....lane_instance.i_fpnew_cast_multi'
  222 |       assign fmt_exponent[fmt] = signed'({1'b0, operands_q[MAN_BITS+:EXP_BITS]});
      |                                ^
%Warning-WIDTHEXPAND: ../../../../../cva6_upstream_reference/vendor/pulp-platform/common_cells/include/../../../../../cva6_upstream_reference/core/cvfpu/src/fpnew_cast_multi.sv:223:32: Operator ASSIGNW expects 64 bits on the Assign RHS, but Assign RHS's REPLICATE generates 24 bits.
                                                                                                                                                                                       : ... note: In instance 'cva6.ex_stage_i.fpu_gen.fpu_i.fpu_gen.i_fpnew_bulk.gen_operation_groups[3].i_opgroup_block.gen_merged_slice.i_multifmt_slice.gen_num_lanes[0].active_lane....lane_instance.i_fpnew_cast_multi'
  223 |       assign fmt_mantissa[fmt] = {info[fmt].is_normal, operands_q[MAN_BITS-1:0]};  
      |                                ^
%Warning-WIDTHTRUNC: ../../../../../cva6_upstream_reference/vendor/pulp-platform/common_cells/include/../../../../../cva6_upstream_reference/core/cvfpu/src/fpnew_cast_multi.sv:225:42: Operator ASSIGNW expects 12 bits on the Assign RHS, but Assign RHS's SIGNED generates 32 bits.
                                                                                                                                                                                      : ... note: In instance 'cva6.ex_stage_i.fpu_gen.fpu_i.fpu_gen.i_fpnew_bulk.gen_operation_groups[3].i_opgroup_block.gen_merged_slice.i_multifmt_slice.gen_num_lanes[0].active_lane....lane_instance.i_fpnew_cast_multi'
  225 |       assign fmt_shift_compensation[fmt] = signed'(INT_MAN_WIDTH - 1 - MAN_BITS);
      |                                          ^
%Warning-WIDTHEXPAND: ../../../../../cva6_upstream_reference/vendor/pulp-platform/common_cells/include/../../../../../cva6_upstream_reference/core/cvfpu/src/fpnew_cast_multi.sv:223:32: Operator ASSIGNW expects 64 bits on the Assign RHS, but Assign RHS's REPLICATE generates 53 bits.
                                                                                                                                                                                       : ... note: In instance 'cva6.ex_stage_i.fpu_gen.fpu_i.fpu_gen.i_fpnew_bulk.gen_operation_groups[3].i_opgroup_block.gen_merged_slice.i_multifmt_slice.gen_num_lanes[0].active_lane....lane_instance.i_fpnew_cast_multi'
  223 |       assign fmt_mantissa[fmt] = {info[fmt].is_normal, operands_q[MAN_BITS-1:0]};  
      |                                ^
%Warning-ASCRANGE: ../../../../../cva6_upstream_reference/vendor/pulp-platform/common_cells/include/../../../../../cva6_upstream_reference/core/cvfpu/src/fpnew_pkg.sv:50:28: Ascending bit range vector: left < right of bit range: [0:4]
   50 |   localparam fp_encoding_t [0:NUM_FP_FORMATS-1] FP_ENCODINGS  = '{
      |                            ^
%Warning-WIDTHTRUNC: ../../../../../cva6_upstream_reference/vendor/pulp-platform/common_cells/include/../../../../../cva6_upstream_reference/core/cvfpu/src/fpnew_cast_multi.sv:267:24: Operator ASSIGNW expects 12 bits on the Assign RHS, but Assign RHS's SIGNED generates 32 bits.
                                                                                                                                                                                      : ... note: In instance 'cva6.ex_stage_i.fpu_gen.fpu_i.fpu_gen.i_fpnew_bulk.gen_operation_groups[3].i_opgroup_block.gen_merged_slice.i_multifmt_slice.gen_num_lanes[0].active_lane....lane_instance.i_fpnew_cast_multi'
  267 |   assign src_bias      = signed'(fpnew_pkg::bias(src_fmt_q));
      |                        ^
%Warning-WIDTHEXPAND: ../../../../../cva6_upstream_reference/vendor/pulp-platform/common_cells/include/../../../../../cva6_upstream_reference/core/cvfpu/src/fpnew_cast_multi.sv:269:24: Operator ASSIGNW expects 12 bits on the Assign RHS, but Assign RHS's SIGNED generates 2 bits.
                                                                                                                                                                                       : ... note: In instance 'cva6.ex_stage_i.fpu_gen.fpu_i.fpu_gen.i_fpnew_bulk.gen_operation_groups[3].i_opgroup_block.gen_merged_slice.i_multifmt_slice.gen_num_lanes[0].active_lane....lane_instance.i_fpnew_cast_multi'
  269 |   assign src_subnormal = signed'({1'b0, info[src_fmt_q].is_subnormal});
      |                        ^
%Warning-WIDTHEXPAND: ../../../../../cva6_upstream_reference/vendor/pulp-platform/common_cells/include/../../../../../cva6_upstream_reference/core/cvfpu/src/fpnew_cast_multi.sv:300:69: Operator SUB expects 12 bits on the RHS, but RHS's VARREF 'renorm_shamt_sgn' generates 7 bits.
                                                                                                                                                                                       : ... note: In instance 'cva6.ex_stage_i.fpu_gen.fpu_i.fpu_gen.i_fpnew_bulk.gen_operation_groups[3].i_opgroup_block.gen_merged_slice.i_multifmt_slice.gen_num_lanes[0].active_lane....lane_instance.i_fpnew_cast_multi'
  300 |   assign fp_input_exp  = signed'(src_exp + src_subnormal - src_bias -
      |                                                                     ^
%Warning-WIDTHEXPAND: ../../../../../cva6_upstream_reference/vendor/pulp-platform/common_cells/include/../../../../../cva6_upstream_reference/core/cvfpu/src/fpnew_cast_multi.sv:302:52: Operator SUB expects 32 bits on the RHS, but RHS's VARREF 'renorm_shamt_sgn' generates 7 bits.
                                                                                                                                                                                       : ... note: In instance 'cva6.ex_stage_i.fpu_gen.fpu_i.fpu_gen.i_fpnew_bulk.gen_operation_groups[3].i_opgroup_block.gen_merged_slice.i_multifmt_slice.gen_num_lanes[0].active_lane....lane_instance.i_fpnew_cast_multi'
  302 |   assign int_input_exp = signed'(INT_MAN_WIDTH - 1 - renorm_shamt_sgn);
      |                                                    ^
%Warning-WIDTHTRUNC: ../../../../../cva6_upstream_reference/vendor/pulp-platform/common_cells/include/../../../../../cva6_upstream_reference/core/cvfpu/src/fpnew_cast_multi.sv:302:24: Operator ASSIGNW expects 12 bits on the Assign RHS, but Assign RHS's SIGNED generates 32 bits.
                                                                                                                                                                                      : ... note: In instance 'cva6.ex_stage_i.fpu_gen.fpu_i.fpu_gen.i_fpnew_bulk.gen_operation_groups[3].i_opgroup_block.gen_merged_slice.i_multifmt_slice.gen_num_lanes[0].active_lane....lane_instance.i_fpnew_cast_multi'
  302 |   assign int_input_exp = signed'(INT_MAN_WIDTH - 1 - renorm_shamt_sgn);
      |                        ^
%Warning-WIDTHEXPAND: ../../../../../cva6_upstream_reference/vendor/pulp-platform/common_cells/include/../../../../../cva6_upstream_reference/core/cvfpu/src/fpnew_cast_multi.sv:309:38: Operator ADD expects 32 bits on the LHS, but LHS's VARREF 'input_exp' generates 12 bits.
                                                                                                                                                                                       : ... note: In instance 'cva6.ex_stage_i.fpu_gen.fpu_i.fpu_gen.i_fpnew_bulk.gen_operation_groups[3].i_opgroup_block.gen_merged_slice.i_multifmt_slice.gen_num_lanes[0].active_lane....lane_instance.i_fpnew_cast_multi'
  309 |   assign destination_exp = input_exp + signed'(fpnew_pkg::bias(dst_fmt_q));
      |                                      ^
%Warning-WIDTHTRUNC: ../../../../../cva6_upstream_reference/vendor/pulp-platform/common_cells/include/../../../../../cva6_upstream_reference/core/cvfpu/src/fpnew_cast_multi.sv:309:26: Operator ASSIGNW expects 12 bits on the Assign RHS, but Assign RHS's ADD generates 32 bits.
                                                                                                                                                                                      : ... note: In instance 'cva6.ex_stage_i.fpu_gen.fpu_i.fpu_gen.i_fpnew_bulk.gen_operation_groups[3].i_opgroup_block.gen_merged_slice.i_multifmt_slice.gen_num_lanes[0].active_lane....lane_instance.i_fpnew_cast_multi'
  309 |   assign destination_exp = input_exp + signed'(fpnew_pkg::bias(dst_fmt_q));
      |                          ^
%Warning-ASCRANGE: ../../../../../cva6_upstream_reference/vendor/pulp-platform/common_cells/include/../../../../../cva6_upstream_reference/core/cvfpu/src/fpnew_cast_multi.sv:331:27: Ascending bit range vector: left < right of bit range: [0:1]
                                                                                                                                                                                    : ... note: In instance 'cva6.ex_stage_i.fpu_gen.fpu_i.fpu_gen.i_fpnew_bulk.gen_operation_groups[3].i_opgroup_block.gen_merged_slice.i_multifmt_slice.gen_num_lanes[0].active_lane....lane_instance.i_fpnew_cast_multi'
  331 |   logic                   [0:NUM_MID_REGS]                    mid_pipe_input_sign_q;
      |                           ^
%Warning-ASCRANGE: ../../../../../cva6_upstream_reference/vendor/pulp-platform/common_cells/include/../../../../../cva6_upstream_reference/core/cvfpu/src/fpnew_cast_multi.sv:332:27: Ascending bit range vector: left < right of bit range: [0:1]
                                                                                                                                                                                    : ... note: In instance 'cva6.ex_stage_i.fpu_gen.fpu_i.fpu_gen.i_fpnew_bulk.gen_operation_groups[3].i_opgroup_block.gen_merged_slice.i_multifmt_slice.gen_num_lanes[0].active_lane....lane_instance.i_fpnew_cast_multi'
  332 |   logic signed            [0:NUM_MID_REGS][INT_EXP_WIDTH-1:0] mid_pipe_input_exp_q;
      |                           ^
%Warning-ASCRANGE: ../../../../../cva6_upstream_reference/vendor/pulp-platform/common_cells/include/../../../../../cva6_upstream_reference/core/cvfpu/src/fpnew_cast_multi.sv:333:27: Ascending bit range vector: left < right of bit range: [0:1]
                                                                                                                                                                                    : ... note: In instance 'cva6.ex_stage_i.fpu_gen.fpu_i.fpu_gen.i_fpnew_bulk.gen_operation_groups[3].i_opgroup_block.gen_merged_slice.i_multifmt_slice.gen_num_lanes[0].active_lane....lane_instance.i_fpnew_cast_multi'
  333 |   logic                   [0:NUM_MID_REGS][INT_MAN_WIDTH-1:0] mid_pipe_input_mant_q;
      |                           ^
%Warning-ASCRANGE: ../../../../../cva6_upstream_reference/vendor/pulp-platform/common_cells/include/../../../../../cva6_upstream_reference/core/cvfpu/src/fpnew_cast_multi.sv:334:27: Ascending bit range vector: left < right of bit range: [0:1]
                                                                                                                                                                                    : ... note: In instance 'cva6.ex_stage_i.fpu_gen.fpu_i.fpu_gen.i_fpnew_bulk.gen_operation_groups[3].i_opgroup_block.gen_merged_slice.i_multifmt_slice.gen_num_lanes[0].active_lane....lane_instance.i_fpnew_cast_multi'
  334 |   logic signed            [0:NUM_MID_REGS][INT_EXP_WIDTH-1:0] mid_pipe_dest_exp_q;
      |                           ^
%Warning-ASCRANGE: ../../../../../cva6_upstream_reference/vendor/pulp-platform/common_cells/include/../../../../../cva6_upstream_reference/core/cvfpu/src/fpnew_cast_multi.sv:335:27: Ascending bit range vector: left < right of bit range: [0:1]
                                                                                                                                                                                    : ... note: In instance 'cva6.ex_stage_i.fpu_gen.fpu_i.fpu_gen.i_fpnew_bulk.gen_operation_groups[3].i_opgroup_block.gen_merged_slice.i_multifmt_slice.gen_num_lanes[0].active_lane....lane_instance.i_fpnew_cast_multi'
  335 |   logic                   [0:NUM_MID_REGS]                    mid_pipe_src_is_int_q;
      |                           ^
%Warning-ASCRANGE: ../../../../../cva6_upstream_reference/vendor/pulp-platform/common_cells/include/../../../../../cva6_upstream_reference/core/cvfpu/src/fpnew_cast_multi.sv:336:27: Ascending bit range vector: left < right of bit range: [0:1]
                                                                                                                                                                                    : ... note: In instance 'cva6.ex_stage_i.fpu_gen.fpu_i.fpu_gen.i_fpnew_bulk.gen_operation_groups[3].i_opgroup_block.gen_merged_slice.i_multifmt_slice.gen_num_lanes[0].active_lane....lane_instance.i_fpnew_cast_multi'
  336 |   logic                   [0:NUM_MID_REGS]                    mid_pipe_dst_is_int_q;
      |                           ^
%Warning-ASCRANGE: ../../../../../cva6_upstream_reference/vendor/pulp-platform/common_cells/include/../../../../../cva6_upstream_reference/core/cvfpu/src/fpnew_cast_multi.sv:337:27: Ascending bit range vector: left < right of bit range: [0:1]
                                                                                                                                                                                    : ... note: In instance 'cva6.ex_stage_i.fpu_gen.fpu_i.fpu_gen.i_fpnew_bulk.gen_operation_groups[3].i_opgroup_block.gen_merged_slice.i_multifmt_slice.gen_num_lanes[0].active_lane....lane_instance.i_fpnew_cast_multi'
  337 |   fpnew_pkg::fp_info_t    [0:NUM_MID_REGS]                    mid_pipe_info_q;
      |                           ^
%Warning-ASCRANGE: ../../../../../cva6_upstream_reference/vendor/pulp-platform/common_cells/include/../../../../../cva6_upstream_reference/core/cvfpu/src/fpnew_cast_multi.sv:338:27: Ascending bit range vector: left < right of bit range: [0:1]
                                                                                                                                                                                    : ... note: In instance 'cva6.ex_stage_i.fpu_gen.fpu_i.fpu_gen.i_fpnew_bulk.gen_operation_groups[3].i_opgroup_block.gen_merged_slice.i_multifmt_slice.gen_num_lanes[0].active_lane....lane_instance.i_fpnew_cast_multi'
  338 |   logic                   [0:NUM_MID_REGS]                    mid_pipe_mant_zero_q;
      |                           ^
%Warning-ASCRANGE: ../../../../../cva6_upstream_reference/vendor/pulp-platform/common_cells/include/../../../../../cva6_upstream_reference/core/cvfpu/src/fpnew_cast_multi.sv:339:27: Ascending bit range vector: left < right of bit range: [0:1]
                                                                                                                                                                                    : ... note: In instance 'cva6.ex_stage_i.fpu_gen.fpu_i.fpu_gen.i_fpnew_bulk.gen_operation_groups[3].i_opgroup_block.gen_merged_slice.i_multifmt_slice.gen_num_lanes[0].active_lane....lane_instance.i_fpnew_cast_multi'
  339 |   logic                   [0:NUM_MID_REGS]                    mid_pipe_op_mod_q;
      |                           ^
%Warning-ASCRANGE: ../../../../../cva6_upstream_reference/vendor/pulp-platform/common_cells/include/../../../../../cva6_upstream_reference/core/cvfpu/src/fpnew_cast_multi.sv:340:27: Ascending bit range vector: left < right of bit range: [0:1]
                                                                                                                                                                                    : ... note: In instance 'cva6.ex_stage_i.fpu_gen.fpu_i.fpu_gen.i_fpnew_bulk.gen_operation_groups[3].i_opgroup_block.gen_merged_slice.i_multifmt_slice.gen_num_lanes[0].active_lane....lane_instance.i_fpnew_cast_multi'
  340 |   fpnew_pkg::roundmode_e  [0:NUM_MID_REGS]                    mid_pipe_rnd_mode_q;
      |                           ^
%Warning-ASCRANGE: ../../../../../cva6_upstream_reference/vendor/pulp-platform/common_cells/include/../../../../../cva6_upstream_reference/core/cvfpu/src/fpnew_cast_multi.sv:341:27: Ascending bit range vector: left < right of bit range: [0:1]
                                                                                                                                                                                    : ... note: In instance 'cva6.ex_stage_i.fpu_gen.fpu_i.fpu_gen.i_fpnew_bulk.gen_operation_groups[3].i_opgroup_block.gen_merged_slice.i_multifmt_slice.gen_num_lanes[0].active_lane....lane_instance.i_fpnew_cast_multi'
  341 |   fpnew_pkg::fp_format_e  [0:NUM_MID_REGS]                    mid_pipe_src_fmt_q;
      |                           ^
%Warning-ASCRANGE: ../../../../../cva6_upstream_reference/vendor/pulp-platform/common_cells/include/../../../../../cva6_upstream_reference/core/cvfpu/src/fpnew_cast_multi.sv:342:27: Ascending bit range vector: left < right of bit range: [0:1]
                                                                                                                                                                                    : ... note: In instance 'cva6.ex_stage_i.fpu_gen.fpu_i.fpu_gen.i_fpnew_bulk.gen_operation_groups[3].i_opgroup_block.gen_merged_slice.i_multifmt_slice.gen_num_lanes[0].active_lane....lane_instance.i_fpnew_cast_multi'
  342 |   fpnew_pkg::fp_format_e  [0:NUM_MID_REGS]                    mid_pipe_dst_fmt_q;
      |                           ^
%Warning-ASCRANGE: ../../../../../cva6_upstream_reference/vendor/pulp-platform/common_cells/include/../../../../../cva6_upstream_reference/core/cvfpu/src/fpnew_cast_multi.sv:343:27: Ascending bit range vector: left < right of bit range: [0:1]
                                                                                                                                                                                    : ... note: In instance 'cva6.ex_stage_i.fpu_gen.fpu_i.fpu_gen.i_fpnew_bulk.gen_operation_groups[3].i_opgroup_block.gen_merged_slice.i_multifmt_slice.gen_num_lanes[0].active_lane....lane_instance.i_fpnew_cast_multi'
  343 |   fpnew_pkg::int_format_e [0:NUM_MID_REGS]                    mid_pipe_int_fmt_q;
      |                           ^
%Warning-ASCRANGE: ../../../../../cva6_upstream_reference/vendor/pulp-platform/common_cells/include/../../../../../cva6_upstream_reference/core/cvfpu/src/fpnew_cast_multi.sv:344:27: Ascending bit range vector: left < right of bit range: [0:1]
                                                                                                                                                                                    : ... note: In instance 'cva6.ex_stage_i.fpu_gen.fpu_i.fpu_gen.i_fpnew_bulk.gen_operation_groups[3].i_opgroup_block.gen_merged_slice.i_multifmt_slice.gen_num_lanes[0].active_lane....lane_instance.i_fpnew_cast_multi'
  344 |   TagType                 [0:NUM_MID_REGS]                    mid_pipe_tag_q;
      |                           ^
%Warning-ASCRANGE: ../../../../../cva6_upstream_reference/vendor/pulp-platform/common_cells/include/../../../../../cva6_upstream_reference/core/cvfpu/src/fpnew_cast_multi.sv:345:27: Ascending bit range vector: left < right of bit range: [0:1]
                                                                                                                                                                                    : ... note: In instance 'cva6.ex_stage_i.fpu_gen.fpu_i.fpu_gen.i_fpnew_bulk.gen_operation_groups[3].i_opgroup_block.gen_merged_slice.i_multifmt_slice.gen_num_lanes[0].active_lane....lane_instance.i_fpnew_cast_multi'
  345 |   logic                   [0:NUM_MID_REGS]                    mid_pipe_mask_q;
      |                           ^
%Warning-ASCRANGE: ../../../../../cva6_upstream_reference/vendor/pulp-platform/common_cells/include/../../../../../cva6_upstream_reference/core/cvfpu/src/fpnew_cast_multi.sv:346:27: Ascending bit range vector: left < right of bit range: [0:1]
                                                                                                                                                                                    : ... note: In instance 'cva6.ex_stage_i.fpu_gen.fpu_i.fpu_gen.i_fpnew_bulk.gen_operation_groups[3].i_opgroup_block.gen_merged_slice.i_multifmt_slice.gen_num_lanes[0].active_lane....lane_instance.i_fpnew_cast_multi'
  346 |   AuxType                 [0:NUM_MID_REGS]                    mid_pipe_aux_q;
      |                           ^
%Warning-ASCRANGE: ../../../../../cva6_upstream_reference/vendor/pulp-platform/common_cells/include/../../../../../cva6_upstream_reference/core/cvfpu/src/fpnew_cast_multi.sv:347:27: Ascending bit range vector: left < right of bit range: [0:1]
                                                                                                                                                                                    : ... note: In instance 'cva6.ex_stage_i.fpu_gen.fpu_i.fpu_gen.i_fpnew_bulk.gen_operation_groups[3].i_opgroup_block.gen_merged_slice.i_multifmt_slice.gen_num_lanes[0].active_lane....lane_instance.i_fpnew_cast_multi'
  347 |   logic                   [0:NUM_MID_REGS]                    mid_pipe_valid_q;
      |                           ^
%Warning-ASCRANGE: ../../../../../cva6_upstream_reference/vendor/pulp-platform/common_cells/include/../../../../../cva6_upstream_reference/core/cvfpu/src/fpnew_cast_multi.sv:349:9: Ascending bit range vector: left < right of bit range: [0:1]
                                                                                                                                                                                   : ... note: In instance 'cva6.ex_stage_i.fpu_gen.fpu_i.fpu_gen.i_fpnew_bulk.gen_operation_groups[3].i_opgroup_block.gen_merged_slice.i_multifmt_slice.gen_num_lanes[0].active_lane....lane_instance.i_fpnew_cast_multi'
  349 |   logic [0:NUM_MID_REGS] mid_pipe_ready;
      |         ^
%Warning-WIDTHTRUNC: ../../../../../cva6_upstream_reference/vendor/pulp-platform/common_cells/include/../../../../../cva6_upstream_reference/core/cvfpu/src/fpnew_cast_multi.sv:438:21: Operator ASSIGN expects 7 bits on the Assign RHS, but Assign RHS's SUB generates 32 bits.
                                                                                                                                                                                      : ... note: In instance 'cva6.ex_stage_i.fpu_gen.fpu_i.fpu_gen.i_fpnew_bulk.gen_operation_groups[3].i_opgroup_block.gen_merged_slice.i_multifmt_slice.gen_num_lanes[0].active_lane....lane_instance.i_fpnew_cast_multi'
  438 |     denorm_shamt    = SUPER_MAN_BITS - fpnew_pkg::man_bits(dst_fmt_q2);  
      |                     ^
%Warning-WIDTHEXPAND: ../../../../../cva6_upstream_reference/vendor/pulp-platform/common_cells/include/../../../../../cva6_upstream_reference/core/cvfpu/src/fpnew_cast_multi.sv:443:34: Operator SHIFTL expects 129 bits on the LHS, but LHS's VARREF 'input_mant_q' generates 64 bits.
                                                                                                                                                                                       : ... note: In instance 'cva6.ex_stage_i.fpu_gen.fpu_i.fpu_gen.i_fpnew_bulk.gen_operation_groups[3].i_opgroup_block.gen_merged_slice.i_multifmt_slice.gen_num_lanes[0].active_lane....lane_instance.i_fpnew_cast_multi'
  443 |     preshift_mant = input_mant_q << (INT_MAN_WIDTH + 1);
      |                                  ^~
%Warning-WIDTHEXPAND: ../../../../../cva6_upstream_reference/vendor/pulp-platform/common_cells/include/../../../../../cva6_upstream_reference/core/cvfpu/src/fpnew_cast_multi.sv:448:50: Operator SUB expects 32 bits on the RHS, but RHS's VARREF 'input_exp_q' generates 12 bits.
                                                                                                                                                                                       : ... note: In instance 'cva6.ex_stage_i.fpu_gen.fpu_i.fpu_gen.i_fpnew_bulk.gen_operation_groups[3].i_opgroup_block.gen_merged_slice.i_multifmt_slice.gen_num_lanes[0].active_lane....lane_instance.i_fpnew_cast_multi'
  448 |       denorm_shamt = unsigned'(MAX_INT_WIDTH - 1 - input_exp_q);
      |                                                  ^
%Warning-WIDTHTRUNC: ../../../../../cva6_upstream_reference/vendor/pulp-platform/common_cells/include/../../../../../cva6_upstream_reference/core/cvfpu/src/fpnew_cast_multi.sv:448:20: Operator ASSIGN expects 7 bits on the Assign RHS, but Assign RHS's UNSIGNED generates 32 bits.
                                                                                                                                                                                      : ... note: In instance 'cva6.ex_stage_i.fpu_gen.fpu_i.fpu_gen.i_fpnew_bulk.gen_operation_groups[3].i_opgroup_block.gen_merged_slice.i_multifmt_slice.gen_num_lanes[0].active_lane....lane_instance.i_fpnew_cast_multi'
  448 |       denorm_shamt = unsigned'(MAX_INT_WIDTH - 1 - input_exp_q);
      |                    ^
%Warning-WIDTHTRUNC: ../../../../../cva6_upstream_reference/vendor/pulp-platform/common_cells/include/../../../../../cva6_upstream_reference/core/cvfpu/src/fpnew_cast_multi.sv:458:25: Operator ASSIGN expects 7 bits on the Assign RHS, but Assign RHS's ADD generates 32 bits.
                                                                                                                                                                                      : ... note: In instance 'cva6.ex_stage_i.fpu_gen.fpu_i.fpu_gen.i_fpnew_bulk.gen_operation_groups[3].i_opgroup_block.gen_merged_slice.i_multifmt_slice.gen_num_lanes[0].active_lane....lane_instance.i_fpnew_cast_multi'
  458 |         denorm_shamt    = MAX_INT_WIDTH + 1;  
      |                         ^
%Warning-WIDTHEXPAND: ../../../../../cva6_upstream_reference/vendor/pulp-platform/common_cells/include/../../../../../cva6_upstream_reference/core/cvfpu/src/fpnew_cast_multi.sv:450:24: Operator GTES expects 32 bits on the LHS, but LHS's VARREF 'input_exp_q' generates 12 bits.
                                                                                                                                                                                       : ... note: In instance 'cva6.ex_stage_i.fpu_gen.fpu_i.fpu_gen.i_fpnew_bulk.gen_operation_groups[3].i_opgroup_block.gen_merged_slice.i_multifmt_slice.gen_num_lanes[0].active_lane....lane_instance.i_fpnew_cast_multi'
  450 |       if ((input_exp_q >= signed'(fpnew_pkg::int_width(int_fmt_q2) - 1 + op_mod_q2))     
      |                        ^~
%Warning-WIDTHEXPAND: ../../../../../cva6_upstream_reference/vendor/pulp-platform/common_cells/include/../../../../../cva6_upstream_reference/core/cvfpu/src/fpnew_cast_multi.sv:453:32: Operator EQ expects 32 bits on the LHS, but LHS's VARREF 'input_exp_q' generates 12 bits.
                                                                                                                                                                                       : ... note: In instance 'cva6.ex_stage_i.fpu_gen.fpu_i.fpu_gen.i_fpnew_bulk.gen_operation_groups[3].i_opgroup_block.gen_merged_slice.i_multifmt_slice.gen_num_lanes[0].active_lane....lane_instance.i_fpnew_cast_multi'
  453 |                && (input_exp_q == signed'(fpnew_pkg::int_width(int_fmt_q2) - 1)))) begin
      |                                ^~
%Warning-WIDTHTRUNC: ../../../../../cva6_upstream_reference/vendor/pulp-platform/common_cells/include/../../../../../cva6_upstream_reference/core/cvfpu/src/fpnew_cast_multi.sv:465:25: Operator ASSIGN expects 12 bits on the Assign RHS, but Assign RHS's UNSIGNED generates 32 bits.
                                                                                                                                                                                      : ... note: In instance 'cva6.ex_stage_i.fpu_gen.fpu_i.fpu_gen.i_fpnew_bulk.gen_operation_groups[3].i_opgroup_block.gen_merged_slice.i_multifmt_slice.gen_num_lanes[0].active_lane....lane_instance.i_fpnew_cast_multi'
  465 |         final_exp       = unsigned'(2**fpnew_pkg::exp_bits(dst_fmt_q2)-1);  
      |                         ^
%Warning-WIDTHTRUNC: ../../../../../cva6_upstream_reference/vendor/pulp-platform/common_cells/include/../../../../../cva6_upstream_reference/core/cvfpu/src/fpnew_cast_multi.sv:469:25: Operator ASSIGN expects 12 bits on the Assign RHS, but Assign RHS's UNSIGNED generates 32 bits.
                                                                                                                                                                                      : ... note: In instance 'cva6.ex_stage_i.fpu_gen.fpu_i.fpu_gen.i_fpnew_bulk.gen_operation_groups[3].i_opgroup_block.gen_merged_slice.i_multifmt_slice.gen_num_lanes[0].active_lane....lane_instance.i_fpnew_cast_multi'
  469 |         final_exp       = unsigned'(2**fpnew_pkg::exp_bits(dst_fmt_q2)-2);  
      |                         ^
%Warning-WIDTHEXPAND: ../../../../../cva6_upstream_reference/vendor/pulp-platform/common_cells/include/../../../../../cva6_upstream_reference/core/cvfpu/src/fpnew_cast_multi.sv:476:50: Operator ADD expects 32 or 12 bits on the LHS, but LHS's VARREF 'denorm_shamt' generates 7 bits.
                                                                                                                                                                                       : ... note: In instance 'cva6.ex_stage_i.fpu_gen.fpu_i.fpu_gen.i_fpnew_bulk.gen_operation_groups[3].i_opgroup_block.gen_merged_slice.i_multifmt_slice.gen_num_lanes[0].active_lane....lane_instance.i_fpnew_cast_multi'
  476 |         denorm_shamt    = unsigned'(denorm_shamt + 1 - destination_exp_q);  
      |                                                  ^
%Warning-WIDTHTRUNC: ../../../../../cva6_upstream_reference/vendor/pulp-platform/common_cells/include/../../../../../cva6_upstream_reference/core/cvfpu/src/fpnew_cast_multi.sv:476:25: Operator ASSIGN expects 7 bits on the Assign RHS, but Assign RHS's UNSIGNED generates 32 bits.
                                                                                                                                                                                      : ... note: In instance 'cva6.ex_stage_i.fpu_gen.fpu_i.fpu_gen.i_fpnew_bulk.gen_operation_groups[3].i_opgroup_block.gen_merged_slice.i_multifmt_slice.gen_num_lanes[0].active_lane....lane_instance.i_fpnew_cast_multi'
  476 |         denorm_shamt    = unsigned'(denorm_shamt + 1 - destination_exp_q);  
      |                         ^
%Warning-WIDTHEXPAND: ../../../../../cva6_upstream_reference/vendor/pulp-platform/common_cells/include/../../../../../cva6_upstream_reference/core/cvfpu/src/fpnew_cast_multi.sv:481:50: Operator ADD expects 32 bits on the LHS, but LHS's VARREF 'denorm_shamt' generates 7 bits.
                                                                                                                                                                                       : ... note: In instance 'cva6.ex_stage_i.fpu_gen.fpu_i.fpu_gen.i_fpnew_bulk.gen_operation_groups[3].i_opgroup_block.gen_merged_slice.i_multifmt_slice.gen_num_lanes[0].active_lane....lane_instance.i_fpnew_cast_multi'
  481 |         denorm_shamt    = unsigned'(denorm_shamt + 2 + fpnew_pkg::man_bits(dst_fmt_q2));  
      |                                                  ^
%Warning-WIDTHTRUNC: ../../../../../cva6_upstream_reference/vendor/pulp-platform/common_cells/include/../../../../../cva6_upstream_reference/core/cvfpu/src/fpnew_cast_multi.sv:481:25: Operator ASSIGN expects 7 bits on the Assign RHS, but Assign RHS's UNSIGNED generates 32 bits.
                                                                                                                                                                                      : ... note: In instance 'cva6.ex_stage_i.fpu_gen.fpu_i.fpu_gen.i_fpnew_bulk.gen_operation_groups[3].i_opgroup_block.gen_merged_slice.i_multifmt_slice.gen_num_lanes[0].active_lane....lane_instance.i_fpnew_cast_multi'
  481 |         denorm_shamt    = unsigned'(denorm_shamt + 2 + fpnew_pkg::man_bits(dst_fmt_q2));  
      |                         ^
%Warning-WIDTHEXPAND: ../../../../../cva6_upstream_reference/vendor/pulp-platform/common_cells/include/../../../../../cva6_upstream_reference/core/cvfpu/src/fpnew_cast_multi.sv:479:38: Operator LTS expects 32 bits on the LHS, but LHS's VARREF 'destination_exp_q' generates 12 bits.
                                                                                                                                                                                       : ... note: In instance 'cva6.ex_stage_i.fpu_gen.fpu_i.fpu_gen.i_fpnew_bulk.gen_operation_groups[3].i_opgroup_block.gen_merged_slice.i_multifmt_slice.gen_num_lanes[0].active_lane....lane_instance.i_fpnew_cast_multi'
  479 |       end else if (destination_exp_q < -signed'(fpnew_pkg::man_bits(dst_fmt_q2))) begin
      |                                      ^
%Warning-WIDTHEXPAND: ../../../../../cva6_upstream_reference/vendor/pulp-platform/common_cells/include/../../../../../cva6_upstream_reference/core/cvfpu/src/fpnew_cast_multi.sv:474:38: Operator GTES expects 32 bits on the LHS, but LHS's VARREF 'destination_exp_q' generates 12 bits.
                                                                                                                                                                                       : ... note: In instance 'cva6.ex_stage_i.fpu_gen.fpu_i.fpu_gen.i_fpnew_bulk.gen_operation_groups[3].i_opgroup_block.gen_merged_slice.i_multifmt_slice.gen_num_lanes[0].active_lane....lane_instance.i_fpnew_cast_multi'
  474 |                    destination_exp_q >= -signed'(fpnew_pkg::man_bits(dst_fmt_q2))) begin
      |                                      ^~
%Warning-WIDTHEXPAND: ../../../../../cva6_upstream_reference/vendor/pulp-platform/common_cells/include/../../../../../cva6_upstream_reference/core/cvfpu/src/fpnew_cast_multi.sv:468:38: Operator GTES expects 32 bits on the LHS, but LHS's VARREF 'destination_exp_q' generates 12 bits.
                                                                                                                                                                                       : ... note: In instance 'cva6.ex_stage_i.fpu_gen.fpu_i.fpu_gen.i_fpnew_bulk.gen_operation_groups[3].i_opgroup_block.gen_merged_slice.i_multifmt_slice.gen_num_lanes[0].active_lane....lane_instance.i_fpnew_cast_multi'
  468 |       end else if (destination_exp_q >= signed'(2**fpnew_pkg::exp_bits(dst_fmt_q2))-1) begin
      |                                      ^~
%Warning-WIDTHEXPAND: ../../../../../cva6_upstream_reference/vendor/pulp-platform/common_cells/include/../../../../../cva6_upstream_reference/core/cvfpu/src/fpnew_cast_multi.sv:535:32: Operator ASSIGN expects 64 bits on the Assign RHS, but Assign RHS's REPLICATE generates 31 bits.
                                                                                                                                                                                       : ... note: In instance 'cva6.ex_stage_i.fpu_gen.fpu_i.fpu_gen.i_fpnew_bulk.gen_operation_groups[3].i_opgroup_block.gen_merged_slice.i_multifmt_slice.gen_num_lanes[0].active_lane....lane_instance.i_fpnew_cast_multi'
  535 |         fmt_pre_round_abs[fmt] = {final_exp[EXP_BITS-1:0], final_mant[MAN_BITS-1:0]};  
      |                                ^
%Warning-WIDTHEXPAND: ../../../../../cva6_upstream_reference/vendor/pulp-platform/common_cells/include/../../../../../cva6_upstream_reference/core/cvfpu/src/fpnew_cast_multi.sv:535:32: Operator ASSIGN expects 64 bits on the Assign RHS, but Assign RHS's REPLICATE generates 63 bits.
                                                                                                                                                                                       : ... note: In instance 'cva6.ex_stage_i.fpu_gen.fpu_i.fpu_gen.i_fpnew_bulk.gen_operation_groups[3].i_opgroup_block.gen_merged_slice.i_multifmt_slice.gen_num_lanes[0].active_lane....lane_instance.i_fpnew_cast_multi'
  535 |         fmt_pre_round_abs[fmt] = {final_exp[EXP_BITS-1:0], final_mant[MAN_BITS-1:0]};  
      |                                ^
%Warning-WIDTHEXPAND: ../../../../../cva6_upstream_reference/vendor/pulp-platform/common_cells/include/../../../../../cva6_upstream_reference/core/cvfpu/src/fpnew_cast_multi.sv:635:42: Operator EQ expects 32 bits on the LHS, but LHS's VARREF 'input_exp_q' generates 12 bits.
                                                                                                                                                                                       : ... note: In instance 'cva6.ex_stage_i.fpu_gen.fpu_i.fpu_gen.i_fpnew_bulk.gen_operation_groups[3].i_opgroup_block.gen_merged_slice.i_multifmt_slice.gen_num_lanes[0].active_lane....lane_instance.i_fpnew_cast_multi'
  635 |         if (!rounded_sign && input_exp_q == signed'(INT_WIDTH - 2 + op_mod_q2)) begin
      |                                          ^~
%Warning-WIDTHEXPAND: ../../../../../cva6_upstream_reference/vendor/pulp-platform/common_cells/include/../../../../../cva6_upstream_reference/core/cvfpu/src/fpnew_cast_multi.sv:642:55: Operator EQ expects 32 bits on the LHS, but LHS's VARREF 'input_exp_q' generates 12 bits.
                                                                                                                                                                                       : ... note: In instance 'cva6.ex_stage_i.fpu_gen.fpu_i.fpu_gen.i_fpnew_bulk.gen_operation_groups[3].i_opgroup_block.gen_merged_slice.i_multifmt_slice.gen_num_lanes[0].active_lane....lane_instance.i_fpnew_cast_multi'
  642 |         if (!op_mod_q2 && rounded_sign && input_exp_q == signed'(INT_WIDTH - 1)) begin
      |                                                       ^~
%Warning-WIDTHEXPAND: ../../../../../cva6_upstream_reference/vendor/pulp-platform/common_cells/include/../../../../../cva6_upstream_reference/core/cvfpu/src/fpnew_cast_multi.sv:680:38: Operator SHIFTL expects 32 bits on the LHS, but LHS's VARREF 'input_sign_q' generates 1 bits.
                                                                                                                                                                                       : ... note: In instance 'cva6.ex_stage_i.fpu_gen.fpu_i.fpu_gen.i_fpnew_bulk.gen_operation_groups[3].i_opgroup_block.gen_merged_slice.i_multifmt_slice.gen_num_lanes[0].active_lane....lane_instance.i_fpnew_cast_multi'
  680 |                       ? input_sign_q << FP_WIDTH-1  
      |                                      ^~
%Warning-WIDTHEXPAND: ../../../../../cva6_upstream_reference/vendor/pulp-platform/common_cells/include/../../../../../cva6_upstream_reference/core/cvfpu/src/fpnew_cast_multi.sv:680:38: Operator SHIFTL expects 64 bits on the LHS, but LHS's VARREF 'input_sign_q' generates 1 bits.
                                                                                                                                                                                       : ... note: In instance 'cva6.ex_stage_i.fpu_gen.fpu_i.fpu_gen.i_fpnew_bulk.gen_operation_groups[3].i_opgroup_block.gen_merged_slice.i_multifmt_slice.gen_num_lanes[0].active_lane....lane_instance.i_fpnew_cast_multi'
  680 |                       ? input_sign_q << FP_WIDTH-1  
      |                                      ^~
%Warning-ASCRANGE: ../../../../../cva6_upstream_reference/vendor/pulp-platform/common_cells/include/../../../../../cva6_upstream_reference/core/cvfpu/src/fpnew_noncomp.sv:93:26: Ascending bit range vector: left < right of bit range: [0:1]
                                                                                                                                                                                : ... note: In instance 'cva6.ex_stage_i.fpu_gen.fpu_i.fpu_gen.i_fpnew_bulk.gen_operation_groups[2].i_opgroup_block.gen_parallel_slices[1].active_format.i_fmt_slice.gen_num_lanes[0].active_lane...lane_instance.i_noncomp'
   93 |   logic                  [0:NUM_INP_REGS][1:0][WIDTH-1:0] inp_pipe_operands_q;
      |                          ^
%Warning-ASCRANGE: ../../../../../cva6_upstream_reference/vendor/pulp-platform/common_cells/include/../../../../../cva6_upstream_reference/core/cvfpu/src/fpnew_noncomp.sv:94:26: Ascending bit range vector: left < right of bit range: [0:1]
                                                                                                                                                                                : ... note: In instance 'cva6.ex_stage_i.fpu_gen.fpu_i.fpu_gen.i_fpnew_bulk.gen_operation_groups[2].i_opgroup_block.gen_parallel_slices[1].active_format.i_fmt_slice.gen_num_lanes[0].active_lane...lane_instance.i_noncomp'
   94 |   logic                  [0:NUM_INP_REGS][1:0]            inp_pipe_is_boxed_q;
      |                          ^
%Warning-ASCRANGE: ../../../../../cva6_upstream_reference/vendor/pulp-platform/common_cells/include/../../../../../cva6_upstream_reference/core/cvfpu/src/fpnew_noncomp.sv:95:26: Ascending bit range vector: left < right of bit range: [0:1]
                                                                                                                                                                                : ... note: In instance 'cva6.ex_stage_i.fpu_gen.fpu_i.fpu_gen.i_fpnew_bulk.gen_operation_groups[2].i_opgroup_block.gen_parallel_slices[1].active_format.i_fmt_slice.gen_num_lanes[0].active_lane...lane_instance.i_noncomp'
   95 |   fpnew_pkg::roundmode_e [0:NUM_INP_REGS]                 inp_pipe_rnd_mode_q;
      |                          ^
%Warning-ASCRANGE: ../../../../../cva6_upstream_reference/vendor/pulp-platform/common_cells/include/../../../../../cva6_upstream_reference/core/cvfpu/src/fpnew_noncomp.sv:96:26: Ascending bit range vector: left < right of bit range: [0:1]
                                                                                                                                                                                : ... note: In instance 'cva6.ex_stage_i.fpu_gen.fpu_i.fpu_gen.i_fpnew_bulk.gen_operation_groups[2].i_opgroup_block.gen_parallel_slices[1].active_format.i_fmt_slice.gen_num_lanes[0].active_lane...lane_instance.i_noncomp'
   96 |   fpnew_pkg::operation_e [0:NUM_INP_REGS]                 inp_pipe_op_q;
      |                          ^
%Warning-ASCRANGE: ../../../../../cva6_upstream_reference/vendor/pulp-platform/common_cells/include/../../../../../cva6_upstream_reference/core/cvfpu/src/fpnew_noncomp.sv:97:26: Ascending bit range vector: left < right of bit range: [0:1]
                                                                                                                                                                                : ... note: In instance 'cva6.ex_stage_i.fpu_gen.fpu_i.fpu_gen.i_fpnew_bulk.gen_operation_groups[2].i_opgroup_block.gen_parallel_slices[1].active_format.i_fmt_slice.gen_num_lanes[0].active_lane...lane_instance.i_noncomp'
   97 |   logic                  [0:NUM_INP_REGS]                 inp_pipe_op_mod_q;
      |                          ^
%Warning-ASCRANGE: ../../../../../cva6_upstream_reference/vendor/pulp-platform/common_cells/include/../../../../../cva6_upstream_reference/core/cvfpu/src/fpnew_noncomp.sv:98:26: Ascending bit range vector: left < right of bit range: [0:1]
                                                                                                                                                                                : ... note: In instance 'cva6.ex_stage_i.fpu_gen.fpu_i.fpu_gen.i_fpnew_bulk.gen_operation_groups[2].i_opgroup_block.gen_parallel_slices[1].active_format.i_fmt_slice.gen_num_lanes[0].active_lane...lane_instance.i_noncomp'
   98 |   TagType                [0:NUM_INP_REGS]                 inp_pipe_tag_q;
      |                          ^
%Warning-ASCRANGE: ../../../../../cva6_upstream_reference/vendor/pulp-platform/common_cells/include/../../../../../cva6_upstream_reference/core/cvfpu/src/fpnew_noncomp.sv:99:26: Ascending bit range vector: left < right of bit range: [0:1]
                                                                                                                                                                                : ... note: In instance 'cva6.ex_stage_i.fpu_gen.fpu_i.fpu_gen.i_fpnew_bulk.gen_operation_groups[2].i_opgroup_block.gen_parallel_slices[1].active_format.i_fmt_slice.gen_num_lanes[0].active_lane...lane_instance.i_noncomp'
   99 |   logic                  [0:NUM_INP_REGS]                 inp_pipe_mask_q;
      |                          ^
%Warning-ASCRANGE: ../../../../../cva6_upstream_reference/vendor/pulp-platform/common_cells/include/../../../../../cva6_upstream_reference/core/cvfpu/src/fpnew_noncomp.sv:100:26: Ascending bit range vector: left < right of bit range: [0:1]
                                                                                                                                                                                 : ... note: In instance 'cva6.ex_stage_i.fpu_gen.fpu_i.fpu_gen.i_fpnew_bulk.gen_operation_groups[2].i_opgroup_block.gen_parallel_slices[1].active_format.i_fmt_slice.gen_num_lanes[0].active_lane...lane_instance.i_noncomp'
  100 |   AuxType                [0:NUM_INP_REGS]                 inp_pipe_aux_q;
      |                          ^
%Warning-ASCRANGE: ../../../../../cva6_upstream_reference/vendor/pulp-platform/common_cells/include/../../../../../cva6_upstream_reference/core/cvfpu/src/fpnew_noncomp.sv:101:26: Ascending bit range vector: left < right of bit range: [0:1]
                                                                                                                                                                                 : ... note: In instance 'cva6.ex_stage_i.fpu_gen.fpu_i.fpu_gen.i_fpnew_bulk.gen_operation_groups[2].i_opgroup_block.gen_parallel_slices[1].active_format.i_fmt_slice.gen_num_lanes[0].active_lane...lane_instance.i_noncomp'
  101 |   logic                  [0:NUM_INP_REGS]                 inp_pipe_valid_q;
      |                          ^
%Warning-ASCRANGE: ../../../../../cva6_upstream_reference/vendor/pulp-platform/common_cells/include/../../../../../cva6_upstream_reference/core/cvfpu/src/fpnew_noncomp.sv:103:9: Ascending bit range vector: left < right of bit range: [0:1]
                                                                                                                                                                                : ... note: In instance 'cva6.ex_stage_i.fpu_gen.fpu_i.fpu_gen.i_fpnew_bulk.gen_operation_groups[2].i_opgroup_block.gen_parallel_slices[1].active_format.i_fmt_slice.gen_num_lanes[0].active_lane...lane_instance.i_noncomp'
  103 |   logic [0:NUM_INP_REGS] inp_pipe_ready;
      |         ^
%Warning-WIDTHEXPAND: ../../../../../cva6_upstream_reference/vendor/pulp-platform/common_cells/include/../../../../../cva6_upstream_reference/core/cvfpu/src/fpnew_noncomp.sv:207:32: Operator PATMEMBER expects 11 bits on the Pattern value, but Pattern value's VARREF 'DONT_CARE' generates 1 bits.
  207 |       default: sgnj_result = '{default: fpnew_pkg::DONT_CARE};  
      |                                ^~~~~~~
%Warning-WIDTHEXPAND: ../../../../../cva6_upstream_reference/vendor/pulp-platform/common_cells/include/../../../../../cva6_upstream_reference/core/cvfpu/src/fpnew_noncomp.sv:207:32: Operator PATMEMBER expects 52 bits on the Pattern value, but Pattern value's VARREF 'DONT_CARE' generates 1 bits.
  207 |       default: sgnj_result = '{default: fpnew_pkg::DONT_CARE};  
      |                                ^~~~~~~
%Warning-WIDTHEXPAND: ../../../../../cva6_upstream_reference/vendor/pulp-platform/common_cells/include/../../../../../cva6_upstream_reference/core/cvfpu/src/fpnew_noncomp.sv:243:36: Operator PATMEMBER expects 11 bits on the Pattern value, but Pattern value's VARREF 'DONT_CARE' generates 1 bits.
  243 |         default: minmax_result = '{default: fpnew_pkg::DONT_CARE};  
      |                                    ^~~~~~~
%Warning-WIDTHEXPAND: ../../../../../cva6_upstream_reference/vendor/pulp-platform/common_cells/include/../../../../../cva6_upstream_reference/core/cvfpu/src/fpnew_noncomp.sv:243:36: Operator PATMEMBER expects 52 bits on the Pattern value, but Pattern value's VARREF 'DONT_CARE' generates 1 bits.
  243 |         default: minmax_result = '{default: fpnew_pkg::DONT_CARE};  
      |                                    ^~~~~~~
%Warning-WIDTHEXPAND: ../../../../../cva6_upstream_reference/vendor/pulp-platform/common_cells/include/../../../../../cva6_upstream_reference/core/cvfpu/src/fpnew_noncomp.sv:268:21: Operator ASSIGN expects 64 bits on the Assign RHS, but Assign RHS's LOGAND generates 1 bits.
                                                                                                                                                                                    : ... note: In instance 'cva6.ex_stage_i.fpu_gen.fpu_i.fpu_gen.i_fpnew_bulk.gen_operation_groups[2].i_opgroup_block.gen_parallel_slices[1].active_format.i_fmt_slice.gen_num_lanes[0].active_lane...lane_instance.i_noncomp'
  268 |       cmp_result    = inp_pipe_rnd_mode_q[NUM_INP_REGS] == fpnew_pkg::RDN && inp_pipe_op_mod_q[NUM_INP_REGS];
      |                     ^
%Warning-WIDTHEXPAND: ../../../../../cva6_upstream_reference/vendor/pulp-platform/common_cells/include/../../../../../cva6_upstream_reference/core/cvfpu/src/fpnew_noncomp.sv:274:48: Operator OR expects 64 bits on the LHS, but LHS's VARREF 'operand_a_smaller' generates 1 bits.
                                                                                                                                                                                    : ... note: In instance 'cva6.ex_stage_i.fpu_gen.fpu_i.fpu_gen.i_fpnew_bulk.gen_operation_groups[2].i_opgroup_block.gen_parallel_slices[1].active_format.i_fmt_slice.gen_num_lanes[0].active_lane...lane_instance.i_noncomp'
  274 |           else cmp_result = (operand_a_smaller | operands_equal) ^ inp_pipe_op_mod_q[NUM_INP_REGS];
      |                                                ^
%Warning-WIDTHEXPAND: ../../../../../cva6_upstream_reference/vendor/pulp-platform/common_cells/include/../../../../../cva6_upstream_reference/core/cvfpu/src/fpnew_noncomp.sv:274:48: Operator OR expects 64 bits on the RHS, but RHS's VARREF 'operands_equal' generates 1 bits.
                                                                                                                                                                                    : ... note: In instance 'cva6.ex_stage_i.fpu_gen.fpu_i.fpu_gen.i_fpnew_bulk.gen_operation_groups[2].i_opgroup_block.gen_parallel_slices[1].active_format.i_fmt_slice.gen_num_lanes[0].active_lane...lane_instance.i_noncomp'
  274 |           else cmp_result = (operand_a_smaller | operands_equal) ^ inp_pipe_op_mod_q[NUM_INP_REGS];
      |                                                ^
%Warning-WIDTHEXPAND: ../../../../../cva6_upstream_reference/vendor/pulp-platform/common_cells/include/../../../../../cva6_upstream_reference/core/cvfpu/src/fpnew_noncomp.sv:274:66: Operator XOR expects 64 bits on the RHS, but RHS's SEL generates 1 bits.
                                                                                                                                                                                    : ... note: In instance 'cva6.ex_stage_i.fpu_gen.fpu_i.fpu_gen.i_fpnew_bulk.gen_operation_groups[2].i_opgroup_block.gen_parallel_slices[1].active_format.i_fmt_slice.gen_num_lanes[0].active_lane...lane_instance.i_noncomp'
  274 |           else cmp_result = (operand_a_smaller | operands_equal) ^ inp_pipe_op_mod_q[NUM_INP_REGS];
      |                                                                  ^
%Warning-WIDTHEXPAND: ../../../../../cva6_upstream_reference/vendor/pulp-platform/common_cells/include/../../../../../cva6_upstream_reference/core/cvfpu/src/fpnew_noncomp.sv:278:48: Operator AND expects 64 bits on the LHS, but LHS's VARREF 'operand_a_smaller' generates 1 bits.
                                                                                                                                                                                    : ... note: In instance 'cva6.ex_stage_i.fpu_gen.fpu_i.fpu_gen.i_fpnew_bulk.gen_operation_groups[2].i_opgroup_block.gen_parallel_slices[1].active_format.i_fmt_slice.gen_num_lanes[0].active_lane...lane_instance.i_noncomp'
  278 |           else cmp_result = (operand_a_smaller & ~operands_equal) ^ inp_pipe_op_mod_q[NUM_INP_REGS];
      |                                                ^
%Warning-WIDTHEXPAND: ../../../../../cva6_upstream_reference/vendor/pulp-platform/common_cells/include/../../../../../cva6_upstream_reference/core/cvfpu/src/fpnew_noncomp.sv:278:50: Operator NOT expects 64 bits on the LHS, but LHS's VARREF 'operands_equal' generates 1 bits.
                                                                                                                                                                                    : ... note: In instance 'cva6.ex_stage_i.fpu_gen.fpu_i.fpu_gen.i_fpnew_bulk.gen_operation_groups[2].i_opgroup_block.gen_parallel_slices[1].active_format.i_fmt_slice.gen_num_lanes[0].active_lane...lane_instance.i_noncomp'
  278 |           else cmp_result = (operand_a_smaller & ~operands_equal) ^ inp_pipe_op_mod_q[NUM_INP_REGS];
      |                                                  ^
%Warning-WIDTHEXPAND: ../../../../../cva6_upstream_reference/vendor/pulp-platform/common_cells/include/../../../../../cva6_upstream_reference/core/cvfpu/src/fpnew_noncomp.sv:278:67: Operator XOR expects 64 bits on the RHS, but RHS's SEL generates 1 bits.
                                                                                                                                                                                    : ... note: In instance 'cva6.ex_stage_i.fpu_gen.fpu_i.fpu_gen.i_fpnew_bulk.gen_operation_groups[2].i_opgroup_block.gen_parallel_slices[1].active_format.i_fmt_slice.gen_num_lanes[0].active_lane...lane_instance.i_noncomp'
  278 |           else cmp_result = (operand_a_smaller & ~operands_equal) ^ inp_pipe_op_mod_q[NUM_INP_REGS];
      |                                                                   ^
%Warning-WIDTHEXPAND: ../../../../../cva6_upstream_reference/vendor/pulp-platform/common_cells/include/../../../../../cva6_upstream_reference/core/cvfpu/src/fpnew_noncomp.sv:281:43: Operator ASSIGN expects 64 bits on the Assign RHS, but Assign RHS's SEL generates 1 bits.
                                                                                                                                                                                    : ... note: In instance 'cva6.ex_stage_i.fpu_gen.fpu_i.fpu_gen.i_fpnew_bulk.gen_operation_groups[2].i_opgroup_block.gen_parallel_slices[1].active_format.i_fmt_slice.gen_num_lanes[0].active_lane...lane_instance.i_noncomp'
  281 |           if (any_operand_nan) cmp_result = inp_pipe_op_mod_q[NUM_INP_REGS];  
      |                                           ^
%Warning-WIDTHEXPAND: ../../../../../cva6_upstream_reference/vendor/pulp-platform/common_cells/include/../../../../../cva6_upstream_reference/core/cvfpu/src/fpnew_noncomp.sv:282:44: Operator XOR expects 64 bits on the LHS, but LHS's VARREF 'operands_equal' generates 1 bits.
                                                                                                                                                                                    : ... note: In instance 'cva6.ex_stage_i.fpu_gen.fpu_i.fpu_gen.i_fpnew_bulk.gen_operation_groups[2].i_opgroup_block.gen_parallel_slices[1].active_format.i_fmt_slice.gen_num_lanes[0].active_lane...lane_instance.i_noncomp'
  282 |           else cmp_result = operands_equal ^ inp_pipe_op_mod_q[NUM_INP_REGS];
      |                                            ^
%Warning-WIDTHEXPAND: ../../../../../cva6_upstream_reference/vendor/pulp-platform/common_cells/include/../../../../../cva6_upstream_reference/core/cvfpu/src/fpnew_noncomp.sv:282:44: Operator XOR expects 64 bits on the RHS, but RHS's SEL generates 1 bits.
                                                                                                                                                                                    : ... note: In instance 'cva6.ex_stage_i.fpu_gen.fpu_i.fpu_gen.i_fpnew_bulk.gen_operation_groups[2].i_opgroup_block.gen_parallel_slices[1].active_format.i_fmt_slice.gen_num_lanes[0].active_lane...lane_instance.i_noncomp'
  282 |           else cmp_result = operands_equal ^ inp_pipe_op_mod_q[NUM_INP_REGS];
      |                                            ^
%Warning-WIDTHEXPAND: ../../../../../cva6_upstream_reference/vendor/pulp-platform/common_cells/include/../../../../../cva6_upstream_reference/core/cvfpu/src/fpnew_noncomp.sv:284:33: Operator PATMEMBER expects 11 bits on the Pattern value, but Pattern value's VARREF 'DONT_CARE' generates 1 bits.
  284 |         default: cmp_result = '{default: fpnew_pkg::DONT_CARE};  
      |                                 ^~~~~~~
%Warning-WIDTHEXPAND: ../../../../../cva6_upstream_reference/vendor/pulp-platform/common_cells/include/../../../../../cva6_upstream_reference/core/cvfpu/src/fpnew_noncomp.sv:284:33: Operator PATMEMBER expects 52 bits on the Pattern value, but Pattern value's VARREF 'DONT_CARE' generates 1 bits.
  284 |         default: cmp_result = '{default: fpnew_pkg::DONT_CARE};  
      |                                 ^~~~~~~
%Warning-WIDTHEXPAND: ../../../../../cva6_upstream_reference/vendor/pulp-platform/common_cells/include/../../../../../cva6_upstream_reference/core/cvfpu/src/fpnew_noncomp.sv:345:29: Operator PATMEMBER expects 11 bits on the Pattern value, but Pattern value's VARREF 'DONT_CARE' generates 1 bits.
  345 |         result_d        = '{default: fpnew_pkg::DONT_CARE};  
      |                             ^~~~~~~
%Warning-WIDTHEXPAND: ../../../../../cva6_upstream_reference/vendor/pulp-platform/common_cells/include/../../../../../cva6_upstream_reference/core/cvfpu/src/fpnew_noncomp.sv:345:29: Operator PATMEMBER expects 52 bits on the Pattern value, but Pattern value's VARREF 'DONT_CARE' generates 1 bits.
  345 |         result_d        = '{default: fpnew_pkg::DONT_CARE};  
      |                             ^~~~~~~
%Warning-WIDTHEXPAND: ../../../../../cva6_upstream_reference/vendor/pulp-platform/common_cells/include/../../../../../cva6_upstream_reference/core/cvfpu/src/fpnew_noncomp.sv:350:29: Operator PATMEMBER expects 11 bits on the Pattern value, but Pattern value's VARREF 'DONT_CARE' generates 1 bits.
  350 |         result_d        = '{default: fpnew_pkg::DONT_CARE};  
      |                             ^~~~~~~
%Warning-WIDTHEXPAND: ../../../../../cva6_upstream_reference/vendor/pulp-platform/common_cells/include/../../../../../cva6_upstream_reference/core/cvfpu/src/fpnew_noncomp.sv:350:29: Operator PATMEMBER expects 52 bits on the Pattern value, but Pattern value's VARREF 'DONT_CARE' generates 1 bits.
  350 |         result_d        = '{default: fpnew_pkg::DONT_CARE};  
      |                             ^~~~~~~
%Warning-WIDTHEXPAND: ../../../../../cva6_upstream_reference/vendor/pulp-platform/common_cells/include/../../../../../cva6_upstream_reference/core/cvfpu/src/fpnew_noncomp.sv:207:32: Operator PATMEMBER expects 8 bits on the Pattern value, but Pattern value's VARREF 'DONT_CARE' generates 1 bits.
  207 |       default: sgnj_result = '{default: fpnew_pkg::DONT_CARE};  
      |                                ^~~~~~~
%Warning-WIDTHEXPAND: ../../../../../cva6_upstream_reference/vendor/pulp-platform/common_cells/include/../../../../../cva6_upstream_reference/core/cvfpu/src/fpnew_noncomp.sv:207:32: Operator PATMEMBER expects 23 bits on the Pattern value, but Pattern value's VARREF 'DONT_CARE' generates 1 bits.
  207 |       default: sgnj_result = '{default: fpnew_pkg::DONT_CARE};  
      |                                ^~~~~~~
%Warning-WIDTHEXPAND: ../../../../../cva6_upstream_reference/vendor/pulp-platform/common_cells/include/../../../../../cva6_upstream_reference/core/cvfpu/src/fpnew_noncomp.sv:243:36: Operator PATMEMBER expects 8 bits on the Pattern value, but Pattern value's VARREF 'DONT_CARE' generates 1 bits.
  243 |         default: minmax_result = '{default: fpnew_pkg::DONT_CARE};  
      |                                    ^~~~~~~
%Warning-WIDTHEXPAND: ../../../../../cva6_upstream_reference/vendor/pulp-platform/common_cells/include/../../../../../cva6_upstream_reference/core/cvfpu/src/fpnew_noncomp.sv:243:36: Operator PATMEMBER expects 23 bits on the Pattern value, but Pattern value's VARREF 'DONT_CARE' generates 1 bits.
  243 |         default: minmax_result = '{default: fpnew_pkg::DONT_CARE};  
      |                                    ^~~~~~~
%Warning-WIDTHEXPAND: ../../../../../cva6_upstream_reference/vendor/pulp-platform/common_cells/include/../../../../../cva6_upstream_reference/core/cvfpu/src/fpnew_noncomp.sv:268:21: Operator ASSIGN expects 32 bits on the Assign RHS, but Assign RHS's LOGAND generates 1 bits.
                                                                                                                                                                                    : ... note: In instance 'cva6.ex_stage_i.fpu_gen.fpu_i.fpu_gen.i_fpnew_bulk.gen_operation_groups[2].i_opgroup_block.gen_parallel_slices[0].active_format.i_fmt_slice.gen_num_lanes[0].active_lane...lane_instance.i_noncomp'
  268 |       cmp_result    = inp_pipe_rnd_mode_q[NUM_INP_REGS] == fpnew_pkg::RDN && inp_pipe_op_mod_q[NUM_INP_REGS];
      |                     ^
%Warning-WIDTHEXPAND: ../../../../../cva6_upstream_reference/vendor/pulp-platform/common_cells/include/../../../../../cva6_upstream_reference/core/cvfpu/src/fpnew_noncomp.sv:274:48: Operator OR expects 32 bits on the LHS, but LHS's VARREF 'operand_a_smaller' generates 1 bits.
                                                                                                                                                                                    : ... note: In instance 'cva6.ex_stage_i.fpu_gen.fpu_i.fpu_gen.i_fpnew_bulk.gen_operation_groups[2].i_opgroup_block.gen_parallel_slices[0].active_format.i_fmt_slice.gen_num_lanes[0].active_lane...lane_instance.i_noncomp'
  274 |           else cmp_result = (operand_a_smaller | operands_equal) ^ inp_pipe_op_mod_q[NUM_INP_REGS];
      |                                                ^
%Warning-WIDTHEXPAND: ../../../../../cva6_upstream_reference/vendor/pulp-platform/common_cells/include/../../../../../cva6_upstream_reference/core/cvfpu/src/fpnew_noncomp.sv:274:48: Operator OR expects 32 bits on the RHS, but RHS's VARREF 'operands_equal' generates 1 bits.
                                                                                                                                                                                    : ... note: In instance 'cva6.ex_stage_i.fpu_gen.fpu_i.fpu_gen.i_fpnew_bulk.gen_operation_groups[2].i_opgroup_block.gen_parallel_slices[0].active_format.i_fmt_slice.gen_num_lanes[0].active_lane...lane_instance.i_noncomp'
  274 |           else cmp_result = (operand_a_smaller | operands_equal) ^ inp_pipe_op_mod_q[NUM_INP_REGS];
      |                                                ^
%Warning-WIDTHEXPAND: ../../../../../cva6_upstream_reference/vendor/pulp-platform/common_cells/include/../../../../../cva6_upstream_reference/core/cvfpu/src/fpnew_noncomp.sv:274:66: Operator XOR expects 32 bits on the RHS, but RHS's SEL generates 1 bits.
                                                                                                                                                                                    : ... note: In instance 'cva6.ex_stage_i.fpu_gen.fpu_i.fpu_gen.i_fpnew_bulk.gen_operation_groups[2].i_opgroup_block.gen_parallel_slices[0].active_format.i_fmt_slice.gen_num_lanes[0].active_lane...lane_instance.i_noncomp'
  274 |           else cmp_result = (operand_a_smaller | operands_equal) ^ inp_pipe_op_mod_q[NUM_INP_REGS];
      |                                                                  ^
%Warning-WIDTHEXPAND: ../../../../../cva6_upstream_reference/vendor/pulp-platform/common_cells/include/../../../../../cva6_upstream_reference/core/cvfpu/src/fpnew_noncomp.sv:278:48: Operator AND expects 32 bits on the LHS, but LHS's VARREF 'operand_a_smaller' generates 1 bits.
                                                                                                                                                                                    : ... note: In instance 'cva6.ex_stage_i.fpu_gen.fpu_i.fpu_gen.i_fpnew_bulk.gen_operation_groups[2].i_opgroup_block.gen_parallel_slices[0].active_format.i_fmt_slice.gen_num_lanes[0].active_lane...lane_instance.i_noncomp'
  278 |           else cmp_result = (operand_a_smaller & ~operands_equal) ^ inp_pipe_op_mod_q[NUM_INP_REGS];
      |                                                ^
%Warning-WIDTHEXPAND: ../../../../../cva6_upstream_reference/vendor/pulp-platform/common_cells/include/../../../../../cva6_upstream_reference/core/cvfpu/src/fpnew_noncomp.sv:278:50: Operator NOT expects 32 bits on the LHS, but LHS's VARREF 'operands_equal' generates 1 bits.
                                                                                                                                                                                    : ... note: In instance 'cva6.ex_stage_i.fpu_gen.fpu_i.fpu_gen.i_fpnew_bulk.gen_operation_groups[2].i_opgroup_block.gen_parallel_slices[0].active_format.i_fmt_slice.gen_num_lanes[0].active_lane...lane_instance.i_noncomp'
  278 |           else cmp_result = (operand_a_smaller & ~operands_equal) ^ inp_pipe_op_mod_q[NUM_INP_REGS];
      |                                                  ^
%Warning-WIDTHEXPAND: ../../../../../cva6_upstream_reference/vendor/pulp-platform/common_cells/include/../../../../../cva6_upstream_reference/core/cvfpu/src/fpnew_noncomp.sv:278:67: Operator XOR expects 32 bits on the RHS, but RHS's SEL generates 1 bits.
                                                                                                                                                                                    : ... note: In instance 'cva6.ex_stage_i.fpu_gen.fpu_i.fpu_gen.i_fpnew_bulk.gen_operation_groups[2].i_opgroup_block.gen_parallel_slices[0].active_format.i_fmt_slice.gen_num_lanes[0].active_lane...lane_instance.i_noncomp'
  278 |           else cmp_result = (operand_a_smaller & ~operands_equal) ^ inp_pipe_op_mod_q[NUM_INP_REGS];
      |                                                                   ^
%Warning-WIDTHEXPAND: ../../../../../cva6_upstream_reference/vendor/pulp-platform/common_cells/include/../../../../../cva6_upstream_reference/core/cvfpu/src/fpnew_noncomp.sv:281:43: Operator ASSIGN expects 32 bits on the Assign RHS, but Assign RHS's SEL generates 1 bits.
                                                                                                                                                                                    : ... note: In instance 'cva6.ex_stage_i.fpu_gen.fpu_i.fpu_gen.i_fpnew_bulk.gen_operation_groups[2].i_opgroup_block.gen_parallel_slices[0].active_format.i_fmt_slice.gen_num_lanes[0].active_lane...lane_instance.i_noncomp'
  281 |           if (any_operand_nan) cmp_result = inp_pipe_op_mod_q[NUM_INP_REGS];  
      |                                           ^
%Warning-WIDTHEXPAND: ../../../../../cva6_upstream_reference/vendor/pulp-platform/common_cells/include/../../../../../cva6_upstream_reference/core/cvfpu/src/fpnew_noncomp.sv:282:44: Operator XOR expects 32 bits on the LHS, but LHS's VARREF 'operands_equal' generates 1 bits.
                                                                                                                                                                                    : ... note: In instance 'cva6.ex_stage_i.fpu_gen.fpu_i.fpu_gen.i_fpnew_bulk.gen_operation_groups[2].i_opgroup_block.gen_parallel_slices[0].active_format.i_fmt_slice.gen_num_lanes[0].active_lane...lane_instance.i_noncomp'
  282 |           else cmp_result = operands_equal ^ inp_pipe_op_mod_q[NUM_INP_REGS];
      |                                            ^
%Warning-WIDTHEXPAND: ../../../../../cva6_upstream_reference/vendor/pulp-platform/common_cells/include/../../../../../cva6_upstream_reference/core/cvfpu/src/fpnew_noncomp.sv:282:44: Operator XOR expects 32 bits on the RHS, but RHS's SEL generates 1 bits.
                                                                                                                                                                                    : ... note: In instance 'cva6.ex_stage_i.fpu_gen.fpu_i.fpu_gen.i_fpnew_bulk.gen_operation_groups[2].i_opgroup_block.gen_parallel_slices[0].active_format.i_fmt_slice.gen_num_lanes[0].active_lane...lane_instance.i_noncomp'
  282 |           else cmp_result = operands_equal ^ inp_pipe_op_mod_q[NUM_INP_REGS];
      |                                            ^
%Warning-WIDTHEXPAND: ../../../../../cva6_upstream_reference/vendor/pulp-platform/common_cells/include/../../../../../cva6_upstream_reference/core/cvfpu/src/fpnew_noncomp.sv:284:33: Operator PATMEMBER expects 8 bits on the Pattern value, but Pattern value's VARREF 'DONT_CARE' generates 1 bits.
  284 |         default: cmp_result = '{default: fpnew_pkg::DONT_CARE};  
      |                                 ^~~~~~~
%Warning-WIDTHEXPAND: ../../../../../cva6_upstream_reference/vendor/pulp-platform/common_cells/include/../../../../../cva6_upstream_reference/core/cvfpu/src/fpnew_noncomp.sv:284:33: Operator PATMEMBER expects 23 bits on the Pattern value, but Pattern value's VARREF 'DONT_CARE' generates 1 bits.
  284 |         default: cmp_result = '{default: fpnew_pkg::DONT_CARE};  
      |                                 ^~~~~~~
%Warning-WIDTHEXPAND: ../../../../../cva6_upstream_reference/vendor/pulp-platform/common_cells/include/../../../../../cva6_upstream_reference/core/cvfpu/src/fpnew_noncomp.sv:345:29: Operator PATMEMBER expects 8 bits on the Pattern value, but Pattern value's VARREF 'DONT_CARE' generates 1 bits.
  345 |         result_d        = '{default: fpnew_pkg::DONT_CARE};  
      |                             ^~~~~~~
%Warning-WIDTHEXPAND: ../../../../../cva6_upstream_reference/vendor/pulp-platform/common_cells/include/../../../../../cva6_upstream_reference/core/cvfpu/src/fpnew_noncomp.sv:345:29: Operator PATMEMBER expects 23 bits on the Pattern value, but Pattern value's VARREF 'DONT_CARE' generates 1 bits.
  345 |         result_d        = '{default: fpnew_pkg::DONT_CARE};  
      |                             ^~~~~~~
%Warning-WIDTHEXPAND: ../../../../../cva6_upstream_reference/vendor/pulp-platform/common_cells/include/../../../../../cva6_upstream_reference/core/cvfpu/src/fpnew_noncomp.sv:350:29: Operator PATMEMBER expects 8 bits on the Pattern value, but Pattern value's VARREF 'DONT_CARE' generates 1 bits.
  350 |         result_d        = '{default: fpnew_pkg::DONT_CARE};  
      |                             ^~~~~~~
%Warning-WIDTHEXPAND: ../../../../../cva6_upstream_reference/vendor/pulp-platform/common_cells/include/../../../../../cva6_upstream_reference/core/cvfpu/src/fpnew_noncomp.sv:350:29: Operator PATMEMBER expects 23 bits on the Pattern value, but Pattern value's VARREF 'DONT_CARE' generates 1 bits.
  350 |         result_d        = '{default: fpnew_pkg::DONT_CARE};  
      |                             ^~~~~~~
%Warning-ASCRANGE: ../../../../../cva6_upstream_reference/vendor/pulp-platform/common_cells/include/../../../../../cva6_upstream_reference/core/cvfpu/src/fpnew_divsqrt_th_64_multi.sv:96:26: Ascending bit range vector: left < right of bit range: [0:1]
                                                                                                                                                                                            : ... note: In instance 'cva6.ex_stage_i.fpu_gen.fpu_i.fpu_gen.i_fpnew_bulk.gen_operation_groups[1].i_opgroup_block.gen_merged_slice.i_multifmt_slice.gen_num_lanes[0].active_lane..lane_instance..gen_thmulti_c910_divsqrt.i_fpnew_divsqrt_th_64_c910'
   96 |   logic                  [0:NUM_INP_REGS][1:0][WIDTH-1:0]       inp_pipe_operands_q;
      |                          ^
%Warning-ASCRANGE: ../../../../../cva6_upstream_reference/vendor/pulp-platform/common_cells/include/../../../../../cva6_upstream_reference/core/cvfpu/src/fpnew_divsqrt_th_64_multi.sv:97:26: Ascending bit range vector: left < right of bit range: [0:1]
                                                                                                                                                                                            : ... note: In instance 'cva6.ex_stage_i.fpu_gen.fpu_i.fpu_gen.i_fpnew_bulk.gen_operation_groups[1].i_opgroup_block.gen_merged_slice.i_multifmt_slice.gen_num_lanes[0].active_lane..lane_instance..gen_thmulti_c910_divsqrt.i_fpnew_divsqrt_th_64_c910'
   97 |   fpnew_pkg::roundmode_e [0:NUM_INP_REGS]                       inp_pipe_rnd_mode_q /*verilator split_var*/;
      |                          ^
%Warning-ASCRANGE: ../../../../../cva6_upstream_reference/vendor/pulp-platform/common_cells/include/../../../../../cva6_upstream_reference/core/cvfpu/src/fpnew_divsqrt_th_64_multi.sv:98:26: Ascending bit range vector: left < right of bit range: [0:1]
                                                                                                                                                                                            : ... note: In instance 'cva6.ex_stage_i.fpu_gen.fpu_i.fpu_gen.i_fpnew_bulk.gen_operation_groups[1].i_opgroup_block.gen_merged_slice.i_multifmt_slice.gen_num_lanes[0].active_lane..lane_instance..gen_thmulti_c910_divsqrt.i_fpnew_divsqrt_th_64_c910'
   98 |   fpnew_pkg::operation_e [0:NUM_INP_REGS]                       inp_pipe_op_q;
      |                          ^
%Warning-ASCRANGE: ../../../../../cva6_upstream_reference/vendor/pulp-platform/common_cells/include/../../../../../cva6_upstream_reference/core/cvfpu/src/fpnew_divsqrt_th_64_multi.sv:99:26: Ascending bit range vector: left < right of bit range: [0:1]
                                                                                                                                                                                            : ... note: In instance 'cva6.ex_stage_i.fpu_gen.fpu_i.fpu_gen.i_fpnew_bulk.gen_operation_groups[1].i_opgroup_block.gen_merged_slice.i_multifmt_slice.gen_num_lanes[0].active_lane..lane_instance..gen_thmulti_c910_divsqrt.i_fpnew_divsqrt_th_64_c910'
   99 |   fpnew_pkg::fp_format_e [0:NUM_INP_REGS]                       inp_pipe_dst_fmt_q;
      |                          ^
%Warning-ASCRANGE: ../../../../../cva6_upstream_reference/vendor/pulp-platform/common_cells/include/../../../../../cva6_upstream_reference/core/cvfpu/src/fpnew_divsqrt_th_64_multi.sv:100:26: Ascending bit range vector: left < right of bit range: [0:1]
                                                                                                                                                                                             : ... note: In instance 'cva6.ex_stage_i.fpu_gen.fpu_i.fpu_gen.i_fpnew_bulk.gen_operation_groups[1].i_opgroup_block.gen_merged_slice.i_multifmt_slice.gen_num_lanes[0].active_lane..lane_instance..gen_thmulti_c910_divsqrt.i_fpnew_divsqrt_th_64_c910'
  100 |   TagType                [0:NUM_INP_REGS]                       inp_pipe_tag_q;
      |                          ^
%Warning-ASCRANGE: ../../../../../cva6_upstream_reference/vendor/pulp-platform/common_cells/include/../../../../../cva6_upstream_reference/core/cvfpu/src/fpnew_divsqrt_th_64_multi.sv:101:26: Ascending bit range vector: left < right of bit range: [0:1]
                                                                                                                                                                                             : ... note: In instance 'cva6.ex_stage_i.fpu_gen.fpu_i.fpu_gen.i_fpnew_bulk.gen_operation_groups[1].i_opgroup_block.gen_merged_slice.i_multifmt_slice.gen_num_lanes[0].active_lane..lane_instance..gen_thmulti_c910_divsqrt.i_fpnew_divsqrt_th_64_c910'
  101 |   logic                  [0:NUM_INP_REGS]                       inp_pipe_mask_q;
      |                          ^
%Warning-ASCRANGE: ../../../../../cva6_upstream_reference/vendor/pulp-platform/common_cells/include/../../../../../cva6_upstream_reference/core/cvfpu/src/fpnew_divsqrt_th_64_multi.sv:102:26: Ascending bit range vector: left < right of bit range: [0:1]
                                                                                                                                                                                             : ... note: In instance 'cva6.ex_stage_i.fpu_gen.fpu_i.fpu_gen.i_fpnew_bulk.gen_operation_groups[1].i_opgroup_block.gen_merged_slice.i_multifmt_slice.gen_num_lanes[0].active_lane..lane_instance..gen_thmulti_c910_divsqrt.i_fpnew_divsqrt_th_64_c910'
  102 |   AuxType                [0:NUM_INP_REGS]                       inp_pipe_aux_q;
      |                          ^
%Warning-ASCRANGE: ../../../../../cva6_upstream_reference/vendor/pulp-platform/common_cells/include/../../../../../cva6_upstream_reference/core/cvfpu/src/fpnew_divsqrt_th_64_multi.sv:103:26: Ascending bit range vector: left < right of bit range: [0:1]
                                                                                                                                                                                             : ... note: In instance 'cva6.ex_stage_i.fpu_gen.fpu_i.fpu_gen.i_fpnew_bulk.gen_operation_groups[1].i_opgroup_block.gen_merged_slice.i_multifmt_slice.gen_num_lanes[0].active_lane..lane_instance..gen_thmulti_c910_divsqrt.i_fpnew_divsqrt_th_64_c910'
  103 |   logic                  [0:NUM_INP_REGS]                       inp_pipe_vec_op_q;
      |                          ^
%Warning-ASCRANGE: ../../../../../cva6_upstream_reference/vendor/pulp-platform/common_cells/include/../../../../../cva6_upstream_reference/core/cvfpu/src/fpnew_divsqrt_th_64_multi.sv:104:26: Ascending bit range vector: left < right of bit range: [0:1]
                                                                                                                                                                                             : ... note: In instance 'cva6.ex_stage_i.fpu_gen.fpu_i.fpu_gen.i_fpnew_bulk.gen_operation_groups[1].i_opgroup_block.gen_merged_slice.i_multifmt_slice.gen_num_lanes[0].active_lane..lane_instance..gen_thmulti_c910_divsqrt.i_fpnew_divsqrt_th_64_c910'
  104 |   logic                  [0:NUM_INP_REGS]                       inp_pipe_valid_q;
      |                          ^
%Warning-ASCRANGE: ../../../../../cva6_upstream_reference/vendor/pulp-platform/common_cells/include/../../../../../cva6_upstream_reference/core/cvfpu/src/fpnew_divsqrt_th_64_multi.sv:106:9: Ascending bit range vector: left < right of bit range: [0:1]
                                                                                                                                                                                            : ... note: In instance 'cva6.ex_stage_i.fpu_gen.fpu_i.fpu_gen.i_fpnew_bulk.gen_operation_groups[1].i_opgroup_block.gen_merged_slice.i_multifmt_slice.gen_num_lanes[0].active_lane..lane_instance..gen_thmulti_c910_divsqrt.i_fpnew_divsqrt_th_64_c910'
  106 |   logic [0:NUM_INP_REGS] inp_pipe_ready;
      |         ^
%Warning-WIDTHTRUNC: ../../../../../cva6_upstream_reference/vendor/pulp-platform/common_cells/include/../../../../../cva6_upstream_reference/core/cvfpu/src/fpnew_divsqrt_th_64_multi.sv:140:30: Operator ASSIGNDLY expects 1 bits on the Assign RHS, but Assign RHS's CASTWRAP generates 5 bits.
                                                                                                                                                                                               : ... note: In instance 'cva6.ex_stage_i.fpu_gen.fpu_i.fpu_gen.i_fpnew_bulk.gen_operation_groups[1].i_opgroup_block.gen_merged_slice.i_multifmt_slice.gen_num_lanes[0].active_lane..lane_instance..gen_thmulti_c910_divsqrt.i_fpnew_divsqrt_th_64_c910'
  140 |       inp_pipe_vec_op_q[i+1] <= (AuxType'('0));                                                                 
      |                              ^~
%Warning-ASCRANGE: ../../../../../cva6_upstream_reference/vendor/pulp-platform/common_cells/include/../../../../../cva6_upstream_reference/core/cvfpu/src/fpnew_divsqrt_th_64_multi.sv:398:23: Ascending bit range vector: left < right of bit range: [0:1]
                                                                                                                                                                                             : ... note: In instance 'cva6.ex_stage_i.fpu_gen.fpu_i.fpu_gen.i_fpnew_bulk.gen_operation_groups[1].i_opgroup_block.gen_merged_slice.i_multifmt_slice.gen_num_lanes[0].active_lane..lane_instance..gen_thmulti_c910_divsqrt.i_fpnew_divsqrt_th_64_c910'
  398 |   logic               [0:NUM_OUT_REGS][WIDTH-1:0] out_pipe_result_q;
      |                       ^
%Warning-ASCRANGE: ../../../../../cva6_upstream_reference/vendor/pulp-platform/common_cells/include/../../../../../cva6_upstream_reference/core/cvfpu/src/fpnew_divsqrt_th_64_multi.sv:399:23: Ascending bit range vector: left < right of bit range: [0:1]
                                                                                                                                                                                             : ... note: In instance 'cva6.ex_stage_i.fpu_gen.fpu_i.fpu_gen.i_fpnew_bulk.gen_operation_groups[1].i_opgroup_block.gen_merged_slice.i_multifmt_slice.gen_num_lanes[0].active_lane..lane_instance..gen_thmulti_c910_divsqrt.i_fpnew_divsqrt_th_64_c910'
  399 |   fpnew_pkg::status_t [0:NUM_OUT_REGS]            out_pipe_status_q;
      |                       ^
%Warning-ASCRANGE: ../../../../../cva6_upstream_reference/vendor/pulp-platform/common_cells/include/../../../../../cva6_upstream_reference/core/cvfpu/src/fpnew_divsqrt_th_64_multi.sv:400:23: Ascending bit range vector: left < right of bit range: [0:1]
                                                                                                                                                                                             : ... note: In instance 'cva6.ex_stage_i.fpu_gen.fpu_i.fpu_gen.i_fpnew_bulk.gen_operation_groups[1].i_opgroup_block.gen_merged_slice.i_multifmt_slice.gen_num_lanes[0].active_lane..lane_instance..gen_thmulti_c910_divsqrt.i_fpnew_divsqrt_th_64_c910'
  400 |   TagType             [0:NUM_OUT_REGS]            out_pipe_tag_q;
      |                       ^
%Warning-ASCRANGE: ../../../../../cva6_upstream_reference/vendor/pulp-platform/common_cells/include/../../../../../cva6_upstream_reference/core/cvfpu/src/fpnew_divsqrt_th_64_multi.sv:401:23: Ascending bit range vector: left < right of bit range: [0:1]
                                                                                                                                                                                             : ... note: In instance 'cva6.ex_stage_i.fpu_gen.fpu_i.fpu_gen.i_fpnew_bulk.gen_operation_groups[1].i_opgroup_block.gen_merged_slice.i_multifmt_slice.gen_num_lanes[0].active_lane..lane_instance..gen_thmulti_c910_divsqrt.i_fpnew_divsqrt_th_64_c910'
  401 |   logic               [0:NUM_OUT_REGS]            out_pipe_mask_q;
      |                       ^
%Warning-ASCRANGE: ../../../../../cva6_upstream_reference/vendor/pulp-platform/common_cells/include/../../../../../cva6_upstream_reference/core/cvfpu/src/fpnew_divsqrt_th_64_multi.sv:402:23: Ascending bit range vector: left < right of bit range: [0:1]
                                                                                                                                                                                             : ... note: In instance 'cva6.ex_stage_i.fpu_gen.fpu_i.fpu_gen.i_fpnew_bulk.gen_operation_groups[1].i_opgroup_block.gen_merged_slice.i_multifmt_slice.gen_num_lanes[0].active_lane..lane_instance..gen_thmulti_c910_divsqrt.i_fpnew_divsqrt_th_64_c910'
  402 |   AuxType             [0:NUM_OUT_REGS]            out_pipe_aux_q;
      |                       ^
%Warning-ASCRANGE: ../../../../../cva6_upstream_reference/vendor/pulp-platform/common_cells/include/../../../../../cva6_upstream_reference/core/cvfpu/src/fpnew_divsqrt_th_64_multi.sv:403:23: Ascending bit range vector: left < right of bit range: [0:1]
                                                                                                                                                                                             : ... note: In instance 'cva6.ex_stage_i.fpu_gen.fpu_i.fpu_gen.i_fpnew_bulk.gen_operation_groups[1].i_opgroup_block.gen_merged_slice.i_multifmt_slice.gen_num_lanes[0].active_lane..lane_instance..gen_thmulti_c910_divsqrt.i_fpnew_divsqrt_th_64_c910'
  403 |   logic               [0:NUM_OUT_REGS]            out_pipe_valid_q;
      |                       ^
%Warning-ASCRANGE: ../../../../../cva6_upstream_reference/vendor/pulp-platform/common_cells/include/../../../../../cva6_upstream_reference/core/cvfpu/src/fpnew_divsqrt_th_64_multi.sv:405:9: Ascending bit range vector: left < right of bit range: [0:1]
                                                                                                                                                                                            : ... note: In instance 'cva6.ex_stage_i.fpu_gen.fpu_i.fpu_gen.i_fpnew_bulk.gen_operation_groups[1].i_opgroup_block.gen_merged_slice.i_multifmt_slice.gen_num_lanes[0].active_lane..lane_instance..gen_thmulti_c910_divsqrt.i_fpnew_divsqrt_th_64_c910'
  405 |   logic [0:NUM_OUT_REGS] out_pipe_ready;
      |         ^
%Warning-ASCRANGE: ../../../../../cva6_upstream_reference/vendor/pulp-platform/common_cells/include/../../../../../cva6_upstream_reference/core/cvfpu/src/fpnew_fma.sv:108:26: Ascending bit range vector: left < right of bit range: [0:1]
                                                                                                                                                                             : ... note: In instance 'cva6.ex_stage_i.fpu_gen.fpu_i.fpu_gen.i_fpnew_bulk.gen_operation_groups[0].i_opgroup_block.gen_parallel_slices[1].active_format.i_fmt_slice.gen_num_lanes[0].active_lane.lane_instance.i_fma'
  108 |   logic                  [0:NUM_INP_REGS][2:0][WIDTH-1:0] inp_pipe_operands_q;
      |                          ^
%Warning-ASCRANGE: ../../../../../cva6_upstream_reference/vendor/pulp-platform/common_cells/include/../../../../../cva6_upstream_reference/core/cvfpu/src/fpnew_fma.sv:109:26: Ascending bit range vector: left < right of bit range: [0:1]
                                                                                                                                                                             : ... note: In instance 'cva6.ex_stage_i.fpu_gen.fpu_i.fpu_gen.i_fpnew_bulk.gen_operation_groups[0].i_opgroup_block.gen_parallel_slices[1].active_format.i_fmt_slice.gen_num_lanes[0].active_lane.lane_instance.i_fma'
  109 |   logic                  [0:NUM_INP_REGS][2:0]            inp_pipe_is_boxed_q;
      |                          ^
%Warning-ASCRANGE: ../../../../../cva6_upstream_reference/vendor/pulp-platform/common_cells/include/../../../../../cva6_upstream_reference/core/cvfpu/src/fpnew_fma.sv:110:26: Ascending bit range vector: left < right of bit range: [0:1]
                                                                                                                                                                             : ... note: In instance 'cva6.ex_stage_i.fpu_gen.fpu_i.fpu_gen.i_fpnew_bulk.gen_operation_groups[0].i_opgroup_block.gen_parallel_slices[1].active_format.i_fmt_slice.gen_num_lanes[0].active_lane.lane_instance.i_fma'
  110 |   fpnew_pkg::roundmode_e [0:NUM_INP_REGS]                 inp_pipe_rnd_mode_q;
      |                          ^
%Warning-ASCRANGE: ../../../../../cva6_upstream_reference/vendor/pulp-platform/common_cells/include/../../../../../cva6_upstream_reference/core/cvfpu/src/fpnew_fma.sv:111:26: Ascending bit range vector: left < right of bit range: [0:1]
                                                                                                                                                                             : ... note: In instance 'cva6.ex_stage_i.fpu_gen.fpu_i.fpu_gen.i_fpnew_bulk.gen_operation_groups[0].i_opgroup_block.gen_parallel_slices[1].active_format.i_fmt_slice.gen_num_lanes[0].active_lane.lane_instance.i_fma'
  111 |   fpnew_pkg::operation_e [0:NUM_INP_REGS]                 inp_pipe_op_q;
      |                          ^
%Warning-ASCRANGE: ../../../../../cva6_upstream_reference/vendor/pulp-platform/common_cells/include/../../../../../cva6_upstream_reference/core/cvfpu/src/fpnew_fma.sv:112:26: Ascending bit range vector: left < right of bit range: [0:1]
                                                                                                                                                                             : ... note: In instance 'cva6.ex_stage_i.fpu_gen.fpu_i.fpu_gen.i_fpnew_bulk.gen_operation_groups[0].i_opgroup_block.gen_parallel_slices[1].active_format.i_fmt_slice.gen_num_lanes[0].active_lane.lane_instance.i_fma'
  112 |   logic                  [0:NUM_INP_REGS]                 inp_pipe_op_mod_q;
      |                          ^
%Warning-ASCRANGE: ../../../../../cva6_upstream_reference/vendor/pulp-platform/common_cells/include/../../../../../cva6_upstream_reference/core/cvfpu/src/fpnew_fma.sv:113:26: Ascending bit range vector: left < right of bit range: [0:1]
                                                                                                                                                                             : ... note: In instance 'cva6.ex_stage_i.fpu_gen.fpu_i.fpu_gen.i_fpnew_bulk.gen_operation_groups[0].i_opgroup_block.gen_parallel_slices[1].active_format.i_fmt_slice.gen_num_lanes[0].active_lane.lane_instance.i_fma'
  113 |   TagType                [0:NUM_INP_REGS]                 inp_pipe_tag_q;
      |                          ^
%Warning-ASCRANGE: ../../../../../cva6_upstream_reference/vendor/pulp-platform/common_cells/include/../../../../../cva6_upstream_reference/core/cvfpu/src/fpnew_fma.sv:114:26: Ascending bit range vector: left < right of bit range: [0:1]
                                                                                                                                                                             : ... note: In instance 'cva6.ex_stage_i.fpu_gen.fpu_i.fpu_gen.i_fpnew_bulk.gen_operation_groups[0].i_opgroup_block.gen_parallel_slices[1].active_format.i_fmt_slice.gen_num_lanes[0].active_lane.lane_instance.i_fma'
  114 |   logic                  [0:NUM_INP_REGS]                 inp_pipe_mask_q;
      |                          ^
%Warning-ASCRANGE: ../../../../../cva6_upstream_reference/vendor/pulp-platform/common_cells/include/../../../../../cva6_upstream_reference/core/cvfpu/src/fpnew_fma.sv:115:26: Ascending bit range vector: left < right of bit range: [0:1]
                                                                                                                                                                             : ... note: In instance 'cva6.ex_stage_i.fpu_gen.fpu_i.fpu_gen.i_fpnew_bulk.gen_operation_groups[0].i_opgroup_block.gen_parallel_slices[1].active_format.i_fmt_slice.gen_num_lanes[0].active_lane.lane_instance.i_fma'
  115 |   AuxType                [0:NUM_INP_REGS]                 inp_pipe_aux_q;
      |                          ^
%Warning-ASCRANGE: ../../../../../cva6_upstream_reference/vendor/pulp-platform/common_cells/include/../../../../../cva6_upstream_reference/core/cvfpu/src/fpnew_fma.sv:116:26: Ascending bit range vector: left < right of bit range: [0:1]
                                                                                                                                                                             : ... note: In instance 'cva6.ex_stage_i.fpu_gen.fpu_i.fpu_gen.i_fpnew_bulk.gen_operation_groups[0].i_opgroup_block.gen_parallel_slices[1].active_format.i_fmt_slice.gen_num_lanes[0].active_lane.lane_instance.i_fma'
  116 |   logic                  [0:NUM_INP_REGS]                 inp_pipe_valid_q;
      |                          ^
%Warning-ASCRANGE: ../../../../../cva6_upstream_reference/vendor/pulp-platform/common_cells/include/../../../../../cva6_upstream_reference/core/cvfpu/src/fpnew_fma.sv:118:9: Ascending bit range vector: left < right of bit range: [0:1]
                                                                                                                                                                            : ... note: In instance 'cva6.ex_stage_i.fpu_gen.fpu_i.fpu_gen.i_fpnew_bulk.gen_operation_groups[0].i_opgroup_block.gen_parallel_slices[1].active_format.i_fmt_slice.gen_num_lanes[0].active_lane.lane_instance.i_fma'
  118 |   logic [0:NUM_INP_REGS] inp_pipe_ready;
      |         ^
%Warning-WIDTHTRUNC: ../../../../../cva6_upstream_reference/vendor/pulp-platform/common_cells/include/../../../../../cva6_upstream_reference/core/cvfpu/src/fpnew_fma.sv:203:35: Operator PATMEMBER expects 11 bits on the Pattern value, but Pattern value's VARREF 'BIAS' generates 32 bits.
                                                                                                                                                                               : ... note: In instance 'cva6.ex_stage_i.fpu_gen.fpu_i.fpu_gen.i_fpnew_bulk.gen_operation_groups[0].i_opgroup_block.gen_parallel_slices[1].active_format.i_fmt_slice.gen_num_lanes[0].active_lane.lane_instance.i_fma'
  203 |         operand_a = '{sign: 1'b0, exponent: BIAS, mantissa: '0};
      |                                   ^~~~~~~~
%Warning-WIDTHEXPAND: ../../../../../cva6_upstream_reference/vendor/pulp-platform/common_cells/include/../../../../../cva6_upstream_reference/core/cvfpu/src/fpnew_fma.sv:214:24: Operator PATMEMBER expects 11 bits on the Pattern value, but Pattern value's VARREF 'DONT_CARE' generates 1 bits.
  214 |         operand_a  = '{default: fpnew_pkg::DONT_CARE};
      |                        ^~~~~~~
%Warning-WIDTHEXPAND: ../../../../../cva6_upstream_reference/vendor/pulp-platform/common_cells/include/../../../../../cva6_upstream_reference/core/cvfpu/src/fpnew_fma.sv:214:24: Operator PATMEMBER expects 52 bits on the Pattern value, but Pattern value's VARREF 'DONT_CARE' generates 1 bits.
  214 |         operand_a  = '{default: fpnew_pkg::DONT_CARE};
      |                        ^~~~~~~
%Warning-WIDTHEXPAND: ../../../../../cva6_upstream_reference/vendor/pulp-platform/common_cells/include/../../../../../cva6_upstream_reference/core/cvfpu/src/fpnew_fma.sv:215:24: Operator PATMEMBER expects 11 bits on the Pattern value, but Pattern value's VARREF 'DONT_CARE' generates 1 bits.
  215 |         operand_b  = '{default: fpnew_pkg::DONT_CARE};
      |                        ^~~~~~~
%Warning-WIDTHEXPAND: ../../../../../cva6_upstream_reference/vendor/pulp-platform/common_cells/include/../../../../../cva6_upstream_reference/core/cvfpu/src/fpnew_fma.sv:215:24: Operator PATMEMBER expects 52 bits on the Pattern value, but Pattern value's VARREF 'DONT_CARE' generates 1 bits.
  215 |         operand_b  = '{default: fpnew_pkg::DONT_CARE};
      |                        ^~~~~~~
%Warning-WIDTHEXPAND: ../../../../../cva6_upstream_reference/vendor/pulp-platform/common_cells/include/../../../../../cva6_upstream_reference/core/cvfpu/src/fpnew_fma.sv:216:24: Operator PATMEMBER expects 11 bits on the Pattern value, but Pattern value's VARREF 'DONT_CARE' generates 1 bits.
  216 |         operand_c  = '{default: fpnew_pkg::DONT_CARE};
      |                        ^~~~~~~
%Warning-WIDTHEXPAND: ../../../../../cva6_upstream_reference/vendor/pulp-platform/common_cells/include/../../../../../cva6_upstream_reference/core/cvfpu/src/fpnew_fma.sv:216:24: Operator PATMEMBER expects 52 bits on the Pattern value, but Pattern value's VARREF 'DONT_CARE' generates 1 bits.
  216 |         operand_c  = '{default: fpnew_pkg::DONT_CARE};
      |                        ^~~~~~~
%Warning-WIDTHEXPAND: ../../../../../cva6_upstream_reference/vendor/pulp-platform/common_cells/include/../../../../../cva6_upstream_reference/core/cvfpu/src/fpnew_fma.sv:292:21: Operator ASSIGNW expects 13 bits on the Assign RHS, but Assign RHS's SIGNED generates 12 bits.
                                                                                                                                                                                : ... note: In instance 'cva6.ex_stage_i.fpu_gen.fpu_i.fpu_gen.i_fpnew_bulk.gen_operation_groups[0].i_opgroup_block.gen_parallel_slices[1].active_format.i_fmt_slice.gen_num_lanes[0].active_lane.lane_instance.i_fma'
  292 |   assign exponent_a = signed'({1'b0, operand_a.exponent});
      |                     ^
%Warning-WIDTHEXPAND: ../../../../../cva6_upstream_reference/vendor/pulp-platform/common_cells/include/../../../../../cva6_upstream_reference/core/cvfpu/src/fpnew_fma.sv:293:21: Operator ASSIGNW expects 13 bits on the Assign RHS, but Assign RHS's SIGNED generates 12 bits.
                                                                                                                                                                                : ... note: In instance 'cva6.ex_stage_i.fpu_gen.fpu_i.fpu_gen.i_fpnew_bulk.gen_operation_groups[0].i_opgroup_block.gen_parallel_slices[1].active_format.i_fmt_slice.gen_num_lanes[0].active_lane.lane_instance.i_fma'
  293 |   assign exponent_b = signed'({1'b0, operand_b.exponent});
      |                     ^
%Warning-WIDTHEXPAND: ../../../../../cva6_upstream_reference/vendor/pulp-platform/common_cells/include/../../../../../cva6_upstream_reference/core/cvfpu/src/fpnew_fma.sv:294:21: Operator ASSIGNW expects 13 bits on the Assign RHS, but Assign RHS's SIGNED generates 12 bits.
                                                                                                                                                                                : ... note: In instance 'cva6.ex_stage_i.fpu_gen.fpu_i.fpu_gen.i_fpnew_bulk.gen_operation_groups[0].i_opgroup_block.gen_parallel_slices[1].active_format.i_fmt_slice.gen_num_lanes[0].active_lane.lane_instance.i_fma'
  294 |   assign exponent_c = signed'({1'b0, operand_c.exponent});
      |                     ^
%Warning-WIDTHEXPAND: ../../../../../cva6_upstream_reference/vendor/pulp-platform/common_cells/include/../../../../../cva6_upstream_reference/core/cvfpu/src/fpnew_fma.sv:298:47: Operator ADD expects 13 bits on the RHS, but RHS's SIGNED generates 2 bits.
                                                                                                                                                                                : ... note: In instance 'cva6.ex_stage_i.fpu_gen.fpu_i.fpu_gen.i_fpnew_bulk.gen_operation_groups[0].i_opgroup_block.gen_parallel_slices[1].active_format.i_fmt_slice.gen_num_lanes[0].active_lane.lane_instance.i_fma'
  298 |   assign exponent_addend = signed'(exponent_c + $signed({1'b0, ~info_c.is_normal}));  
      |                                               ^
%Warning-WIDTHEXPAND: ../../../../../cva6_upstream_reference/vendor/pulp-platform/common_cells/include/../../../../../cva6_upstream_reference/core/cvfpu/src/fpnew_fma.sv:302:50: Operator ADD expects 32 bits on the LHS, but LHS's VARREF 'exponent_a' generates 13 bits.
                                                                                                                                                                                : ... note: In instance 'cva6.ex_stage_i.fpu_gen.fpu_i.fpu_gen.i_fpnew_bulk.gen_operation_groups[0].i_opgroup_block.gen_parallel_slices[1].active_format.i_fmt_slice.gen_num_lanes[0].active_lane.lane_instance.i_fma'
  302 |                             : signed'(exponent_a + info_a.is_subnormal
      |                                                  ^
%Warning-WIDTHEXPAND: ../../../../../cva6_upstream_reference/vendor/pulp-platform/common_cells/include/../../../../../cva6_upstream_reference/core/cvfpu/src/fpnew_fma.sv:303:39: Operator ADD expects 32 bits on the RHS, but RHS's VARREF 'exponent_b' generates 13 bits.
                                                                                                                                                                                : ... note: In instance 'cva6.ex_stage_i.fpu_gen.fpu_i.fpu_gen.i_fpnew_bulk.gen_operation_groups[0].i_opgroup_block.gen_parallel_slices[1].active_format.i_fmt_slice.gen_num_lanes[0].active_lane.lane_instance.i_fma'
  303 |                                       + exponent_b + info_b.is_subnormal
      |                                       ^
%Warning-WIDTHTRUNC: ../../../../../cva6_upstream_reference/vendor/pulp-platform/common_cells/include/../../../../../cva6_upstream_reference/core/cvfpu/src/fpnew_fma.sv:300:27: Operator ASSIGNW expects 13 bits on the Assign RHS, but Assign RHS's COND generates 32 bits.
                                                                                                                                                                               : ... note: In instance 'cva6.ex_stage_i.fpu_gen.fpu_i.fpu_gen.i_fpnew_bulk.gen_operation_groups[0].i_opgroup_block.gen_parallel_slices[1].active_format.i_fmt_slice.gen_num_lanes[0].active_lane.lane_instance.i_fma'
  300 |   assign exponent_product = (info_a.is_zero || info_b.is_zero)
      |                           ^
%Warning-WIDTHTRUNC: ../../../../../cva6_upstream_reference/vendor/pulp-platform/common_cells/include/../../../../../cva6_upstream_reference/core/cvfpu/src/fpnew_fma.sv:316:20: Operator ASSIGN expects 8 bits on the Assign RHS, but Assign RHS's ADD generates 32 bits.
                                                                                                                                                                               : ... note: In instance 'cva6.ex_stage_i.fpu_gen.fpu_i.fpu_gen.i_fpnew_bulk.gen_operation_groups[0].i_opgroup_block.gen_parallel_slices[1].active_format.i_fmt_slice.gen_num_lanes[0].active_lane.lane_instance.i_fma'
  316 |       addend_shamt = 3 * PRECISION_BITS + 4;
      |                    ^
%Warning-WIDTHEXPAND: ../../../../../cva6_upstream_reference/vendor/pulp-platform/common_cells/include/../../../../../cva6_upstream_reference/core/cvfpu/src/fpnew_fma.sv:319:60: Operator SUB expects 32 bits on the RHS, but RHS's VARREF 'exponent_difference' generates 13 bits.
                                                                                                                                                                                : ... note: In instance 'cva6.ex_stage_i.fpu_gen.fpu_i.fpu_gen.i_fpnew_bulk.gen_operation_groups[0].i_opgroup_block.gen_parallel_slices[1].active_format.i_fmt_slice.gen_num_lanes[0].active_lane.lane_instance.i_fma'
  319 |       addend_shamt = unsigned'(signed'(PRECISION_BITS) + 3 - exponent_difference);
      |                                                            ^
%Warning-WIDTHTRUNC: ../../../../../cva6_upstream_reference/vendor/pulp-platform/common_cells/include/../../../../../cva6_upstream_reference/core/cvfpu/src/fpnew_fma.sv:319:20: Operator ASSIGN expects 8 bits on the Assign RHS, but Assign RHS's UNSIGNED generates 32 bits.
                                                                                                                                                                               : ... note: In instance 'cva6.ex_stage_i.fpu_gen.fpu_i.fpu_gen.i_fpnew_bulk.gen_operation_groups[0].i_opgroup_block.gen_parallel_slices[1].active_format.i_fmt_slice.gen_num_lanes[0].active_lane.lane_instance.i_fma'
  319 |       addend_shamt = unsigned'(signed'(PRECISION_BITS) + 3 - exponent_difference);
      |                    ^
%Warning-WIDTHEXPAND: ../../../../../cva6_upstream_reference/vendor/pulp-platform/common_cells/include/../../../../../cva6_upstream_reference/core/cvfpu/src/fpnew_fma.sv:318:34: Operator LTES expects 32 bits on the LHS, but LHS's VARREF 'exponent_difference' generates 13 bits.
                                                                                                                                                                                : ... note: In instance 'cva6.ex_stage_i.fpu_gen.fpu_i.fpu_gen.i_fpnew_bulk.gen_operation_groups[0].i_opgroup_block.gen_parallel_slices[1].active_format.i_fmt_slice.gen_num_lanes[0].active_lane.lane_instance.i_fma'
  318 |     else if (exponent_difference <= signed'(PRECISION_BITS + 2))
      |                                  ^~
%Warning-WIDTHEXPAND: ../../../../../cva6_upstream_reference/vendor/pulp-platform/common_cells/include/../../../../../cva6_upstream_reference/core/cvfpu/src/fpnew_fma.sv:315:29: Operator LTES expects 32 bits on the LHS, but LHS's VARREF 'exponent_difference' generates 13 bits.
                                                                                                                                                                                : ... note: In instance 'cva6.ex_stage_i.fpu_gen.fpu_i.fpu_gen.i_fpnew_bulk.gen_operation_groups[0].i_opgroup_block.gen_parallel_slices[1].active_format.i_fmt_slice.gen_num_lanes[0].active_lane.lane_instance.i_fma'
  315 |     if (exponent_difference <= signed'(-2 * PRECISION_BITS - 1))
      |                             ^~
%Warning-WIDTHEXPAND: ../../../../../cva6_upstream_reference/vendor/pulp-platform/common_cells/include/../../../../../cva6_upstream_reference/core/cvfpu/src/fpnew_fma.sv:343:36: Operator SHIFTL expects 163 bits on the LHS, but LHS's VARREF 'product' generates 106 bits.
                                                                                                                                                                                : ... note: In instance 'cva6.ex_stage_i.fpu_gen.fpu_i.fpu_gen.i_fpnew_bulk.gen_operation_groups[0].i_opgroup_block.gen_parallel_slices[1].active_format.i_fmt_slice.gen_num_lanes[0].active_lane.lane_instance.i_fma'
  343 |   assign product_shifted = product << 2;  
      |                                    ^~
%Warning-WIDTHEXPAND: ../../../../../cva6_upstream_reference/vendor/pulp-platform/common_cells/include/../../../../../cva6_upstream_reference/core/cvfpu/src/fpnew_fma.sv:363:19: Operator SHIFTL expects 216 bits on the LHS, but LHS's VARREF 'mantissa_c' generates 53 bits.
                                                                                                                                                                                : ... note: In instance 'cva6.ex_stage_i.fpu_gen.fpu_i.fpu_gen.i_fpnew_bulk.gen_operation_groups[0].i_opgroup_block.gen_parallel_slices[1].active_format.i_fmt_slice.gen_num_lanes[0].active_lane.lane_instance.i_fma'
  363 |       (mantissa_c << (3 * PRECISION_BITS + 4)) >> addend_shamt;
      |                   ^~
%Warning-WIDTHTRUNC: ../../../../../cva6_upstream_reference/vendor/pulp-platform/common_cells/include/../../../../../cva6_upstream_reference/core/cvfpu/src/fpnew_fma.sv:390:21: Operator ASSIGNW expects 163 bits on the Assign RHS, but Assign RHS's COND generates 164 bits.
                                                                                                                                                                               : ... note: In instance 'cva6.ex_stage_i.fpu_gen.fpu_i.fpu_gen.i_fpnew_bulk.gen_operation_groups[0].i_opgroup_block.gen_parallel_slices[1].active_format.i_fmt_slice.gen_num_lanes[0].active_lane.lane_instance.i_fma'
  390 |   assign sum        = (effective_subtraction && ~sum_carry) ? sum_neg : sum_pos;
      |                     ^
%Warning-ASCRANGE: ../../../../../cva6_upstream_reference/vendor/pulp-platform/common_cells/include/../../../../../cva6_upstream_reference/core/cvfpu/src/fpnew_fma.sv:414:26: Ascending bit range vector: left < right of bit range: [0:1]
                                                                                                                                                                             : ... note: In instance 'cva6.ex_stage_i.fpu_gen.fpu_i.fpu_gen.i_fpnew_bulk.gen_operation_groups[0].i_opgroup_block.gen_parallel_slices[1].active_format.i_fmt_slice.gen_num_lanes[0].active_lane.lane_instance.i_fma'
  414 |   logic                  [0:NUM_MID_REGS]                         mid_pipe_eff_sub_q;
      |                          ^
%Warning-ASCRANGE: ../../../../../cva6_upstream_reference/vendor/pulp-platform/common_cells/include/../../../../../cva6_upstream_reference/core/cvfpu/src/fpnew_fma.sv:415:26: Ascending bit range vector: left < right of bit range: [0:1]
                                                                                                                                                                             : ... note: In instance 'cva6.ex_stage_i.fpu_gen.fpu_i.fpu_gen.i_fpnew_bulk.gen_operation_groups[0].i_opgroup_block.gen_parallel_slices[1].active_format.i_fmt_slice.gen_num_lanes[0].active_lane.lane_instance.i_fma'
  415 |   logic signed           [0:NUM_MID_REGS][EXP_WIDTH-1:0]          mid_pipe_exp_prod_q;
      |                          ^
%Warning-ASCRANGE: ../../../../../cva6_upstream_reference/vendor/pulp-platform/common_cells/include/../../../../../cva6_upstream_reference/core/cvfpu/src/fpnew_fma.sv:416:26: Ascending bit range vector: left < right of bit range: [0:1]
                                                                                                                                                                             : ... note: In instance 'cva6.ex_stage_i.fpu_gen.fpu_i.fpu_gen.i_fpnew_bulk.gen_operation_groups[0].i_opgroup_block.gen_parallel_slices[1].active_format.i_fmt_slice.gen_num_lanes[0].active_lane.lane_instance.i_fma'
  416 |   logic signed           [0:NUM_MID_REGS][EXP_WIDTH-1:0]          mid_pipe_exp_diff_q;
      |                          ^
%Warning-ASCRANGE: ../../../../../cva6_upstream_reference/vendor/pulp-platform/common_cells/include/../../../../../cva6_upstream_reference/core/cvfpu/src/fpnew_fma.sv:417:26: Ascending bit range vector: left < right of bit range: [0:1]
                                                                                                                                                                             : ... note: In instance 'cva6.ex_stage_i.fpu_gen.fpu_i.fpu_gen.i_fpnew_bulk.gen_operation_groups[0].i_opgroup_block.gen_parallel_slices[1].active_format.i_fmt_slice.gen_num_lanes[0].active_lane.lane_instance.i_fma'
  417 |   logic signed           [0:NUM_MID_REGS][EXP_WIDTH-1:0]          mid_pipe_tent_exp_q;
      |                          ^
%Warning-ASCRANGE: ../../../../../cva6_upstream_reference/vendor/pulp-platform/common_cells/include/../../../../../cva6_upstream_reference/core/cvfpu/src/fpnew_fma.sv:418:26: Ascending bit range vector: left < right of bit range: [0:1]
                                                                                                                                                                             : ... note: In instance 'cva6.ex_stage_i.fpu_gen.fpu_i.fpu_gen.i_fpnew_bulk.gen_operation_groups[0].i_opgroup_block.gen_parallel_slices[1].active_format.i_fmt_slice.gen_num_lanes[0].active_lane.lane_instance.i_fma'
  418 |   logic                  [0:NUM_MID_REGS][SHIFT_AMOUNT_WIDTH-1:0] mid_pipe_add_shamt_q;
      |                          ^
%Warning-ASCRANGE: ../../../../../cva6_upstream_reference/vendor/pulp-platform/common_cells/include/../../../../../cva6_upstream_reference/core/cvfpu/src/fpnew_fma.sv:419:26: Ascending bit range vector: left < right of bit range: [0:1]
                                                                                                                                                                             : ... note: In instance 'cva6.ex_stage_i.fpu_gen.fpu_i.fpu_gen.i_fpnew_bulk.gen_operation_groups[0].i_opgroup_block.gen_parallel_slices[1].active_format.i_fmt_slice.gen_num_lanes[0].active_lane.lane_instance.i_fma'
  419 |   logic                  [0:NUM_MID_REGS]                         mid_pipe_sticky_q;
      |                          ^
%Warning-ASCRANGE: ../../../../../cva6_upstream_reference/vendor/pulp-platform/common_cells/include/../../../../../cva6_upstream_reference/core/cvfpu/src/fpnew_fma.sv:420:26: Ascending bit range vector: left < right of bit range: [0:1]
                                                                                                                                                                             : ... note: In instance 'cva6.ex_stage_i.fpu_gen.fpu_i.fpu_gen.i_fpnew_bulk.gen_operation_groups[0].i_opgroup_block.gen_parallel_slices[1].active_format.i_fmt_slice.gen_num_lanes[0].active_lane.lane_instance.i_fma'
  420 |   logic                  [0:NUM_MID_REGS][3*PRECISION_BITS+3:0]   mid_pipe_sum_q;
      |                          ^
%Warning-ASCRANGE: ../../../../../cva6_upstream_reference/vendor/pulp-platform/common_cells/include/../../../../../cva6_upstream_reference/core/cvfpu/src/fpnew_fma.sv:421:26: Ascending bit range vector: left < right of bit range: [0:1]
                                                                                                                                                                             : ... note: In instance 'cva6.ex_stage_i.fpu_gen.fpu_i.fpu_gen.i_fpnew_bulk.gen_operation_groups[0].i_opgroup_block.gen_parallel_slices[1].active_format.i_fmt_slice.gen_num_lanes[0].active_lane.lane_instance.i_fma'
  421 |   logic                  [0:NUM_MID_REGS]                         mid_pipe_final_sign_q;
      |                          ^
%Warning-ASCRANGE: ../../../../../cva6_upstream_reference/vendor/pulp-platform/common_cells/include/../../../../../cva6_upstream_reference/core/cvfpu/src/fpnew_fma.sv:422:26: Ascending bit range vector: left < right of bit range: [0:1]
                                                                                                                                                                             : ... note: In instance 'cva6.ex_stage_i.fpu_gen.fpu_i.fpu_gen.i_fpnew_bulk.gen_operation_groups[0].i_opgroup_block.gen_parallel_slices[1].active_format.i_fmt_slice.gen_num_lanes[0].active_lane.lane_instance.i_fma'
  422 |   fpnew_pkg::roundmode_e [0:NUM_MID_REGS]                         mid_pipe_rnd_mode_q;
      |                          ^
%Warning-ASCRANGE: ../../../../../cva6_upstream_reference/vendor/pulp-platform/common_cells/include/../../../../../cva6_upstream_reference/core/cvfpu/src/fpnew_fma.sv:423:26: Ascending bit range vector: left < right of bit range: [0:1]
                                                                                                                                                                             : ... note: In instance 'cva6.ex_stage_i.fpu_gen.fpu_i.fpu_gen.i_fpnew_bulk.gen_operation_groups[0].i_opgroup_block.gen_parallel_slices[1].active_format.i_fmt_slice.gen_num_lanes[0].active_lane.lane_instance.i_fma'
  423 |   logic                  [0:NUM_MID_REGS]                         mid_pipe_res_is_spec_q;
      |                          ^
%Warning-ASCRANGE: ../../../../../cva6_upstream_reference/vendor/pulp-platform/common_cells/include/../../../../../cva6_upstream_reference/core/cvfpu/src/fpnew_fma.sv:424:26: Ascending bit range vector: left < right of bit range: [0:1]
                                                                                                                                                                             : ... note: In instance 'cva6.ex_stage_i.fpu_gen.fpu_i.fpu_gen.i_fpnew_bulk.gen_operation_groups[0].i_opgroup_block.gen_parallel_slices[1].active_format.i_fmt_slice.gen_num_lanes[0].active_lane.lane_instance.i_fma'
  424 |   fp_t                   [0:NUM_MID_REGS]                         mid_pipe_spec_res_q;
      |                          ^
%Warning-ASCRANGE: ../../../../../cva6_upstream_reference/vendor/pulp-platform/common_cells/include/../../../../../cva6_upstream_reference/core/cvfpu/src/fpnew_fma.sv:425:26: Ascending bit range vector: left < right of bit range: [0:1]
                                                                                                                                                                             : ... note: In instance 'cva6.ex_stage_i.fpu_gen.fpu_i.fpu_gen.i_fpnew_bulk.gen_operation_groups[0].i_opgroup_block.gen_parallel_slices[1].active_format.i_fmt_slice.gen_num_lanes[0].active_lane.lane_instance.i_fma'
  425 |   fpnew_pkg::status_t    [0:NUM_MID_REGS]                         mid_pipe_spec_stat_q;
      |                          ^
%Warning-ASCRANGE: ../../../../../cva6_upstream_reference/vendor/pulp-platform/common_cells/include/../../../../../cva6_upstream_reference/core/cvfpu/src/fpnew_fma.sv:426:26: Ascending bit range vector: left < right of bit range: [0:1]
                                                                                                                                                                             : ... note: In instance 'cva6.ex_stage_i.fpu_gen.fpu_i.fpu_gen.i_fpnew_bulk.gen_operation_groups[0].i_opgroup_block.gen_parallel_slices[1].active_format.i_fmt_slice.gen_num_lanes[0].active_lane.lane_instance.i_fma'
  426 |   TagType                [0:NUM_MID_REGS]                         mid_pipe_tag_q;
      |                          ^
%Warning-ASCRANGE: ../../../../../cva6_upstream_reference/vendor/pulp-platform/common_cells/include/../../../../../cva6_upstream_reference/core/cvfpu/src/fpnew_fma.sv:427:26: Ascending bit range vector: left < right of bit range: [0:1]
                                                                                                                                                                             : ... note: In instance 'cva6.ex_stage_i.fpu_gen.fpu_i.fpu_gen.i_fpnew_bulk.gen_operation_groups[0].i_opgroup_block.gen_parallel_slices[1].active_format.i_fmt_slice.gen_num_lanes[0].active_lane.lane_instance.i_fma'
  427 |   logic                  [0:NUM_MID_REGS]                         mid_pipe_mask_q;
      |                          ^
%Warning-ASCRANGE: ../../../../../cva6_upstream_reference/vendor/pulp-platform/common_cells/include/../../../../../cva6_upstream_reference/core/cvfpu/src/fpnew_fma.sv:428:26: Ascending bit range vector: left < right of bit range: [0:1]
                                                                                                                                                                             : ... note: In instance 'cva6.ex_stage_i.fpu_gen.fpu_i.fpu_gen.i_fpnew_bulk.gen_operation_groups[0].i_opgroup_block.gen_parallel_slices[1].active_format.i_fmt_slice.gen_num_lanes[0].active_lane.lane_instance.i_fma'
  428 |   AuxType                [0:NUM_MID_REGS]                         mid_pipe_aux_q;
      |                          ^
%Warning-ASCRANGE: ../../../../../cva6_upstream_reference/vendor/pulp-platform/common_cells/include/../../../../../cva6_upstream_reference/core/cvfpu/src/fpnew_fma.sv:429:26: Ascending bit range vector: left < right of bit range: [0:1]
                                                                                                                                                                             : ... note: In instance 'cva6.ex_stage_i.fpu_gen.fpu_i.fpu_gen.i_fpnew_bulk.gen_operation_groups[0].i_opgroup_block.gen_parallel_slices[1].active_format.i_fmt_slice.gen_num_lanes[0].active_lane.lane_instance.i_fma'
  429 |   logic                  [0:NUM_MID_REGS]                         mid_pipe_valid_q;
      |                          ^
%Warning-ASCRANGE: ../../../../../cva6_upstream_reference/vendor/pulp-platform/common_cells/include/../../../../../cva6_upstream_reference/core/cvfpu/src/fpnew_fma.sv:431:9: Ascending bit range vector: left < right of bit range: [0:1]
                                                                                                                                                                            : ... note: In instance 'cva6.ex_stage_i.fpu_gen.fpu_i.fpu_gen.i_fpnew_bulk.gen_operation_groups[0].i_opgroup_block.gen_parallel_slices[1].active_format.i_fmt_slice.gen_num_lanes[0].active_lane.lane_instance.i_fma'
  431 |   logic [0:NUM_MID_REGS] mid_pipe_ready;
      |         ^
%Warning-WIDTHEXPAND: ../../../../../cva6_upstream_reference/vendor/pulp-platform/common_cells/include/../../../../../cva6_upstream_reference/core/cvfpu/src/fpnew_fma.sv:535:50: Operator ADD expects 32 bits on the RHS, but RHS's VARREF 'leading_zero_count' generates 7 bits.
                                                                                                                                                                                : ... note: In instance 'cva6.ex_stage_i.fpu_gen.fpu_i.fpu_gen.i_fpnew_bulk.gen_operation_groups[0].i_opgroup_block.gen_parallel_slices[1].active_format.i_fmt_slice.gen_num_lanes[0].active_lane.lane_instance.i_fma'
  535 |         norm_shamt          = PRECISION_BITS + 2 + leading_zero_count;
      |                                                  ^
%Warning-WIDTHTRUNC: ../../../../../cva6_upstream_reference/vendor/pulp-platform/common_cells/include/../../../../../cva6_upstream_reference/core/cvfpu/src/fpnew_fma.sv:535:29: Operator ASSIGN expects 8 bits on the Assign RHS, but Assign RHS's ADD generates 32 bits.
                                                                                                                                                                               : ... note: In instance 'cva6.ex_stage_i.fpu_gen.fpu_i.fpu_gen.i_fpnew_bulk.gen_operation_groups[0].i_opgroup_block.gen_parallel_slices[1].active_format.i_fmt_slice.gen_num_lanes[0].active_lane.lane_instance.i_fma'
  535 |         norm_shamt          = PRECISION_BITS + 2 + leading_zero_count;
      |                             ^
%Warning-WIDTHEXPAND: ../../../../../cva6_upstream_reference/vendor/pulp-platform/common_cells/include/../../../../../cva6_upstream_reference/core/cvfpu/src/fpnew_fma.sv:536:50: Operator SUB expects 32 or 13 bits on the RHS, but RHS's VARREF 'leading_zero_count_sgn' generates 8 bits.
                                                                                                                                                                                : ... note: In instance 'cva6.ex_stage_i.fpu_gen.fpu_i.fpu_gen.i_fpnew_bulk.gen_operation_groups[0].i_opgroup_block.gen_parallel_slices[1].active_format.i_fmt_slice.gen_num_lanes[0].active_lane.lane_instance.i_fma'
  536 |         normalized_exponent = exponent_product_q - leading_zero_count_sgn + 1;  
      |                                                  ^
%Warning-WIDTHEXPAND: ../../../../../cva6_upstream_reference/vendor/pulp-platform/common_cells/include/../../../../../cva6_upstream_reference/core/cvfpu/src/fpnew_fma.sv:540:69: Operator ADD expects 32 bits on the RHS, but RHS's VARREF 'exponent_product_q' generates 13 bits.
                                                                                                                                                                                : ... note: In instance 'cva6.ex_stage_i.fpu_gen.fpu_i.fpu_gen.i_fpnew_bulk.gen_operation_groups[0].i_opgroup_block.gen_parallel_slices[1].active_format.i_fmt_slice.gen_num_lanes[0].active_lane.lane_instance.i_fma'
  540 |         norm_shamt          = unsigned'(signed'(PRECISION_BITS) + 2 + exponent_product_q);
      |                                                                     ^
%Warning-WIDTHTRUNC: ../../../../../cva6_upstream_reference/vendor/pulp-platform/common_cells/include/../../../../../cva6_upstream_reference/core/cvfpu/src/fpnew_fma.sv:540:29: Operator ASSIGN expects 8 bits on the Assign RHS, but Assign RHS's UNSIGNED generates 32 bits.
                                                                                                                                                                               : ... note: In instance 'cva6.ex_stage_i.fpu_gen.fpu_i.fpu_gen.i_fpnew_bulk.gen_operation_groups[0].i_opgroup_block.gen_parallel_slices[1].active_format.i_fmt_slice.gen_num_lanes[0].active_lane.lane_instance.i_fma'
  540 |         norm_shamt          = unsigned'(signed'(PRECISION_BITS) + 2 + exponent_product_q);
      |                             ^
%Warning-WIDTHEXPAND: ../../../../../cva6_upstream_reference/vendor/pulp-platform/common_cells/include/../../../../../cva6_upstream_reference/core/cvfpu/src/fpnew_fma.sv:533:31: Operator SUB expects 32 or 13 bits on the RHS, but RHS's VARREF 'leading_zero_count_sgn' generates 8 bits.
                                                                                                                                                                                : ... note: In instance 'cva6.ex_stage_i.fpu_gen.fpu_i.fpu_gen.i_fpnew_bulk.gen_operation_groups[0].i_opgroup_block.gen_parallel_slices[1].active_format.i_fmt_slice.gen_num_lanes[0].active_lane.lane_instance.i_fma'
  533 |       if ((exponent_product_q - leading_zero_count_sgn + 1 >= 0) && !lzc_zeroes) begin
      |                               ^
%Warning-WIDTHEXPAND: ../../../../../cva6_upstream_reference/vendor/pulp-platform/common_cells/include/../../../../../cva6_upstream_reference/core/cvfpu/src/fpnew_fma.sv:551:36: Operator SHIFTL expects 164 bits on the LHS, but LHS's VARREF 'sum_q' generates 163 bits.
                                                                                                                                                                                : ... note: In instance 'cva6.ex_stage_i.fpu_gen.fpu_i.fpu_gen.i_fpnew_bulk.gen_operation_groups[0].i_opgroup_block.gen_parallel_slices[1].active_format.i_fmt_slice.gen_num_lanes[0].active_lane.lane_instance.i_fma'
  551 |   assign sum_shifted       = sum_q << norm_shamt;
      |                                    ^~
%Warning-WIDTHTRUNC: ../../../../../cva6_upstream_reference/vendor/pulp-platform/common_cells/include/../../../../../cva6_upstream_reference/core/cvfpu/src/fpnew_fma.sv:557:39: Operator ASSIGN expects 163 bits on the Assign RHS, but Assign RHS's VARREF 'sum_shifted' generates 164 bits.
                                                                                                                                                                               : ... note: In instance 'cva6.ex_stage_i.fpu_gen.fpu_i.fpu_gen.i_fpnew_bulk.gen_operation_groups[0].i_opgroup_block.gen_parallel_slices[1].active_format.i_fmt_slice.gen_num_lanes[0].active_lane.lane_instance.i_fma'
  557 |     {final_mantissa, sum_sticky_bits} = sum_shifted;
      |                                       ^
%Warning-WIDTHTRUNC: ../../../../../cva6_upstream_reference/vendor/pulp-platform/common_cells/include/../../../../../cva6_upstream_reference/core/cvfpu/src/fpnew_fma.sv:562:41: Operator ASSIGN expects 163 bits on the Assign RHS, but Assign RHS's SHIFTR generates 164 bits.
                                                                                                                                                                               : ... note: In instance 'cva6.ex_stage_i.fpu_gen.fpu_i.fpu_gen.i_fpnew_bulk.gen_operation_groups[0].i_opgroup_block.gen_parallel_slices[1].active_format.i_fmt_slice.gen_num_lanes[0].active_lane.lane_instance.i_fma'
  562 |       {final_mantissa, sum_sticky_bits} = sum_shifted >> 1;
      |                                         ^
%Warning-WIDTHTRUNC: ../../../../../cva6_upstream_reference/vendor/pulp-platform/common_cells/include/../../../../../cva6_upstream_reference/core/cvfpu/src/fpnew_fma.sv:569:41: Operator ASSIGN expects 163 bits on the Assign RHS, but Assign RHS's SHIFTL generates 164 bits.
                                                                                                                                                                               : ... note: In instance 'cva6.ex_stage_i.fpu_gen.fpu_i.fpu_gen.i_fpnew_bulk.gen_operation_groups[0].i_opgroup_block.gen_parallel_slices[1].active_format.i_fmt_slice.gen_num_lanes[0].active_lane.lane_instance.i_fma'
  569 |       {final_mantissa, sum_sticky_bits} = sum_shifted << 1;
      |                                         ^
%Warning-ASCRANGE: ../../../../../cva6_upstream_reference/vendor/pulp-platform/common_cells/include/../../../../../cva6_upstream_reference/core/cvfpu/src/fpnew_fma.sv:655:23: Ascending bit range vector: left < right of bit range: [0:1]
                                                                                                                                                                             : ... note: In instance 'cva6.ex_stage_i.fpu_gen.fpu_i.fpu_gen.i_fpnew_bulk.gen_operation_groups[0].i_opgroup_block.gen_parallel_slices[1].active_format.i_fmt_slice.gen_num_lanes[0].active_lane.lane_instance.i_fma'
  655 |   fp_t                [0:NUM_OUT_REGS] out_pipe_result_q;
      |                       ^
%Warning-ASCRANGE: ../../../../../cva6_upstream_reference/vendor/pulp-platform/common_cells/include/../../../../../cva6_upstream_reference/core/cvfpu/src/fpnew_fma.sv:656:23: Ascending bit range vector: left < right of bit range: [0:1]
                                                                                                                                                                             : ... note: In instance 'cva6.ex_stage_i.fpu_gen.fpu_i.fpu_gen.i_fpnew_bulk.gen_operation_groups[0].i_opgroup_block.gen_parallel_slices[1].active_format.i_fmt_slice.gen_num_lanes[0].active_lane.lane_instance.i_fma'
  656 |   fpnew_pkg::status_t [0:NUM_OUT_REGS] out_pipe_status_q;
      |                       ^
%Warning-ASCRANGE: ../../../../../cva6_upstream_reference/vendor/pulp-platform/common_cells/include/../../../../../cva6_upstream_reference/core/cvfpu/src/fpnew_fma.sv:657:23: Ascending bit range vector: left < right of bit range: [0:1]
                                                                                                                                                                             : ... note: In instance 'cva6.ex_stage_i.fpu_gen.fpu_i.fpu_gen.i_fpnew_bulk.gen_operation_groups[0].i_opgroup_block.gen_parallel_slices[1].active_format.i_fmt_slice.gen_num_lanes[0].active_lane.lane_instance.i_fma'
  657 |   TagType             [0:NUM_OUT_REGS] out_pipe_tag_q;
      |                       ^
%Warning-ASCRANGE: ../../../../../cva6_upstream_reference/vendor/pulp-platform/common_cells/include/../../../../../cva6_upstream_reference/core/cvfpu/src/fpnew_fma.sv:658:23: Ascending bit range vector: left < right of bit range: [0:1]
                                                                                                                                                                             : ... note: In instance 'cva6.ex_stage_i.fpu_gen.fpu_i.fpu_gen.i_fpnew_bulk.gen_operation_groups[0].i_opgroup_block.gen_parallel_slices[1].active_format.i_fmt_slice.gen_num_lanes[0].active_lane.lane_instance.i_fma'
  658 |   logic               [0:NUM_OUT_REGS] out_pipe_mask_q;
      |                       ^
%Warning-ASCRANGE: ../../../../../cva6_upstream_reference/vendor/pulp-platform/common_cells/include/../../../../../cva6_upstream_reference/core/cvfpu/src/fpnew_fma.sv:659:23: Ascending bit range vector: left < right of bit range: [0:1]
                                                                                                                                                                             : ... note: In instance 'cva6.ex_stage_i.fpu_gen.fpu_i.fpu_gen.i_fpnew_bulk.gen_operation_groups[0].i_opgroup_block.gen_parallel_slices[1].active_format.i_fmt_slice.gen_num_lanes[0].active_lane.lane_instance.i_fma'
  659 |   AuxType             [0:NUM_OUT_REGS] out_pipe_aux_q;
      |                       ^
%Warning-ASCRANGE: ../../../../../cva6_upstream_reference/vendor/pulp-platform/common_cells/include/../../../../../cva6_upstream_reference/core/cvfpu/src/fpnew_fma.sv:660:23: Ascending bit range vector: left < right of bit range: [0:1]
                                                                                                                                                                             : ... note: In instance 'cva6.ex_stage_i.fpu_gen.fpu_i.fpu_gen.i_fpnew_bulk.gen_operation_groups[0].i_opgroup_block.gen_parallel_slices[1].active_format.i_fmt_slice.gen_num_lanes[0].active_lane.lane_instance.i_fma'
  660 |   logic               [0:NUM_OUT_REGS] out_pipe_valid_q;
      |                       ^
%Warning-ASCRANGE: ../../../../../cva6_upstream_reference/vendor/pulp-platform/common_cells/include/../../../../../cva6_upstream_reference/core/cvfpu/src/fpnew_fma.sv:662:9: Ascending bit range vector: left < right of bit range: [0:1]
                                                                                                                                                                            : ... note: In instance 'cva6.ex_stage_i.fpu_gen.fpu_i.fpu_gen.i_fpnew_bulk.gen_operation_groups[0].i_opgroup_block.gen_parallel_slices[1].active_format.i_fmt_slice.gen_num_lanes[0].active_lane.lane_instance.i_fma'
  662 |   logic [0:NUM_OUT_REGS] out_pipe_ready;
      |         ^
%Warning-WIDTHTRUNC: ../../../../../cva6_upstream_reference/vendor/pulp-platform/common_cells/include/../../../../../cva6_upstream_reference/core/cvfpu/src/fpnew_fma.sv:203:35: Operator PATMEMBER expects 8 bits on the Pattern value, but Pattern value's VARREF 'BIAS' generates 32 bits.
                                                                                                                                                                               : ... note: In instance 'cva6.ex_stage_i.fpu_gen.fpu_i.fpu_gen.i_fpnew_bulk.gen_operation_groups[0].i_opgroup_block.gen_parallel_slices[0].active_format.i_fmt_slice.gen_num_lanes[0].active_lane.lane_instance.i_fma'
  203 |         operand_a = '{sign: 1'b0, exponent: BIAS, mantissa: '0};
      |                                   ^~~~~~~~
%Warning-WIDTHEXPAND: ../../../../../cva6_upstream_reference/vendor/pulp-platform/common_cells/include/../../../../../cva6_upstream_reference/core/cvfpu/src/fpnew_fma.sv:214:24: Operator PATMEMBER expects 8 bits on the Pattern value, but Pattern value's VARREF 'DONT_CARE' generates 1 bits.
  214 |         operand_a  = '{default: fpnew_pkg::DONT_CARE};
      |                        ^~~~~~~
%Warning-WIDTHEXPAND: ../../../../../cva6_upstream_reference/vendor/pulp-platform/common_cells/include/../../../../../cva6_upstream_reference/core/cvfpu/src/fpnew_fma.sv:214:24: Operator PATMEMBER expects 23 bits on the Pattern value, but Pattern value's VARREF 'DONT_CARE' generates 1 bits.
  214 |         operand_a  = '{default: fpnew_pkg::DONT_CARE};
      |                        ^~~~~~~
%Warning-WIDTHEXPAND: ../../../../../cva6_upstream_reference/vendor/pulp-platform/common_cells/include/../../../../../cva6_upstream_reference/core/cvfpu/src/fpnew_fma.sv:215:24: Operator PATMEMBER expects 8 bits on the Pattern value, but Pattern value's VARREF 'DONT_CARE' generates 1 bits.
  215 |         operand_b  = '{default: fpnew_pkg::DONT_CARE};
      |                        ^~~~~~~
%Warning-WIDTHEXPAND: ../../../../../cva6_upstream_reference/vendor/pulp-platform/common_cells/include/../../../../../cva6_upstream_reference/core/cvfpu/src/fpnew_fma.sv:215:24: Operator PATMEMBER expects 23 bits on the Pattern value, but Pattern value's VARREF 'DONT_CARE' generates 1 bits.
  215 |         operand_b  = '{default: fpnew_pkg::DONT_CARE};
      |                        ^~~~~~~
%Warning-WIDTHEXPAND: ../../../../../cva6_upstream_reference/vendor/pulp-platform/common_cells/include/../../../../../cva6_upstream_reference/core/cvfpu/src/fpnew_fma.sv:216:24: Operator PATMEMBER expects 8 bits on the Pattern value, but Pattern value's VARREF 'DONT_CARE' generates 1 bits.
  216 |         operand_c  = '{default: fpnew_pkg::DONT_CARE};
      |                        ^~~~~~~
%Warning-WIDTHEXPAND: ../../../../../cva6_upstream_reference/vendor/pulp-platform/common_cells/include/../../../../../cva6_upstream_reference/core/cvfpu/src/fpnew_fma.sv:216:24: Operator PATMEMBER expects 23 bits on the Pattern value, but Pattern value's VARREF 'DONT_CARE' generates 1 bits.
  216 |         operand_c  = '{default: fpnew_pkg::DONT_CARE};
      |                        ^~~~~~~
%Warning-WIDTHEXPAND: ../../../../../cva6_upstream_reference/vendor/pulp-platform/common_cells/include/../../../../../cva6_upstream_reference/core/cvfpu/src/fpnew_fma.sv:292:21: Operator ASSIGNW expects 10 bits on the Assign RHS, but Assign RHS's SIGNED generates 9 bits.
                                                                                                                                                                                : ... note: In instance 'cva6.ex_stage_i.fpu_gen.fpu_i.fpu_gen.i_fpnew_bulk.gen_operation_groups[0].i_opgroup_block.gen_parallel_slices[0].active_format.i_fmt_slice.gen_num_lanes[0].active_lane.lane_instance.i_fma'
  292 |   assign exponent_a = signed'({1'b0, operand_a.exponent});
      |                     ^
%Warning-WIDTHEXPAND: ../../../../../cva6_upstream_reference/vendor/pulp-platform/common_cells/include/../../../../../cva6_upstream_reference/core/cvfpu/src/fpnew_fma.sv:293:21: Operator ASSIGNW expects 10 bits on the Assign RHS, but Assign RHS's SIGNED generates 9 bits.
                                                                                                                                                                                : ... note: In instance 'cva6.ex_stage_i.fpu_gen.fpu_i.fpu_gen.i_fpnew_bulk.gen_operation_groups[0].i_opgroup_block.gen_parallel_slices[0].active_format.i_fmt_slice.gen_num_lanes[0].active_lane.lane_instance.i_fma'
  293 |   assign exponent_b = signed'({1'b0, operand_b.exponent});
      |                     ^
%Warning-WIDTHEXPAND: ../../../../../cva6_upstream_reference/vendor/pulp-platform/common_cells/include/../../../../../cva6_upstream_reference/core/cvfpu/src/fpnew_fma.sv:294:21: Operator ASSIGNW expects 10 bits on the Assign RHS, but Assign RHS's SIGNED generates 9 bits.
                                                                                                                                                                                : ... note: In instance 'cva6.ex_stage_i.fpu_gen.fpu_i.fpu_gen.i_fpnew_bulk.gen_operation_groups[0].i_opgroup_block.gen_parallel_slices[0].active_format.i_fmt_slice.gen_num_lanes[0].active_lane.lane_instance.i_fma'
  294 |   assign exponent_c = signed'({1'b0, operand_c.exponent});
      |                     ^
%Warning-WIDTHEXPAND: ../../../../../cva6_upstream_reference/vendor/pulp-platform/common_cells/include/../../../../../cva6_upstream_reference/core/cvfpu/src/fpnew_fma.sv:298:47: Operator ADD expects 10 bits on the RHS, but RHS's SIGNED generates 2 bits.
                                                                                                                                                                                : ... note: In instance 'cva6.ex_stage_i.fpu_gen.fpu_i.fpu_gen.i_fpnew_bulk.gen_operation_groups[0].i_opgroup_block.gen_parallel_slices[0].active_format.i_fmt_slice.gen_num_lanes[0].active_lane.lane_instance.i_fma'
  298 |   assign exponent_addend = signed'(exponent_c + $signed({1'b0, ~info_c.is_normal}));  
      |                                               ^
%Warning-WIDTHEXPAND: ../../../../../cva6_upstream_reference/vendor/pulp-platform/common_cells/include/../../../../../cva6_upstream_reference/core/cvfpu/src/fpnew_fma.sv:302:50: Operator ADD expects 32 bits on the LHS, but LHS's VARREF 'exponent_a' generates 10 bits.
                                                                                                                                                                                : ... note: In instance 'cva6.ex_stage_i.fpu_gen.fpu_i.fpu_gen.i_fpnew_bulk.gen_operation_groups[0].i_opgroup_block.gen_parallel_slices[0].active_format.i_fmt_slice.gen_num_lanes[0].active_lane.lane_instance.i_fma'
  302 |                             : signed'(exponent_a + info_a.is_subnormal
      |                                                  ^
%Warning-WIDTHEXPAND: ../../../../../cva6_upstream_reference/vendor/pulp-platform/common_cells/include/../../../../../cva6_upstream_reference/core/cvfpu/src/fpnew_fma.sv:303:39: Operator ADD expects 32 bits on the RHS, but RHS's VARREF 'exponent_b' generates 10 bits.
                                                                                                                                                                                : ... note: In instance 'cva6.ex_stage_i.fpu_gen.fpu_i.fpu_gen.i_fpnew_bulk.gen_operation_groups[0].i_opgroup_block.gen_parallel_slices[0].active_format.i_fmt_slice.gen_num_lanes[0].active_lane.lane_instance.i_fma'
  303 |                                       + exponent_b + info_b.is_subnormal
      |                                       ^
%Warning-WIDTHTRUNC: ../../../../../cva6_upstream_reference/vendor/pulp-platform/common_cells/include/../../../../../cva6_upstream_reference/core/cvfpu/src/fpnew_fma.sv:300:27: Operator ASSIGNW expects 10 bits on the Assign RHS, but Assign RHS's COND generates 32 bits.
                                                                                                                                                                               : ... note: In instance 'cva6.ex_stage_i.fpu_gen.fpu_i.fpu_gen.i_fpnew_bulk.gen_operation_groups[0].i_opgroup_block.gen_parallel_slices[0].active_format.i_fmt_slice.gen_num_lanes[0].active_lane.lane_instance.i_fma'
  300 |   assign exponent_product = (info_a.is_zero || info_b.is_zero)
      |                           ^
%Warning-WIDTHTRUNC: ../../../../../cva6_upstream_reference/vendor/pulp-platform/common_cells/include/../../../../../cva6_upstream_reference/core/cvfpu/src/fpnew_fma.sv:316:20: Operator ASSIGN expects 7 bits on the Assign RHS, but Assign RHS's ADD generates 32 bits.
                                                                                                                                                                               : ... note: In instance 'cva6.ex_stage_i.fpu_gen.fpu_i.fpu_gen.i_fpnew_bulk.gen_operation_groups[0].i_opgroup_block.gen_parallel_slices[0].active_format.i_fmt_slice.gen_num_lanes[0].active_lane.lane_instance.i_fma'
  316 |       addend_shamt = 3 * PRECISION_BITS + 4;
      |                    ^
%Warning-WIDTHEXPAND: ../../../../../cva6_upstream_reference/vendor/pulp-platform/common_cells/include/../../../../../cva6_upstream_reference/core/cvfpu/src/fpnew_fma.sv:319:60: Operator SUB expects 32 bits on the RHS, but RHS's VARREF 'exponent_difference' generates 10 bits.
                                                                                                                                                                                : ... note: In instance 'cva6.ex_stage_i.fpu_gen.fpu_i.fpu_gen.i_fpnew_bulk.gen_operation_groups[0].i_opgroup_block.gen_parallel_slices[0].active_format.i_fmt_slice.gen_num_lanes[0].active_lane.lane_instance.i_fma'
  319 |       addend_shamt = unsigned'(signed'(PRECISION_BITS) + 3 - exponent_difference);
      |                                                            ^
%Warning-WIDTHTRUNC: ../../../../../cva6_upstream_reference/vendor/pulp-platform/common_cells/include/../../../../../cva6_upstream_reference/core/cvfpu/src/fpnew_fma.sv:319:20: Operator ASSIGN expects 7 bits on the Assign RHS, but Assign RHS's UNSIGNED generates 32 bits.
                                                                                                                                                                               : ... note: In instance 'cva6.ex_stage_i.fpu_gen.fpu_i.fpu_gen.i_fpnew_bulk.gen_operation_groups[0].i_opgroup_block.gen_parallel_slices[0].active_format.i_fmt_slice.gen_num_lanes[0].active_lane.lane_instance.i_fma'
  319 |       addend_shamt = unsigned'(signed'(PRECISION_BITS) + 3 - exponent_difference);
      |                    ^
%Warning-WIDTHEXPAND: ../../../../../cva6_upstream_reference/vendor/pulp-platform/common_cells/include/../../../../../cva6_upstream_reference/core/cvfpu/src/fpnew_fma.sv:318:34: Operator LTES expects 32 bits on the LHS, but LHS's VARREF 'exponent_difference' generates 10 bits.
                                                                                                                                                                                : ... note: In instance 'cva6.ex_stage_i.fpu_gen.fpu_i.fpu_gen.i_fpnew_bulk.gen_operation_groups[0].i_opgroup_block.gen_parallel_slices[0].active_format.i_fmt_slice.gen_num_lanes[0].active_lane.lane_instance.i_fma'
  318 |     else if (exponent_difference <= signed'(PRECISION_BITS + 2))
      |                                  ^~
%Warning-WIDTHEXPAND: ../../../../../cva6_upstream_reference/vendor/pulp-platform/common_cells/include/../../../../../cva6_upstream_reference/core/cvfpu/src/fpnew_fma.sv:315:29: Operator LTES expects 32 bits on the LHS, but LHS's VARREF 'exponent_difference' generates 10 bits.
                                                                                                                                                                                : ... note: In instance 'cva6.ex_stage_i.fpu_gen.fpu_i.fpu_gen.i_fpnew_bulk.gen_operation_groups[0].i_opgroup_block.gen_parallel_slices[0].active_format.i_fmt_slice.gen_num_lanes[0].active_lane.lane_instance.i_fma'
  315 |     if (exponent_difference <= signed'(-2 * PRECISION_BITS - 1))
      |                             ^~
%Warning-WIDTHEXPAND: ../../../../../cva6_upstream_reference/vendor/pulp-platform/common_cells/include/../../../../../cva6_upstream_reference/core/cvfpu/src/fpnew_fma.sv:343:36: Operator SHIFTL expects 76 bits on the LHS, but LHS's VARREF 'product' generates 48 bits.
                                                                                                                                                                                : ... note: In instance 'cva6.ex_stage_i.fpu_gen.fpu_i.fpu_gen.i_fpnew_bulk.gen_operation_groups[0].i_opgroup_block.gen_parallel_slices[0].active_format.i_fmt_slice.gen_num_lanes[0].active_lane.lane_instance.i_fma'
  343 |   assign product_shifted = product << 2;  
      |                                    ^~
%Warning-WIDTHEXPAND: ../../../../../cva6_upstream_reference/vendor/pulp-platform/common_cells/include/../../../../../cva6_upstream_reference/core/cvfpu/src/fpnew_fma.sv:363:19: Operator SHIFTL expects 100 bits on the LHS, but LHS's VARREF 'mantissa_c' generates 24 bits.
                                                                                                                                                                                : ... note: In instance 'cva6.ex_stage_i.fpu_gen.fpu_i.fpu_gen.i_fpnew_bulk.gen_operation_groups[0].i_opgroup_block.gen_parallel_slices[0].active_format.i_fmt_slice.gen_num_lanes[0].active_lane.lane_instance.i_fma'
  363 |       (mantissa_c << (3 * PRECISION_BITS + 4)) >> addend_shamt;
      |                   ^~
%Warning-WIDTHTRUNC: ../../../../../cva6_upstream_reference/vendor/pulp-platform/common_cells/include/../../../../../cva6_upstream_reference/core/cvfpu/src/fpnew_fma.sv:390:21: Operator ASSIGNW expects 76 bits on the Assign RHS, but Assign RHS's COND generates 77 bits.
                                                                                                                                                                               : ... note: In instance 'cva6.ex_stage_i.fpu_gen.fpu_i.fpu_gen.i_fpnew_bulk.gen_operation_groups[0].i_opgroup_block.gen_parallel_slices[0].active_format.i_fmt_slice.gen_num_lanes[0].active_lane.lane_instance.i_fma'
  390 |   assign sum        = (effective_subtraction && ~sum_carry) ? sum_neg : sum_pos;
      |                     ^
%Warning-WIDTHEXPAND: ../../../../../cva6_upstream_reference/vendor/pulp-platform/common_cells/include/../../../../../cva6_upstream_reference/core/cvfpu/src/fpnew_fma.sv:535:50: Operator ADD expects 32 bits on the RHS, but RHS's VARREF 'leading_zero_count' generates 6 bits.
                                                                                                                                                                                : ... note: In instance 'cva6.ex_stage_i.fpu_gen.fpu_i.fpu_gen.i_fpnew_bulk.gen_operation_groups[0].i_opgroup_block.gen_parallel_slices[0].active_format.i_fmt_slice.gen_num_lanes[0].active_lane.lane_instance.i_fma'
  535 |         norm_shamt          = PRECISION_BITS + 2 + leading_zero_count;
      |                                                  ^
%Warning-WIDTHTRUNC: ../../../../../cva6_upstream_reference/vendor/pulp-platform/common_cells/include/../../../../../cva6_upstream_reference/core/cvfpu/src/fpnew_fma.sv:535:29: Operator ASSIGN expects 7 bits on the Assign RHS, but Assign RHS's ADD generates 32 bits.
                                                                                                                                                                               : ... note: In instance 'cva6.ex_stage_i.fpu_gen.fpu_i.fpu_gen.i_fpnew_bulk.gen_operation_groups[0].i_opgroup_block.gen_parallel_slices[0].active_format.i_fmt_slice.gen_num_lanes[0].active_lane.lane_instance.i_fma'
  535 |         norm_shamt          = PRECISION_BITS + 2 + leading_zero_count;
      |                             ^
%Warning-WIDTHEXPAND: ../../../../../cva6_upstream_reference/vendor/pulp-platform/common_cells/include/../../../../../cva6_upstream_reference/core/cvfpu/src/fpnew_fma.sv:536:50: Operator SUB expects 32 or 10 bits on the RHS, but RHS's VARREF 'leading_zero_count_sgn' generates 7 bits.
                                                                                                                                                                                : ... note: In instance 'cva6.ex_stage_i.fpu_gen.fpu_i.fpu_gen.i_fpnew_bulk.gen_operation_groups[0].i_opgroup_block.gen_parallel_slices[0].active_format.i_fmt_slice.gen_num_lanes[0].active_lane.lane_instance.i_fma'
  536 |         normalized_exponent = exponent_product_q - leading_zero_count_sgn + 1;  
      |                                                  ^
%Warning-WIDTHEXPAND: ../../../../../cva6_upstream_reference/vendor/pulp-platform/common_cells/include/../../../../../cva6_upstream_reference/core/cvfpu/src/fpnew_fma.sv:540:69: Operator ADD expects 32 bits on the RHS, but RHS's VARREF 'exponent_product_q' generates 10 bits.
                                                                                                                                                                                : ... note: In instance 'cva6.ex_stage_i.fpu_gen.fpu_i.fpu_gen.i_fpnew_bulk.gen_operation_groups[0].i_opgroup_block.gen_parallel_slices[0].active_format.i_fmt_slice.gen_num_lanes[0].active_lane.lane_instance.i_fma'
  540 |         norm_shamt          = unsigned'(signed'(PRECISION_BITS) + 2 + exponent_product_q);
      |                                                                     ^
%Warning-WIDTHTRUNC: ../../../../../cva6_upstream_reference/vendor/pulp-platform/common_cells/include/../../../../../cva6_upstream_reference/core/cvfpu/src/fpnew_fma.sv:540:29: Operator ASSIGN expects 7 bits on the Assign RHS, but Assign RHS's UNSIGNED generates 32 bits.
                                                                                                                                                                               : ... note: In instance 'cva6.ex_stage_i.fpu_gen.fpu_i.fpu_gen.i_fpnew_bulk.gen_operation_groups[0].i_opgroup_block.gen_parallel_slices[0].active_format.i_fmt_slice.gen_num_lanes[0].active_lane.lane_instance.i_fma'
  540 |         norm_shamt          = unsigned'(signed'(PRECISION_BITS) + 2 + exponent_product_q);
      |                             ^
%Warning-WIDTHEXPAND: ../../../../../cva6_upstream_reference/vendor/pulp-platform/common_cells/include/../../../../../cva6_upstream_reference/core/cvfpu/src/fpnew_fma.sv:533:31: Operator SUB expects 32 or 10 bits on the RHS, but RHS's VARREF 'leading_zero_count_sgn' generates 7 bits.
                                                                                                                                                                                : ... note: In instance 'cva6.ex_stage_i.fpu_gen.fpu_i.fpu_gen.i_fpnew_bulk.gen_operation_groups[0].i_opgroup_block.gen_parallel_slices[0].active_format.i_fmt_slice.gen_num_lanes[0].active_lane.lane_instance.i_fma'
  533 |       if ((exponent_product_q - leading_zero_count_sgn + 1 >= 0) && !lzc_zeroes) begin
      |                               ^
%Warning-WIDTHEXPAND: ../../../../../cva6_upstream_reference/vendor/pulp-platform/common_cells/include/../../../../../cva6_upstream_reference/core/cvfpu/src/fpnew_fma.sv:551:36: Operator SHIFTL expects 77 bits on the LHS, but LHS's VARREF 'sum_q' generates 76 bits.
                                                                                                                                                                                : ... note: In instance 'cva6.ex_stage_i.fpu_gen.fpu_i.fpu_gen.i_fpnew_bulk.gen_operation_groups[0].i_opgroup_block.gen_parallel_slices[0].active_format.i_fmt_slice.gen_num_lanes[0].active_lane.lane_instance.i_fma'
  551 |   assign sum_shifted       = sum_q << norm_shamt;
      |                                    ^~
%Warning-WIDTHTRUNC: ../../../../../cva6_upstream_reference/vendor/pulp-platform/common_cells/include/../../../../../cva6_upstream_reference/core/cvfpu/src/fpnew_fma.sv:557:39: Operator ASSIGN expects 76 bits on the Assign RHS, but Assign RHS's VARREF 'sum_shifted' generates 77 bits.
                                                                                                                                                                               : ... note: In instance 'cva6.ex_stage_i.fpu_gen.fpu_i.fpu_gen.i_fpnew_bulk.gen_operation_groups[0].i_opgroup_block.gen_parallel_slices[0].active_format.i_fmt_slice.gen_num_lanes[0].active_lane.lane_instance.i_fma'
  557 |     {final_mantissa, sum_sticky_bits} = sum_shifted;
      |                                       ^
%Warning-WIDTHTRUNC: ../../../../../cva6_upstream_reference/vendor/pulp-platform/common_cells/include/../../../../../cva6_upstream_reference/core/cvfpu/src/fpnew_fma.sv:562:41: Operator ASSIGN expects 76 bits on the Assign RHS, but Assign RHS's SHIFTR generates 77 bits.
                                                                                                                                                                               : ... note: In instance 'cva6.ex_stage_i.fpu_gen.fpu_i.fpu_gen.i_fpnew_bulk.gen_operation_groups[0].i_opgroup_block.gen_parallel_slices[0].active_format.i_fmt_slice.gen_num_lanes[0].active_lane.lane_instance.i_fma'
  562 |       {final_mantissa, sum_sticky_bits} = sum_shifted >> 1;
      |                                         ^
%Warning-WIDTHTRUNC: ../../../../../cva6_upstream_reference/vendor/pulp-platform/common_cells/include/../../../../../cva6_upstream_reference/core/cvfpu/src/fpnew_fma.sv:569:41: Operator ASSIGN expects 76 bits on the Assign RHS, but Assign RHS's SHIFTL generates 77 bits.
                                                                                                                                                                               : ... note: In instance 'cva6.ex_stage_i.fpu_gen.fpu_i.fpu_gen.i_fpnew_bulk.gen_operation_groups[0].i_opgroup_block.gen_parallel_slices[0].active_format.i_fmt_slice.gen_num_lanes[0].active_lane.lane_instance.i_fma'
  569 |       {final_mantissa, sum_sticky_bits} = sum_shifted << 1;
      |                                         ^
%Warning-WIDTHEXPAND: ../../../../../cva6_upstream_reference/vendor/pulp-platform/common_cells/include/../../../../../cva6_upstream_reference/vendor/pulp-platform/common_cells/src/lfsr.sv:298:17: Operator GT expects 32 bits on the LHS, but LHS's VARREF 'RstVal' generates 8 bits.
                                                                                                                                                                                                  : ... note: In instance 'cva6.ex_stage_i.lsu_i.gen_mmu.i_cva6_mmu.i_shared_tlb.i_lfsr'
  298 |   assert(RstVal > unsigned'(0)) else
      |                 ^
%Warning-WIDTHEXPAND: ../../../../../cva6_upstream_reference/vendor/pulp-platform/common_cells/include/../../../../../cva6_upstream_reference/core/cvfpu/src/fpnew_opgroup_multifmt_slice.sv:133:56: Operator AND expects 2 bits on the LHS, but LHS's EQ generates 1 bits.
                                                                                                                                                                                                   : ... note: In instance 'cva6.ex_stage_i.fpu_gen.fpu_i.fpu_gen.i_fpnew_bulk.gen_operation_groups[3].i_opgroup_block.gen_merged_slice.i_multifmt_slice'
  133 |   assign dst_vec_op     = (OpGroup == fpnew_pkg::CONV) & {(op_i == fpnew_pkg::CPKCD), op_mod_i};
      |                                                        ^
%Warning-WIDTHEXPAND: ../../../../../cva6_upstream_reference/vendor/pulp-platform/common_cells/include/../../../../../cva6_upstream_reference/core/cvfpu/src/fpnew_opgroup_multifmt_slice.sv:139:38: Operator COND expects 3 bits on the Conditional True, but Conditional True's VARREF 'int_fmt_i' generates 2 bits.
                                                                                                                                                                                                   : ... note: In instance 'cva6.ex_stage_i.fpu_gen.fpu_i.fpu_gen.i_fpnew_bulk.gen_operation_groups[3].i_opgroup_block.gen_merged_slice.i_multifmt_slice'
  139 |   assign dst_fmt    = dst_fmt_is_int ? int_fmt_i : dst_fmt_i;
      |                                      ^
%Warning-WIDTHEXPAND: ../../../../../cva6_upstream_reference/vendor/pulp-platform/common_cells/include/../../../../../cva6_upstream_reference/core/cvfpu/src/fpnew_opgroup_multifmt_slice.sv:432:35: Operator ASSIGNW expects 5 bits on the Assign RHS, but Assign RHS's CONST '1'h0' generates 1 bits.
                                                                                                                                                                                                   : ... note: In instance 'cva6.ex_stage_i.fpu_gen.fpu_i.fpu_gen.i_fpnew_bulk.gen_operation_groups[3].i_opgroup_block.gen_merged_slice.i_multifmt_slice'
  432 |       assign lane_aux[lane]       = 1'b0;  
      |                                   ^
%Warning-WIDTHEXPAND: ../../../../../cva6_upstream_reference/vendor/pulp-platform/common_cells/include/../../../../../cva6_upstream_reference/core/cvfpu/src/fpnew_opgroup_multifmt_slice.sv:434:35: Operator ASSIGNW expects 3 bits on the Assign RHS, but Assign RHS's CONST '1'h0' generates 1 bits.
                                                                                                                                                                                                   : ... note: In instance 'cva6.ex_stage_i.fpu_gen.fpu_i.fpu_gen.i_fpnew_bulk.gen_operation_groups[3].i_opgroup_block.gen_merged_slice.i_multifmt_slice'
  434 |       assign lane_tags[lane]      = 1'b0;  
      |                                   ^
%Warning-ASCRANGE: ../../../../../cva6_upstream_reference/vendor/pulp-platform/common_cells/include/../../../../../cva6_upstream_reference/core/cvfpu/src/fpnew_opgroup_multifmt_slice.sv:502:11: Ascending bit range vector: left < right of bit range: [0:2]
                                                                                                                                                                                                : ... note: In instance 'cva6.ex_stage_i.fpu_gen.fpu_i.fpu_gen.i_fpnew_bulk.gen_operation_groups[3].i_opgroup_block.gen_merged_slice.i_multifmt_slice'
  502 |     logic [0:NumPipeRegs][Width-1:0] byp_pipe_target_q;
      |           ^
%Warning-ASCRANGE: ../../../../../cva6_upstream_reference/vendor/pulp-platform/common_cells/include/../../../../../cva6_upstream_reference/core/cvfpu/src/fpnew_opgroup_multifmt_slice.sv:503:11: Ascending bit range vector: left < right of bit range: [0:2]
                                                                                                                                                                                                : ... note: In instance 'cva6.ex_stage_i.fpu_gen.fpu_i.fpu_gen.i_fpnew_bulk.gen_operation_groups[3].i_opgroup_block.gen_merged_slice.i_multifmt_slice'
  503 |     logic [0:NumPipeRegs][2:0]       byp_pipe_aux_q;
      |           ^
%Warning-ASCRANGE: ../../../../../cva6_upstream_reference/vendor/pulp-platform/common_cells/include/../../../../../cva6_upstream_reference/core/cvfpu/src/fpnew_opgroup_multifmt_slice.sv:504:11: Ascending bit range vector: left < right of bit range: [0:2]
                                                                                                                                                                                                : ... note: In instance 'cva6.ex_stage_i.fpu_gen.fpu_i.fpu_gen.i_fpnew_bulk.gen_operation_groups[3].i_opgroup_block.gen_merged_slice.i_multifmt_slice'
  504 |     logic [0:NumPipeRegs]            byp_pipe_valid_q;
      |           ^
%Warning-ASCRANGE: ../../../../../cva6_upstream_reference/vendor/pulp-platform/common_cells/include/../../../../../cva6_upstream_reference/core/cvfpu/src/fpnew_opgroup_multifmt_slice.sv:506:11: Ascending bit range vector: left < right of bit range: [0:2]
                                                                                                                                                                                                : ... note: In instance 'cva6.ex_stage_i.fpu_gen.fpu_i.fpu_gen.i_fpnew_bulk.gen_operation_groups[3].i_opgroup_block.gen_merged_slice.i_multifmt_slice'
  506 |     logic [0:NumPipeRegs] byp_pipe_ready;
      |           ^
%Warning-WIDTHTRUNC: ../../../../../cva6_upstream_reference/vendor/pulp-platform/common_cells/include/../../../../../cva6_upstream_reference/core/cvfpu/src/fpnew_opgroup_fmt_slice.sv:271:31: Operator ASSIGNW expects 64 bits on the Assign RHS, but Assign RHS's SIGNED generates 65 bits.
                                                                                                                                                                                             : ... note: In instance 'cva6.ex_stage_i.fpu_gen.fpu_i.fpu_gen.i_fpnew_bulk.gen_operation_groups[2].i_opgroup_block.gen_parallel_slices[1].active_format.i_fmt_slice'
  271 |   assign slice_regular_result = $signed({extension_bit_o, slice_result});
      |                               ^
%Warning-WIDTHEXPAND: ../../../../../cva6_upstream_reference/vendor/pulp-platform/common_cells/include/../../../../../cva6_upstream_reference/core/cvfpu/src/fpnew_opgroup_fmt_slice.sv:284:48: Operator COND expects 64 bits on the Conditional False, but Conditional False's SEL generates 10 bits.
                                                                                                                                                                                              : ... note: In instance 'cva6.ex_stage_i.fpu_gen.fpu_i.fpu_gen.i_fpnew_bulk.gen_operation_groups[2].i_opgroup_block.gen_parallel_slices[1].active_format.i_fmt_slice'
  284 |   assign slice_class_result = result_is_vector ? slice_vec_class_result : lane_class_mask[0];
      |                                                ^
%Warning-WIDTHEXPAND: ../../../../../cva6_upstream_reference/vendor/pulp-platform/common_cells/include/../../../../../cva6_upstream_reference/core/cvfpu/src/fpnew_opgroup_fmt_slice.sv:271:31: Operator ASSIGNW expects 64 bits on the Assign RHS, but Assign RHS's SIGNED generates 33 bits.
                                                                                                                                                                                              : ... note: In instance 'cva6.ex_stage_i.fpu_gen.fpu_i.fpu_gen.i_fpnew_bulk.gen_operation_groups[2].i_opgroup_block.gen_parallel_slices[0].active_format.i_fmt_slice'
  271 |   assign slice_regular_result = $signed({extension_bit_o, slice_result});
      |                               ^
%Warning-WIDTHEXPAND: ../../../../../cva6_upstream_reference/vendor/pulp-platform/common_cells/include/../../../../../cva6_upstream_reference/common/local/util/sram.sv:59:38: Operator ASSIGN expects 8 bits on the Assign RHS, but Assign RHS's VARREF 'be_i' generates 6 bits.
                                                                                                                                                                             : ... note: In instance 'cva6.gen_cache_wt.i_cache_subsystem.i_wt_dcache.i_wt_dcache_mem.gen_tag_srams[7].i_tag_sram.genblk1.data_sram'
   59 |     be_aligned[BE_WIDTH_ALIGNED-1:0] = be_i;
      |                                      ^
%Warning-SELRANGE: ../../../../../cva6_upstream_reference/vendor/pulp-platform/common_cells/include/../../../../../cva6_upstream_reference/core/cva6_mmu/cva6_shared_tlb.sv:666:17: Assigning 29 bits to only 27 bit number
                                                                                                                                                                                  : ... note: In instance 'cva6.ex_stage_i.lsu_i.gen_mmu.i_cva6_mmu.i_shared_tlb'
  666 |           gppn_i[CVA6Cfg.GPPNW-1:0] = pte[i][0].ppn[CVA6Cfg.GPPNW-1:0];
      |                 ^
                   ... For warning description see https://verilator.org/warn/SELRANGE?v=5.051
                   ... Use "/* verilator lint_off SELRANGE */" and lint_on around source to disable this message.
%Warning-SELRANGE: ../../../../../cva6_upstream_reference/vendor/pulp-platform/common_cells/include/../../../../../cva6_upstream_reference/core/cva6_mmu/cva6_shared_tlb.sv:666:17: Selection index out of range: 28:0 outside 26:0
                                                                                                                                                                                  : ... note: In instance 'cva6.ex_stage_i.lsu_i.gen_mmu.i_cva6_mmu.i_shared_tlb'
  666 |           gppn_i[CVA6Cfg.GPPNW-1:0] = pte[i][0].ppn[CVA6Cfg.GPPNW-1:0];
      |                 ^
%Warning-WIDTHTRUNC: ../../../../../cva6_upstream_reference/vendor/pulp-platform/common_cells/include/../../../../../cva6_upstream_reference/core/cva6_mmu/cva6_tlb.sv:100:20: Operator ASSIGNW expects 1 bits on the Assign RHS, but Assign RHS's COND generates 3 bits.
                                                                                                                                                                             : ... note: In instance 'cva6.ex_stage_i.lsu_i.gen_mmu.i_cva6_mmu.i_dtlb'
  100 |   assign v_st_enbl = (CVA6Cfg.RVH) ? {v_i, g_st_enbl_i, s_st_enbl_i} : '1;
      |                    ^
%Warning-ASCRANGE: ../../../../../cva6_upstream_reference/vendor/pulp-platform/common_cells/include/../../../../../cva6_upstream_reference/core/cvfpu/src/fpnew_pkg.sv:60:17: Ascending bit range vector: left < right of bit range: [0:4]
                                                                                                                                                                            : ... note: In instance 'cva6'
   60 |   typedef logic [0:NUM_FP_FORMATS-1][31:0] fmt_unsigned_t;  
      |                 ^
%Warning-ASCRANGE: ../../../../../cva6_upstream_reference/vendor/pulp-platform/common_cells/include/../../../../../cva6_upstream_reference/core/cvfpu/src/fpnew_pkg.sv:204:23: Ascending bit range vector: left < right of bit range: [0:4]
                                                                                                                                                                             : ... note: In instance 'cva6'
  204 |   typedef unit_type_t [0:NUM_FP_FORMATS-1] fmt_unit_types_t;
      |                       ^
%Warning-WIDTHEXPAND: ../../../../../cva6_upstream_reference/vendor/pulp-platform/common_cells/include/../../../../../cva6_upstream_reference/core/axi_shim.sv:93:27: Operator ASSIGNW expects 8 bits on the Assign RHS, but Assign RHS's VARREF 'wr_blen_i' generates 1 bits.
                                                                                                                                                                    : ... note: In instance 'cva6.gen_cache_wt.i_cache_subsystem.i_adapter.i_axi_shim'
   93 |   assign axi_req_o.aw.len = wr_blen_i;
      |                           ^
%Warning-WIDTHEXPAND: ../../../../../cva6_upstream_reference/vendor/pulp-platform/common_cells/include/../../../../../cva6_upstream_reference/core/axi_shim.sv:256:30: Operator ASSIGNW expects 8 bits on the Assign RHS, but Assign RHS's VARREF 'rd_blen_i' generates 1 bits.
                                                                                                                                                                     : ... note: In instance 'cva6.gen_cache_wt.i_cache_subsystem.i_adapter.i_axi_shim'
  256 |   assign axi_req_o.ar.len    = rd_blen_i;
      |                              ^
%Warning-WIDTHTRUNC: ../../../../../cva6_upstream_reference/vendor/pulp-platform/common_cells/include/../../../../../cva6_upstream_reference/core/cache_subsystem/wt_dcache_wbuffer.sv:130:18: Bit extraction of var[3:0] requires 2 bit index, not 3 bits.
                                                                                                                                                                                             : ... note: In instance 'cva6.gen_cache_wt.i_cache_subsystem.i_wt_dcache.i_wt_dcache_wbuffer'
  130 |       2'b00:   be[offset] = '1;   
      |                  ^
%Warning-WIDTHTRUNC: ../../../../../cva6_upstream_reference/vendor/pulp-platform/common_cells/include/../../../../../cva6_upstream_reference/core/cache_subsystem/wt_dcache_wbuffer.sv:131:18: Bit extraction of var[3:0] requires 2 bit index, not 3 bits.
                                                                                                                                                                                             : ... note: In instance 'cva6.gen_cache_wt.i_cache_subsystem.i_wt_dcache.i_wt_dcache_wbuffer'
  131 |       2'b01:   be[offset+:2] = '1;   
      |                  ^
%Warning-WIDTHEXPAND: ../../../../../cva6_upstream_reference/vendor/pulp-platform/common_cells/include/../../../../../cva6_upstream_reference/core/cache_subsystem/wt_dcache_wbuffer.sv:134:5: Operator ASSIGN expects 8 bits on the Assign RHS, but Assign RHS's VARREF 'be' generates 4 bits.
                                                                                                                                                                                             : ... note: In instance 'cva6.gen_cache_wt.i_cache_subsystem.i_wt_dcache.i_wt_dcache_wbuffer'
  134 |     return be;
      |     ^~~~~~
%Warning-WIDTHTRUNC: ../../../../../cva6_upstream_reference/vendor/pulp-platform/common_cells/include/../../../../../cva6_upstream_reference/core/cache_subsystem/wt_dcache_wbuffer.sv:595:13: Logical operator IF expects 1 bit on the If, but If's SEL generates 32 bits.
                                                                                                                                                                                             : ... note: In instance 'cva6.gen_cache_wt.i_cache_subsystem.i_wt_dcache.i_wt_dcache_wbuffer'
  595 |             if (CVA6Cfg.DATA_USER_EN) begin
      |             ^~
%Warning-WIDTHEXPAND: ../../../../../cva6_upstream_reference/vendor/pulp-platform/common_cells/include/../../../../../cva6_upstream_reference/core/cache_subsystem/wt_dcache_missunit.sv:165:30: Operator EQ expects 32 bits on the LHS, but LHS's VARREF 'cnt_q' generates 8 bits.
                                                                                                                                                                                               : ... note: In instance 'cva6.gen_cache_wt.i_cache_subsystem.i_wt_dcache.i_wt_dcache_missunit'
  165 |   assign flush_done = (cnt_q == CVA6Cfg.DCACHE_NUM_WORDS - 1);
      |                              ^~
%Warning-WIDTHTRUNC: ../../../../../cva6_upstream_reference/vendor/pulp-platform/common_cells/include/../../../../../cva6_upstream_reference/core/cache_subsystem/wt_dcache_missunit.sv:270:7: Logical operator IF expects 1 bit on the If, but If's SEL generates 32 bits.
                                                                                                                                                                                             : ... note: In instance 'cva6.gen_cache_wt.i_cache_subsystem.i_wt_dcache.i_wt_dcache_missunit'
  270 |       if (CVA6Cfg.DATA_USER_EN) begin
      |       ^~
%Warning-WIDTHEXPAND: ../../../../../cva6_upstream_reference/vendor/pulp-platform/common_cells/include/../../../../../cva6_upstream_reference/core/load_unit.sv:694:61: Operator LT expects 32 or 4 bits on the LHS, but LHS's SEL generates 3 bits.
                                                                                                                                                                      : ... note: In instance 'cva6.ex_stage_i.lsu_i.i_load_unit'
  694 |         |-> ldbuf_wdata.vaddr[CVA6Cfg.XLEN_ALIGN_BYTES-1:0] < 8)
      |                                                             ^
%Warning-ASCRANGE: ../../../../../cva6_upstream_reference/vendor/pulp-platform/common_cells/include/../../../../../cva6_upstream_reference/core/cvfpu/src/fpnew_pkg.sv:209:26: Ascending bit range vector: left < right of bit range: [0:3]
                                                                                                                                                                             : ... note: In instance 'cva6'
  209 |   typedef fmt_unsigned_t [0:NUM_OPGROUPS-1] opgrp_fmt_unsigned_t;
      |                          ^
%Warning-ASCRANGE: ../../../../../cva6_upstream_reference/vendor/pulp-platform/common_cells/include/../../../../../cva6_upstream_reference/core/cvfpu/src/fpnew_pkg.sv:207:28: Ascending bit range vector: left < right of bit range: [0:3]
                                                                                                                                                                             : ... note: In instance 'cva6'
  207 |   typedef fmt_unit_types_t [0:NUM_OPGROUPS-1] opgrp_fmt_unit_types_t;
      |                            ^
%Warning-WIDTHEXPAND: ../../../../../cva6_upstream_reference/vendor/pulp-platform/common_cells/include/../../../../../cva6_upstream_reference/core/serdiv.sv:127:35: Operator COND expects 32 bits on the Conditional False, but Conditional False's REPLICATE generates 7 bits.
                                                                                                                                                                   : ... note: In instance 'cva6.ex_stage_i.i_mult.i_div'
  127 |   assign shift_a = (lzc_a_no_one) ? WIDTH : {1'b0, lzc_a_result};
      |                                   ^
%Warning-WIDTHTRUNC: ../../../../../cva6_upstream_reference/vendor/pulp-platform/common_cells/include/../../../../../cva6_upstream_reference/core/serdiv.sv:127:18: Operator ASSIGNW expects 7 bits on the Assign RHS, but Assign RHS's COND generates 32 bits.
                                                                                                                                                                  : ... note: In instance 'cva6.ex_stage_i.i_mult.i_div'
  127 |   assign shift_a = (lzc_a_no_one) ? WIDTH : {1'b0, lzc_a_result};
      |                  ^
%Warning-WIDTHEXPAND: ../../../../../cva6_upstream_reference/vendor/pulp-platform/common_cells/include/../../../../../cva6_upstream_reference/core/alu.sv:94:61: Operator SHIFTL expects 64 bits on the LHS, but LHS's SEL generates 32 bits.
                                                                                                                                                               : ... note: In instance 'cva6.ex_stage_i.alu_wrapper_i.alu_i'
   94 |           SH1ADDUW:    operand_a_bitmanip = operand_a[31:0] << 1;
      |                                                             ^~
%Warning-WIDTHEXPAND: ../../../../../cva6_upstream_reference/vendor/pulp-platform/common_cells/include/../../../../../cva6_upstream_reference/core/alu.sv:95:61: Operator SHIFTL expects 64 bits on the LHS, but LHS's SEL generates 32 bits.
                                                                                                                                                               : ... note: In instance 'cva6.ex_stage_i.alu_wrapper_i.alu_i'
   95 |           SH2ADDUW:    operand_a_bitmanip = operand_a[31:0] << 2;
      |                                                             ^~
%Warning-WIDTHEXPAND: ../../../../../cva6_upstream_reference/vendor/pulp-platform/common_cells/include/../../../../../cva6_upstream_reference/core/alu.sv:96:61: Operator SHIFTL expects 64 bits on the LHS, but LHS's SEL generates 32 bits.
                                                                                                                                                               : ... note: In instance 'cva6.ex_stage_i.alu_wrapper_i.alu_i'
   96 |           SH3ADDUW:    operand_a_bitmanip = operand_a[31:0] << 3;
      |                                                             ^~
%Warning-WIDTHEXPAND: ../../../../../cva6_upstream_reference/vendor/pulp-platform/common_cells/include/../../../../../cva6_upstream_reference/core/alu.sv:97:43: Operator ASSIGN expects 64 bits on the Assign RHS, but Assign RHS's VARREF 'operand_a_rev32' generates 32 bits.
                                                                                                                                                               : ... note: In instance 'cva6.ex_stage_i.alu_wrapper_i.alu_i'
   97 |           CTZW:        operand_a_bitmanip = operand_a_rev32;
      |                                           ^
%Warning-WIDTHEXPAND: ../../../../../cva6_upstream_reference/vendor/pulp-platform/common_cells/include/../../../../../cva6_upstream_reference/core/alu.sv:98:43: Operator ASSIGN expects 64 bits on the Assign RHS, but Assign RHS's SEL generates 32 bits.
                                                                                                                                                               : ... note: In instance 'cva6.ex_stage_i.alu_wrapper_i.alu_i'
   98 |           ADDUW, CLZW: operand_a_bitmanip = operand_a[31:0];
      |                                           ^
%Warning-WIDTHEXPAND: ../../../../../cva6_upstream_reference/vendor/pulp-platform/common_cells/include/../../../../../cva6_upstream_reference/core/alu.sv:99:39: Operator ASSIGN expects 64 bits on the Assign RHS, but Assign RHS's SEL generates 32 bits.
                                                                                                                                                               : ... note: In instance 'cva6.ex_stage_i.alu_wrapper_i.alu_i'
   99 |           CPOPW:       operand_a_cpop = fu_data_cpop_i.operand_a[31:0];
      |                                       ^
%Warning-WIDTHEXPAND: ../../../../../cva6_upstream_reference/vendor/pulp-platform/common_cells/include/../../../../../cva6_upstream_reference/core/alu.sv:274:67: Operator LT expects 32 bits on the LHS, but LHS's SEL generates 8 bits.
                                                                                                                                                                : ... note: In instance 'cva6.ex_stage_i.alu_wrapper_i.alu_i'
  274 |       assign xperm8_result[i << 3 +: 8] = (operand_b[i << 3 +: 8] < (CVA6Cfg.XLEN / 8)) ? operand_a[operand_b[i << 3 +: 8] << 3 +: 8] : 8'b0;
      |                                                                   ^
%Warning-WIDTHTRUNC: ../../../../../cva6_upstream_reference/vendor/pulp-platform/common_cells/include/../../../../../cva6_upstream_reference/core/alu.sv:274:100: Bit extraction of var[63:0] requires 6 bit index, not 8 bits.
                                                                                                                                                                : ... note: In instance 'cva6.ex_stage_i.alu_wrapper_i.alu_i'
  274 |       assign xperm8_result[i << 3 +: 8] = (operand_b[i << 3 +: 8] < (CVA6Cfg.XLEN / 8)) ? operand_a[operand_b[i << 3 +: 8] << 3 +: 8] : 8'b0;
      |                                                                                                    ^
%Warning-WIDTHEXPAND: ../../../../../cva6_upstream_reference/vendor/pulp-platform/common_cells/include/../../../../../cva6_upstream_reference/core/alu.sv:283:67: Operator LT expects 32 bits on the LHS, but LHS's SEL generates 4 bits.
                                                                                                                                                                : ... note: In instance 'cva6.ex_stage_i.alu_wrapper_i.alu_i'
  283 |       assign xperm4_result[q << 2 +: 4] = (operand_b[q << 2 +: 4] < (CVA6Cfg.XLEN / 4)) ? operand_a[{2'b0, operand_b[q << 2 +: 4]} << 2 +: 4] : 4'b0;
      |                                                                   ^
%Warning-WIDTHEXPAND: ../../../../../cva6_upstream_reference/vendor/pulp-platform/common_cells/include/../../../../../cva6_upstream_reference/core/alu.sv:322:51: Operator COND expects 64 bits on the Conditional False, but Conditional False's VARREF 'shift_result32' generates 32 bits.
                                                                                                                                                                : ... note: In instance 'cva6.ex_stage_i.alu_wrapper_i.alu_i'
  322 |       SLL, SRL, SRA: result_o = CVA6Cfg.IS_XLEN64 ? shift_result : shift_result32;
      |                                                   ^
%Warning-WIDTHEXPAND: ../../../../../cva6_upstream_reference/vendor/pulp-platform/common_cells/include/../../../../../cva6_upstream_reference/core/alu.sv:330:50: Operator SUB expects 64 bits on the LHS, but LHS's SEL generates 32 bits.
                                                                                                                                                                : ... note: In instance 'cva6.ex_stage_i.alu_wrapper_i.alu_i'
  330 |       bit_indx = 1 << (operand_b & (CVA6Cfg.XLEN - 1));
      |                                                  ^
%Warning-WIDTHEXPAND: ../../../../../cva6_upstream_reference/vendor/pulp-platform/common_cells/include/../../../../../cva6_upstream_reference/core/alu.sv:333:142: Operator SUB expects 32 bits on the RHS, but RHS's SEL generates 5 bits.
                                                                                                                                                                 : ... note: In instance 'cva6.ex_stage_i.alu_wrapper_i.alu_i'
  333 |         rolw = ({{CVA6Cfg.XLEN-32{1'b0}},operand_a[31:0]} << operand_b[4:0]) | ({{CVA6Cfg.XLEN-32{1'b0}},operand_a[31:0]} >> (CVA6Cfg.XLEN-32-operand_b[4:0]));
      |                                                                                                                                              ^
%Warning-WIDTHTRUNC: ../../../../../cva6_upstream_reference/vendor/pulp-platform/common_cells/include/../../../../../cva6_upstream_reference/core/alu.sv:333:14: Operator ASSIGN expects 32 bits on the Assign RHS, but Assign RHS's OR generates 64 bits.
                                                                                                                                                               : ... note: In instance 'cva6.ex_stage_i.alu_wrapper_i.alu_i'
  333 |         rolw = ({{CVA6Cfg.XLEN-32{1'b0}},operand_a[31:0]} << operand_b[4:0]) | ({{CVA6Cfg.XLEN-32{1'b0}},operand_a[31:0]} >> (CVA6Cfg.XLEN-32-operand_b[4:0]));
      |              ^
%Warning-WIDTHEXPAND: ../../../../../cva6_upstream_reference/vendor/pulp-platform/common_cells/include/../../../../../cva6_upstream_reference/core/alu.sv:334:142: Operator SUB expects 32 bits on the RHS, but RHS's SEL generates 5 bits.
                                                                                                                                                                 : ... note: In instance 'cva6.ex_stage_i.alu_wrapper_i.alu_i'
  334 |         rorw = ({{CVA6Cfg.XLEN-32{1'b0}},operand_a[31:0]} >> operand_b[4:0]) | ({{CVA6Cfg.XLEN-32{1'b0}},operand_a[31:0]} << (CVA6Cfg.XLEN-32-operand_b[4:0]));
      |                                                                                                                                              ^
%Warning-WIDTHTRUNC: ../../../../../cva6_upstream_reference/vendor/pulp-platform/common_cells/include/../../../../../cva6_upstream_reference/core/alu.sv:334:14: Operator ASSIGN expects 32 bits on the Assign RHS, but Assign RHS's OR generates 64 bits.
                                                                                                                                                               : ... note: In instance 'cva6.ex_stage_i.alu_wrapper_i.alu_i'
  334 |         rorw = ({{CVA6Cfg.XLEN-32{1'b0}},operand_a[31:0]} >> operand_b[4:0]) | ({{CVA6Cfg.XLEN-32{1'b0}},operand_a[31:0]} << (CVA6Cfg.XLEN-32-operand_b[4:0]));
      |              ^
%Warning-WIDTHEXPAND: ../../../../../cva6_upstream_reference/vendor/pulp-platform/common_cells/include/../../../../../cva6_upstream_reference/core/alu.sv:371:100: Operator SUB expects 32 bits on the RHS, but RHS's SEL generates 6 bits.
                                                                                                                                                                 : ... note: In instance 'cva6.ex_stage_i.alu_wrapper_i.alu_i'
  371 |         result_o = CVA6Cfg.IS_XLEN64 ? ((operand_a << operand_b[5:0]) | (operand_a >> (CVA6Cfg.XLEN-operand_b[5:0]))) : ((operand_a << operand_b[4:0]) | (operand_a >> (CVA6Cfg.XLEN-operand_b[4:0])));
      |                                                                                                    ^
%Warning-WIDTHEXPAND: ../../../../../cva6_upstream_reference/vendor/pulp-platform/common_cells/include/../../../../../cva6_upstream_reference/core/alu.sv:371:181: Operator SUB expects 32 bits on the RHS, but RHS's SEL generates 5 bits.
                                                                                                                                                                 : ... note: In instance 'cva6.ex_stage_i.alu_wrapper_i.alu_i'
  371 |         result_o = CVA6Cfg.IS_XLEN64 ? ((operand_a << operand_b[5:0]) | (operand_a >> (CVA6Cfg.XLEN-operand_b[5:0]))) : ((operand_a << operand_b[4:0]) | (operand_a >> (CVA6Cfg.XLEN-operand_b[4:0])));
      |                                                                                                                                                                                     ^
%Warning-WIDTHEXPAND: ../../../../../cva6_upstream_reference/vendor/pulp-platform/common_cells/include/../../../../../cva6_upstream_reference/core/alu.sv:374:100: Operator SUB expects 32 bits on the RHS, but RHS's SEL generates 6 bits.
                                                                                                                                                                 : ... note: In instance 'cva6.ex_stage_i.alu_wrapper_i.alu_i'
  374 |         result_o = CVA6Cfg.IS_XLEN64 ? ((operand_a >> operand_b[5:0]) | (operand_a << (CVA6Cfg.XLEN-operand_b[5:0]))) : ((operand_a >> operand_b[4:0]) | (operand_a << (CVA6Cfg.XLEN-operand_b[4:0])));
      |                                                                                                    ^
%Warning-WIDTHEXPAND: ../../../../../cva6_upstream_reference/vendor/pulp-platform/common_cells/include/../../../../../cva6_upstream_reference/core/alu.sv:374:181: Operator SUB expects 32 bits on the RHS, but RHS's SEL generates 5 bits.
                                                                                                                                                                 : ... note: In instance 'cva6.ex_stage_i.alu_wrapper_i.alu_i'
  374 |         result_o = CVA6Cfg.IS_XLEN64 ? ((operand_a >> operand_b[5:0]) | (operand_a << (CVA6Cfg.XLEN-operand_b[5:0]))) : ((operand_a >> operand_b[4:0]) | (operand_a << (CVA6Cfg.XLEN-operand_b[4:0])));
      |                                                                                                                                                                                     ^
%Warning-WIDTHEXPAND: ../../../../../cva6_upstream_reference/vendor/pulp-platform/common_cells/include/../../../../../cva6_upstream_reference/core/alu.sv:397:38: Operator COND expects 64 bits on the Conditional True, but Conditional True's REPLICATE generates 32 bits.
                                                                                                                                                                : ... note: In instance 'cva6.ex_stage_i.alu_wrapper_i.alu_i'
  397 |         result_o = CVA6Cfg.IS_XLEN32 ? ({operand_b[15:0], operand_a[15:0]}) : ({operand_b[31:0], operand_a[31:0]});
      |                                      ^
%Warning-WIDTHEXPAND: ../../../../../cva6_upstream_reference/vendor/pulp-platform/common_cells/include/../../../../../cva6_upstream_reference/core/alu.sv:399:38: Operator COND expects 64 bits on the Conditional True, but Conditional True's REPLICATE generates 32 bits.
                                                                                                                                                                : ... note: In instance 'cva6.ex_stage_i.alu_wrapper_i.alu_i'
  399 |         result_o = CVA6Cfg.IS_XLEN32 ? ({16'b0, operand_b[7:0], operand_a[7:0]}) : ({48'b0, operand_b[7:0], operand_a[7:0]});
      |                                      ^
%Warning-WIDTHEXPAND: ../../../../../cva6_upstream_reference/vendor/pulp-platform/common_cells/include/../../../../../cva6_upstream_reference/core/alu.sv:408:52: Operator ASSIGN expects 64 bits on the Assign RHS, but Assign RHS's VARREF 'unzip_gen' generates 32 bits.
                                                                                                                                                                : ... note: In instance 'cva6.ex_stage_i.alu_wrapper_i.alu_i'
  408 |         if (fu_data_i.operation == UNZIP) result_o = unzip_gen;
      |                                                    ^
%Warning-WIDTHEXPAND: ../../../../../cva6_upstream_reference/vendor/pulp-platform/common_cells/include/../../../../../cva6_upstream_reference/core/alu.sv:409:50: Operator ASSIGN expects 64 bits on the Assign RHS, but Assign RHS's VARREF 'zip_gen' generates 32 bits.
                                                                                                                                                                : ... note: In instance 'cva6.ex_stage_i.alu_wrapper_i.alu_i'
  409 |         if (fu_data_i.operation == ZIP) result_o = zip_gen;
      |                                                  ^
%Warning-WIDTHEXPAND: ../../../../../cva6_upstream_reference/vendor/pulp-platform/common_cells/include/../../../../../cva6_upstream_reference/core/ariane_regfile_ff.sv:55:24: Operator EQ expects 32 bits on the LHS, but LHS's SEL generates 5 bits.
                                                                                                                                                                             : ... note: In instance 'cva6.issue_stage_i.i_issue_read_operands.float_regfile_gen.gen_asic_fp_regfile.i_ariane_fp_regfile'
   55 |         if (waddr_i[j] == i) we_dec[j][i] = we_i[j];
      |                        ^~
%Warning-WIDTHTRUNC: ../../../../../cva6_upstream_reference/vendor/pulp-platform/common_cells/include/../../../../../cva6_upstream_reference/core/raw_checker.sv:60:25: Operator ASSIGN expects 3 bits on the Assign RHS, but Assign RHS's VARREF 'i' generates 32 bits.
                                                                                                                                                                      : ... note: In instance 'cva6.issue_stage_i.i_issue_read_operands.gen_raw_checks[0].i_rs3_last_raw'
   60 |         last_before_idx = i;
      |                         ^
%Warning-WIDTHTRUNC: ../../../../../cva6_upstream_reference/vendor/pulp-platform/common_cells/include/../../../../../cva6_upstream_reference/core/raw_checker.sv:63:24: Operator ASSIGN expects 3 bits on the Assign RHS, but Assign RHS's VARREF 'i' generates 32 bits.
                                                                                                                                                                      : ... note: In instance 'cva6.issue_stage_i.i_issue_read_operands.gen_raw_checks[0].i_rs3_last_raw'
   63 |         last_after_idx = i;
      |                        ^
%Warning-WIDTHEXPAND: ../../../../../cva6_upstream_reference/vendor/pulp-platform/common_cells/include/../../../../../cva6_upstream_reference/core/cache_subsystem/cva6_icache.sv:159:109: Operator SHIFTL expects 64 bits on the LHS, but LHS's REPLICATE generates 4 bits.
                                                                                                                                                                                         : ... note: In instance 'cva6.gen_cache_wt.i_cache_subsystem.i_cva6_icache'
  159 |                          ( paddr_is_nc  & mem_data_req_o ) ? {{ICACHE_OFFSET_WIDTH-1{1'b0}}, cl_offset_q[2]}<<2 :  
      |                                                                                                             ^~
%Warning-WIDTHEXPAND: ../../../../../cva6_upstream_reference/vendor/pulp-platform/common_cells/include/../../../../../cva6_upstream_reference/core/cache_subsystem/cva6_icache.sv:159:60: Operator COND expects 64 bits on the Conditional False, but Conditional False's VARREF 'cl_offset_q' generates 4 bits.
                                                                                                                                                                                        : ... note: In instance 'cva6.gen_cache_wt.i_cache_subsystem.i_cva6_icache'
  159 |                          ( paddr_is_nc  & mem_data_req_o ) ? {{ICACHE_OFFSET_WIDTH-1{1'b0}}, cl_offset_q[2]}<<2 :  
      |                                                            ^
%Warning-WIDTHTRUNC: ../../../../../cva6_upstream_reference/vendor/pulp-platform/common_cells/include/../../../../../cva6_upstream_reference/core/cache_subsystem/cva6_icache.sv:158:24: Operator ASSIGNW expects 4 bits on the Assign RHS, but Assign RHS's COND generates 64 bits.
                                                                                                                                                                                       : ... note: In instance 'cva6.gen_cache_wt.i_cache_subsystem.i_cva6_icache'
  158 |     assign cl_offset_d = ( dreq_o.ready & dreq_i.req)      ? (dreq_i.vaddr >> CVA6Cfg.FETCH_ALIGN_BITS) << CVA6Cfg.FETCH_ALIGN_BITS :
      |                        ^
%Warning-WIDTHTRUNC: ../../../../../cva6_upstream_reference/vendor/pulp-platform/common_cells/include/../../../../../cva6_upstream_reference/core/cache_subsystem/cva6_icache.sv:429:47: Logical operator COND expects 1 bit on the Conditional Test, but Conditional Test's SEL generates 32 bits.
                                                                                                                                                                                       : ... note: In instance 'cva6.gen_cache_wt.i_cache_subsystem.i_cva6_icache'
  429 |     assign cl_user[i] = CVA6Cfg.FETCH_USER_EN ? cl_ruser[i][{cl_offset_q, 3'b0}+:CVA6Cfg.FETCH_USER_WIDTH] : '0;
      |                                               ^
%Warning-WIDTHTRUNC: ../../../../../cva6_upstream_reference/vendor/pulp-platform/common_cells/include/../../../../../cva6_upstream_reference/core/cache_subsystem/cva6_icache.sv:444:43: Logical operator COND expects 1 bit on the Conditional Test, but Conditional Test's SEL generates 32 bits.
                                                                                                                                                                                       : ... note: In instance 'cva6.gen_cache_wt.i_cache_subsystem.i_cva6_icache'
  444 |       dreq_o.user = CVA6Cfg.FETCH_USER_EN ? cl_user[hit_idx] : '0;
      |                                           ^
%Warning-WIDTHTRUNC: ../../../../../cva6_upstream_reference/vendor/pulp-platform/common_cells/include/../../../../../cva6_upstream_reference/core/cache_subsystem/cva6_icache.sv:447:43: Logical operator COND expects 1 bit on the Conditional Test, but Conditional Test's SEL generates 32 bits.
                                                                                                                                                                                       : ... note: In instance 'cva6.gen_cache_wt.i_cache_subsystem.i_cva6_icache'
  447 |       dreq_o.user = CVA6Cfg.FETCH_USER_EN ? mem_rtrn_i.user[{cl_offset_q, 3'b0}+:CVA6Cfg.FETCH_USER_WIDTH] : '0;
      |                                           ^
%Warning-WIDTHEXPAND: ../../../../../cva6_upstream_reference/vendor/pulp-platform/common_cells/include/../../../../../cva6_upstream_reference/core/cache_subsystem/wt_axi_adapter.sv:165:19: Operator ASSIGN expects 128 bits on the Assign RHS, but Assign RHS's REPLICATE generates 64 bits.
                                                                                                                                                                                           : ... note: In instance 'cva6.gen_cache_wt.i_cache_subsystem.i_adapter'
  165 |       axi_wr_user = {{64 - CVA6Cfg.AxiUserWidth{1'b0}}, dcache_data.user};
      |                   ^
%Warning-WIDTHEXPAND: ../../../../../cva6_upstream_reference/vendor/pulp-platform/common_cells/include/../../../../../cva6_upstream_reference/core/cache_subsystem/wt_axi_adapter.sv:167:19: Operator ASSIGN expects 128 bits on the Assign RHS, but Assign RHS's REPLICATE generates 64 bits.
                                                                                                                                                                                           : ... note: In instance 'cva6.gen_cache_wt.i_cache_subsystem.i_adapter'
  167 |       axi_wr_user = {dcache_data.user, {64 - CVA6Cfg.AxiUserWidth{1'b0}}};
      |                   ^
%Warning-WIDTHEXPAND: ../../../../../cva6_upstream_reference/vendor/pulp-platform/common_cells/include/../../../../../cva6_upstream_reference/core/cache_subsystem/wt_axi_adapter.sv:284:33: Operator NOT expects 128 bits on the LHS, but LHS's REPLICATE generates 64 bits.
                                                                                                                                                                                           : ... note: In instance 'cva6.gen_cache_wt.i_cache_subsystem.i_adapter'
  284 |                   axi_wr_user = ~{(CVA6Cfg.AxiDataWidth / CVA6Cfg.XLEN) {dcache_data.user}};
      |                                 ^
%Warning-WIDTHEXPAND: ../../../../../cva6_upstream_reference/vendor/pulp-platform/common_cells/include/../../../../../cva6_upstream_reference/core/aes.sv:195:30: Operator ASSIGN expects 64 bits on the Assign RHS, but Assign RHS's VARREF 'aes32esi_gen' generates 32 bits.
                                                                                                                                                                : ... note: In instance 'cva6.ex_stage_i.aes_gen.aes_i'
  195 |           AES32ESI: result_o = aes32esi_gen;
      |                              ^
%Warning-WIDTHEXPAND: ../../../../../cva6_upstream_reference/vendor/pulp-platform/common_cells/include/../../../../../cva6_upstream_reference/core/aes.sv:196:31: Operator ASSIGN expects 64 bits on the Assign RHS, but Assign RHS's VARREF 'aes32esmi_gen' generates 32 bits.
                                                                                                                                                                : ... note: In instance 'cva6.ex_stage_i.aes_gen.aes_i'
  196 |           AES32ESMI: result_o = aes32esmi_gen;
      |                               ^
%Warning-WIDTHEXPAND: ../../../../../cva6_upstream_reference/vendor/pulp-platform/common_cells/include/../../../../../cva6_upstream_reference/core/aes.sv:197:30: Operator ASSIGN expects 64 bits on the Assign RHS, but Assign RHS's VARREF 'aes32dsi_gen' generates 32 bits.
                                                                                                                                                                : ... note: In instance 'cva6.ex_stage_i.aes_gen.aes_i'
  197 |           AES32DSI: result_o = aes32dsi_gen;
      |                              ^
%Warning-WIDTHEXPAND: ../../../../../cva6_upstream_reference/vendor/pulp-platform/common_cells/include/../../../../../cva6_upstream_reference/core/aes.sv:198:31: Operator ASSIGN expects 64 bits on the Assign RHS, but Assign RHS's VARREF 'aes32dsmi_gen' generates 32 bits.
                                                                                                                                                                : ... note: In instance 'cva6.ex_stage_i.aes_gen.aes_i'
  198 |           AES32DSMI: result_o = aes32dsmi_gen;
      |                               ^
%Warning-WIDTHEXPAND: ../../../../../cva6_upstream_reference/vendor/pulp-platform/common_cells/include/../../../../../cva6_upstream_reference/core/aes.sv:199:32: Operator ASSIGN expects 64 bits on the Assign RHS, but Assign RHS's VARREF 'sha256sig0_gen' generates 32 bits.
                                                                                                                                                                : ... note: In instance 'cva6.ex_stage_i.aes_gen.aes_i'
  199 |           SHA256SIG0: result_o = sha256sig0_gen;
      |                                ^
%Warning-WIDTHEXPAND: ../../../../../cva6_upstream_reference/vendor/pulp-platform/common_cells/include/../../../../../cva6_upstream_reference/core/aes.sv:200:32: Operator ASSIGN expects 64 bits on the Assign RHS, but Assign RHS's VARREF 'sha256sig1_gen' generates 32 bits.
                                                                                                                                                                : ... note: In instance 'cva6.ex_stage_i.aes_gen.aes_i'
  200 |           SHA256SIG1: result_o = sha256sig1_gen;
      |                                ^
%Warning-WIDTHEXPAND: ../../../../../cva6_upstream_reference/vendor/pulp-platform/common_cells/include/../../../../../cva6_upstream_reference/core/aes.sv:201:32: Operator ASSIGN expects 64 bits on the Assign RHS, but Assign RHS's VARREF 'sha256sum0_gen' generates 32 bits.
                                                                                                                                                                : ... note: In instance 'cva6.ex_stage_i.aes_gen.aes_i'
  201 |           SHA256SUM0: result_o = sha256sum0_gen;
      |                                ^
%Warning-WIDTHEXPAND: ../../../../../cva6_upstream_reference/vendor/pulp-platform/common_cells/include/../../../../../cva6_upstream_reference/core/aes.sv:202:32: Operator ASSIGN expects 64 bits on the Assign RHS, but Assign RHS's VARREF 'sha256sum1_gen' generates 32 bits.
                                                                                                                                                                : ... note: In instance 'cva6.ex_stage_i.aes_gen.aes_i'
  202 |           SHA256SUM1: result_o = sha256sum1_gen;
      |                                ^
%Warning-WIDTHEXPAND: ../../../../../cva6_upstream_reference/vendor/pulp-platform/common_cells/include/../../../../../cva6_upstream_reference/core/aes.sv:203:33: Operator ASSIGN expects 64 bits on the Assign RHS, but Assign RHS's VARREF 'sha512sig0h_gen' generates 32 bits.
                                                                                                                                                                : ... note: In instance 'cva6.ex_stage_i.aes_gen.aes_i'
  203 |           SHA512SIG0H: result_o = sha512sig0h_gen;
      |                                 ^
%Warning-WIDTHEXPAND: ../../../../../cva6_upstream_reference/vendor/pulp-platform/common_cells/include/../../../../../cva6_upstream_reference/core/aes.sv:204:33: Operator ASSIGN expects 64 bits on the Assign RHS, but Assign RHS's VARREF 'sha512sig0l_gen' generates 32 bits.
                                                                                                                                                                : ... note: In instance 'cva6.ex_stage_i.aes_gen.aes_i'
  204 |           SHA512SIG0L: result_o = sha512sig0l_gen;
      |                                 ^
%Warning-WIDTHEXPAND: ../../../../../cva6_upstream_reference/vendor/pulp-platform/common_cells/include/../../../../../cva6_upstream_reference/core/aes.sv:205:33: Operator ASSIGN expects 64 bits on the Assign RHS, but Assign RHS's VARREF 'sha512sig1h_gen' generates 32 bits.
                                                                                                                                                                : ... note: In instance 'cva6.ex_stage_i.aes_gen.aes_i'
  205 |           SHA512SIG1H: result_o = sha512sig1h_gen;
      |                                 ^
%Warning-WIDTHEXPAND: ../../../../../cva6_upstream_reference/vendor/pulp-platform/common_cells/include/../../../../../cva6_upstream_reference/core/aes.sv:206:33: Operator ASSIGN expects 64 bits on the Assign RHS, but Assign RHS's VARREF 'sha512sig1l_gen' generates 32 bits.
                                                                                                                                                                : ... note: In instance 'cva6.ex_stage_i.aes_gen.aes_i'
  206 |           SHA512SIG1L: result_o = sha512sig1l_gen;
      |                                 ^
%Warning-WIDTHEXPAND: ../../../../../cva6_upstream_reference/vendor/pulp-platform/common_cells/include/../../../../../cva6_upstream_reference/core/aes.sv:207:33: Operator ASSIGN expects 64 bits on the Assign RHS, but Assign RHS's VARREF 'sha512sum0r_gen' generates 32 bits.
                                                                                                                                                                : ... note: In instance 'cva6.ex_stage_i.aes_gen.aes_i'
  207 |           SHA512SUM0R: result_o = sha512sum0r_gen;
      |                                 ^
%Warning-WIDTHEXPAND: ../../../../../cva6_upstream_reference/vendor/pulp-platform/common_cells/include/../../../../../cva6_upstream_reference/core/aes.sv:208:33: Operator ASSIGN expects 64 bits on the Assign RHS, but Assign RHS's VARREF 'sha512sum1r_gen' generates 32 bits.
                                                                                                                                                                : ... note: In instance 'cva6.ex_stage_i.aes_gen.aes_i'
  208 |           SHA512SUM1R: result_o = sha512sum1r_gen;
      |                                 ^
%Warning-WIDTHEXPAND: ../../../../../cva6_upstream_reference/vendor/pulp-platform/common_cells/include/../../../../../cva6_upstream_reference/core/cvxif_fu.sv:72:26: Operator ASSIGN expects 64 bits on the Assign RHS, but Assign RHS's VARREF 'x_off_instr_i' generates 32 bits.
                                                                                                                                                                    : ... note: In instance 'cva6.ex_stage_i.gen_cvxif.cvxif_fu_i'
   72 |       x_exception_o.tval = x_off_instr_i;   
      |                          ^
%Warning-WIDTHEXPAND: ../../../../../cva6_upstream_reference/vendor/pulp-platform/common_cells/include/../../../../../cva6_upstream_reference/core/load_store_unit.sv:734:31: Operator ASSIGN expects 204 bits on the Assign RHS, but Assign RHS's REPLICATE generates 203 bits.
                                                                                                                                                                            : ... note: In instance 'cva6.ex_stage_i.lsu_i'
  734 |     cva6_misaligned_exception = {
      |                               ^
%Warning-WIDTHEXPAND: ../../../../../cva6_upstream_reference/vendor/pulp-platform/common_cells/include/../../../../../cva6_upstream_reference/core/fpu_wrap.sv:409:39: Operator COND expects 64 bits on the Conditional False, but Conditional False's REPLICATE generates 32 bits.
                                                                                                                                                                     : ... note: In instance 'cva6.ex_stage_i.fpu_gen.fpu_i'
  409 |             operand_c_d = CVA6Cfg.RVD ? {4{operand_c_i[15:0]}} : {2{operand_c_i[15:0]}};
      |                                       ^
%Warning-WIDTHEXPAND: ../../../../../cva6_upstream_reference/vendor/pulp-platform/common_cells/include/../../../../../cva6_upstream_reference/core/fpu_wrap.sv:411:39: Operator COND expects 64 bits on the Conditional False, but Conditional False's REPLICATE generates 32 bits.
                                                                                                                                                                     : ... note: In instance 'cva6.ex_stage_i.fpu_gen.fpu_i'
  411 |             operand_c_d = CVA6Cfg.RVD ? {8{operand_c_i[7:0]}} : {4{operand_c_i[7:0]}};
      |                                       ^
%Warning-WIDTHEXPAND: ../../../../../cva6_upstream_reference/vendor/pulp-platform/common_cells/include/../../../../../cva6_upstream_reference/core/fpu_wrap.sv:418:39: Operator COND expects 64 bits on the Conditional False, but Conditional False's REPLICATE generates 32 bits.
                                                                                                                                                                     : ... note: In instance 'cva6.ex_stage_i.fpu_gen.fpu_i'
  418 |             operand_b_d = CVA6Cfg.RVD ? {4{operand_b_i[15:0]}} : {2{operand_b_i[15:0]}};
      |                                       ^
%Warning-WIDTHEXPAND: ../../../../../cva6_upstream_reference/vendor/pulp-platform/common_cells/include/../../../../../cva6_upstream_reference/core/fpu_wrap.sv:420:39: Operator COND expects 64 bits on the Conditional False, but Conditional False's REPLICATE generates 32 bits.
                                                                                                                                                                     : ... note: In instance 'cva6.ex_stage_i.fpu_gen.fpu_i'
  420 |             operand_b_d = CVA6Cfg.RVD ? {8{operand_b_i[7:0]}} : {4{operand_b_i[7:0]}};
      |                                       ^
%Warning-WIDTHEXPAND: ../../../../../cva6_upstream_reference/vendor/pulp-platform/common_cells/include/../../../../../cva6_upstream_reference/core/mult.sv:107:21: Operator ASSIGN expects 64 bits on the Assign RHS, but Assign RHS's SEL generates 32 bits.
                                                                                                                                                                 : ... note: In instance 'cva6.ex_stage_i.i_mult'
  107 |           operand_a = fu_data_i.operand_a[31:0];
      |                     ^
%Warning-WIDTHEXPAND: ../../../../../cva6_upstream_reference/vendor/pulp-platform/common_cells/include/../../../../../cva6_upstream_reference/core/mult.sv:108:21: Operator ASSIGN expects 64 bits on the Assign RHS, but Assign RHS's SEL generates 32 bits.
                                                                                                                                                                 : ... note: In instance 'cva6.ex_stage_i.i_mult'
  108 |           operand_b = fu_data_i.operand_b[31:0];
      |                     ^
%Warning-WIDTHTRUNC: ../../../../../cva6_upstream_reference/vendor/pulp-platform/common_cells/include/../../../../../cva6_upstream_reference/core/mult.sv:146:58: Operator FUNCREF 'sext32to64' expects 32 bits on the Function Argument, but Function Argument's VARREF 'result' generates 64 bits.
                                                                                                                                                                : ... note: In instance 'cva6.ex_stage_i.i_mult'
  146 |   assign div_result = (CVA6Cfg.IS_XLEN64 && word_op_q) ? sext32to64(result) : result;
      |                                                          ^~~~~~~~~~
%Warning-SELRANGE: ../../../../../cva6_upstream_reference/vendor/pulp-platform/common_cells/include/../../../../../cva6_upstream_reference/core/issue_read_operands.sv:625:69: Selection index out of range: 2:2 outside 1:0
                                                                                                                                                                             : ... note: In instance 'cva6.issue_stage_i.i_issue_read_operands'
  625 |         if (OPERANDS_PER_INSTR == 3 && ~x_issue_resp_i.register_read[2]) begin
      |                                                                     ^
%Warning-SELRANGE: ../../../../../cva6_upstream_reference/vendor/pulp-platform/common_cells/include/../../../../../cva6_upstream_reference/core/issue_read_operands.sv:642:20: Selection index out of range: 1:1 outside 0:0
                                                                                                                                                                             : ... note: In instance 'cva6.issue_stage_i.i_issue_read_operands'
  642 |           stall_raw[1] = 1'b1;   
      |                    ^
%Warning-SELRANGE: ../../../../../cva6_upstream_reference/vendor/pulp-platform/common_cells/include/../../../../../cva6_upstream_reference/core/issue_read_operands.sv:654:20: Selection index out of range: 1:1 outside 0:0
                                                                                                                                                                             : ... note: In instance 'cva6.issue_stage_i.i_issue_read_operands'
  654 |           stall_raw[1] = 1'b1;   
      |                    ^
%Warning-SELRANGE: ../../../../../cva6_upstream_reference/vendor/pulp-platform/common_cells/include/../../../../../cva6_upstream_reference/core/issue_read_operands.sv:666:18: Selection index out of range: 1:1 outside 0:0
                                                                                                                                                                             : ... note: In instance 'cva6.issue_stage_i.i_issue_read_operands'
  666 |         stall_raw[1] = 1'b1;
      |                  ^
%Warning-SELRANGE: ../../../../../cva6_upstream_reference/vendor/pulp-platform/common_cells/include/../../../../../cva6_upstream_reference/core/issue_read_operands.sv:885:20: Selection index out of range: 1:1 outside 0:0
                                                                                                                                                                             : ... note: In instance 'cva6.issue_stage_i.i_issue_read_operands'
  885 |         issue_ack_o[1] = 1'b0;
      |                    ^
%Warning-WIDTHEXPAND: ../../../../../cva6_upstream_reference/vendor/pulp-platform/common_cells/include/../../../../../cva6_upstream_reference/core/scoreboard.sv:284:71: Operator ADD expects 32 bits on the LHS, but LHS's SEL generates 3 bits.
                                                                                                                                                                       : ... note: In instance 'cva6.issue_stage_i.i_scoreboard'
  284 |     assign commit_pointer_n[k] = (flush_i) ? '0 : commit_pointer_n[0] + unsigned'(k);
      |                                                                       ^
%Warning-WIDTHTRUNC: ../../../../../cva6_upstream_reference/vendor/pulp-platform/common_cells/include/../../../../../cva6_upstream_reference/core/scoreboard.sv:284:32: Operator ASSIGNW expects 3 bits on the Assign RHS, but Assign RHS's COND generates 32 bits.
                                                                                                                                                                      : ... note: In instance 'cva6.issue_stage_i.i_scoreboard'
  284 |     assign commit_pointer_n[k] = (flush_i) ? '0 : commit_pointer_n[0] + unsigned'(k);
      |                                ^
%Warning-WIDTHTRUNC: ../../../../../cva6_upstream_reference/vendor/pulp-platform/common_cells/include/../../../../../cva6_upstream_reference/core/decoder.sv:1863:22: Operator ASSIGN expects 32 bits on the Assign RHS, but Assign RHS's COND generates 64 bits.
                                                                                                                                                                    : ... note: In instance 'cva6.id_stage_i.genblk2[0].decoder_i'
 1863 |         orig_instr_o = (is_compressed_i) ? {{CVA6Cfg.XLEN-16{1'b0}}, compressed_instr_i} : {{CVA6Cfg.XLEN-32{1'b0}}, instruction_i};
      |                      ^
%Warning-WIDTHEXPAND: ../../../../../cva6_upstream_reference/vendor/pulp-platform/common_cells/include/../../../../../cva6_upstream_reference/core/perf_counters.sv:160:16: Operator ASSIGN expects 64 bits on the Assign RHS, but Assign RHS's SEL generates 32 bits.
                                                                                                                                                                          : ... note: In instance 'cva6.gen_perf_counter.perf_counters_i'
  160 |         data_o = generic_counter_q[addr_i-riscv::CSR_MHPM_COUNTER_3+1][31:0];
      |                ^
%Warning-WIDTHEXPAND: ../../../../../cva6_upstream_reference/vendor/pulp-platform/common_cells/include/../../../../../cva6_upstream_reference/core/perf_counters.sv:166:16: Operator ASSIGN expects 64 bits on the Assign RHS, but Assign RHS's SEL generates 32 bits.
                                                                                                                                                                          : ... note: In instance 'cva6.gen_perf_counter.perf_counters_i'
  166 |         data_o = generic_counter_q[addr_i-riscv::CSR_MHPM_COUNTER_3H+1][63:32];
      |                ^
%Warning-WIDTHEXPAND: ../../../../../cva6_upstream_reference/vendor/pulp-platform/common_cells/include/../../../../../cva6_upstream_reference/core/perf_counters.sv:171:14: Operator ASSIGN expects 64 bits on the Assign RHS, but Assign RHS's ARRAYSEL generates 5 bits.
                                                                                                                                                                          : ... note: In instance 'cva6.gen_perf_counter.perf_counters_i'
  171 |       data_o = mhpmevent_q[addr_i-riscv::CSR_MHPM_EVENT_3+1];
      |              ^
%Warning-WIDTHEXPAND: ../../../../../cva6_upstream_reference/vendor/pulp-platform/common_cells/include/../../../../../cva6_upstream_reference/core/perf_counters.sv:174:16: Operator ASSIGN expects 64 bits on the Assign RHS, but Assign RHS's SEL generates 32 bits.
                                                                                                                                                                          : ... note: In instance 'cva6.gen_perf_counter.perf_counters_i'
  174 |         data_o = generic_counter_q[addr_i-riscv::CSR_HPM_COUNTER_3+1][31:0];
      |                ^
%Warning-WIDTHEXPAND: ../../../../../cva6_upstream_reference/vendor/pulp-platform/common_cells/include/../../../../../cva6_upstream_reference/core/perf_counters.sv:180:16: Operator ASSIGN expects 64 bits on the Assign RHS, but Assign RHS's SEL generates 32 bits.
                                                                                                                                                                          : ... note: In instance 'cva6.gen_perf_counter.perf_counters_i'
  180 |         data_o = generic_counter_q[addr_i-riscv::CSR_MHPM_COUNTER_3H+1][63:32];
      |                ^
%Warning-WIDTHEXPAND: ../../../../../cva6_upstream_reference/vendor/pulp-platform/common_cells/include/../../../../../cva6_upstream_reference/core/perf_counters.sv:178:79: Operator LT expects 32 bits on the LHS, but LHS's VARREF 'addr_i' generates 12 bits.
                                                                                                                                                                          : ... note: In instance 'cva6.gen_perf_counter.perf_counters_i'
  178 |     end else if( (addr_i > csr_addr_t'(riscv::CSR_HPM_COUNTER_3H)) && (addr_i < (csr_addr_t'(riscv::CSR_HPM_COUNTER_3H) + MHPMCounterNum)) ) begin
      |                                                                               ^
%Warning-WIDTHEXPAND: ../../../../../cva6_upstream_reference/vendor/pulp-platform/common_cells/include/../../../../../cva6_upstream_reference/core/perf_counters.sv:178:121: Operator ADD expects 32 bits on the LHS, but LHS's CASTWRAP generates 12 bits.
                                                                                                                                                                           : ... note: In instance 'cva6.gen_perf_counter.perf_counters_i'
  178 |     end else if( (addr_i > csr_addr_t'(riscv::CSR_HPM_COUNTER_3H)) && (addr_i < (csr_addr_t'(riscv::CSR_HPM_COUNTER_3H) + MHPMCounterNum)) ) begin
      |                                                                                                                         ^
%Warning-WIDTHEXPAND: ../../../../../cva6_upstream_reference/vendor/pulp-platform/common_cells/include/../../../../../cva6_upstream_reference/core/perf_counters.sv:172:79: Operator LT expects 32 bits on the LHS, but LHS's VARREF 'addr_i' generates 12 bits.
                                                                                                                                                                          : ... note: In instance 'cva6.gen_perf_counter.perf_counters_i'
  172 |     end else if( (addr_i >= csr_addr_t'(riscv::CSR_HPM_COUNTER_3)) && (addr_i < (csr_addr_t'(riscv::CSR_HPM_COUNTER_3) + MHPMCounterNum)) ) begin
      |                                                                               ^
%Warning-WIDTHEXPAND: ../../../../../cva6_upstream_reference/vendor/pulp-platform/common_cells/include/../../../../../cva6_upstream_reference/core/perf_counters.sv:172:120: Operator ADD expects 32 bits on the LHS, but LHS's CASTWRAP generates 12 bits.
                                                                                                                                                                           : ... note: In instance 'cva6.gen_perf_counter.perf_counters_i'
  172 |     end else if( (addr_i >= csr_addr_t'(riscv::CSR_HPM_COUNTER_3)) && (addr_i < (csr_addr_t'(riscv::CSR_HPM_COUNTER_3) + MHPMCounterNum)) ) begin
      |                                                                                                                        ^
%Warning-WIDTHEXPAND: ../../../../../cva6_upstream_reference/vendor/pulp-platform/common_cells/include/../../../../../cva6_upstream_reference/core/perf_counters.sv:170:78: Operator LT expects 32 bits on the LHS, but LHS's VARREF 'addr_i' generates 12 bits.
                                                                                                                                                                          : ... note: In instance 'cva6.gen_perf_counter.perf_counters_i'
  170 |     end else if( (addr_i >= csr_addr_t'(riscv::CSR_MHPM_EVENT_3)) && (addr_i < (csr_addr_t'(riscv::CSR_MHPM_EVENT_3) + MHPMCounterNum)) ) begin
      |                                                                              ^
%Warning-WIDTHEXPAND: ../../../../../cva6_upstream_reference/vendor/pulp-platform/common_cells/include/../../../../../cva6_upstream_reference/core/perf_counters.sv:170:118: Operator ADD expects 32 bits on the LHS, but LHS's CASTWRAP generates 12 bits.
                                                                                                                                                                           : ... note: In instance 'cva6.gen_perf_counter.perf_counters_i'
  170 |     end else if( (addr_i >= csr_addr_t'(riscv::CSR_MHPM_EVENT_3)) && (addr_i < (csr_addr_t'(riscv::CSR_MHPM_EVENT_3) + MHPMCounterNum)) ) begin
      |                                                                                                                      ^
%Warning-WIDTHEXPAND: ../../../../../cva6_upstream_reference/vendor/pulp-platform/common_cells/include/../../../../../cva6_upstream_reference/core/perf_counters.sv:164:81: Operator LT expects 32 bits on the LHS, but LHS's VARREF 'addr_i' generates 12 bits.
                                                                                                                                                                          : ... note: In instance 'cva6.gen_perf_counter.perf_counters_i'
  164 |     end else if( (addr_i >= csr_addr_t'(riscv::CSR_MHPM_COUNTER_3H)) && (addr_i < ( csr_addr_t'(riscv::CSR_MHPM_COUNTER_3H) + MHPMCounterNum)) ) begin
      |                                                                                 ^
%Warning-WIDTHEXPAND: ../../../../../cva6_upstream_reference/vendor/pulp-platform/common_cells/include/../../../../../cva6_upstream_reference/core/perf_counters.sv:164:125: Operator ADD expects 32 bits on the LHS, but LHS's CASTWRAP generates 12 bits.
                                                                                                                                                                           : ... note: In instance 'cva6.gen_perf_counter.perf_counters_i'
  164 |     end else if( (addr_i >= csr_addr_t'(riscv::CSR_MHPM_COUNTER_3H)) && (addr_i < ( csr_addr_t'(riscv::CSR_MHPM_COUNTER_3H) + MHPMCounterNum)) ) begin
      |                                                                                                                             ^
%Warning-WIDTHEXPAND: ../../../../../cva6_upstream_reference/vendor/pulp-platform/common_cells/include/../../../../../cva6_upstream_reference/core/perf_counters.sv:158:71: Operator LT expects 32 bits on the LHS, but LHS's VARREF 'addr_i' generates 12 bits.
                                                                                                                                                                          : ... note: In instance 'cva6.gen_perf_counter.perf_counters_i'
  158 |     if( (addr_i >= csr_addr_t'(riscv::CSR_MHPM_COUNTER_3)) && (addr_i < ( csr_addr_t'(riscv::CSR_MHPM_COUNTER_3) + MHPMCounterNum)) ) begin
      |                                                                       ^
%Warning-WIDTHEXPAND: ../../../../../cva6_upstream_reference/vendor/pulp-platform/common_cells/include/../../../../../cva6_upstream_reference/core/perf_counters.sv:158:114: Operator ADD expects 32 bits on the LHS, but LHS's CASTWRAP generates 12 bits.
                                                                                                                                                                           : ... note: In instance 'cva6.gen_perf_counter.perf_counters_i'
  158 |     if( (addr_i >= csr_addr_t'(riscv::CSR_MHPM_COUNTER_3)) && (addr_i < ( csr_addr_t'(riscv::CSR_MHPM_COUNTER_3) + MHPMCounterNum)) ) begin
      |                                                                                                                  ^
%Warning-WIDTHTRUNC: ../../../../../cva6_upstream_reference/vendor/pulp-platform/common_cells/include/../../../../../cva6_upstream_reference/core/perf_counters.sv:190:71: Operator ASSIGN expects 32 bits on the Assign RHS, but Assign RHS's VARREF 'data_i' generates 64 bits.
                                                                                                                                                                         : ... note: In instance 'cva6.gen_perf_counter.perf_counters_i'
  190 |           generic_counter_d[addr_i-riscv::CSR_MHPM_COUNTER_3+1][31:0] = data_i;
      |                                                                       ^
%Warning-WIDTHTRUNC: ../../../../../cva6_upstream_reference/vendor/pulp-platform/common_cells/include/../../../../../cva6_upstream_reference/core/perf_counters.sv:196:73: Operator ASSIGN expects 32 bits on the Assign RHS, but Assign RHS's VARREF 'data_i' generates 64 bits.
                                                                                                                                                                         : ... note: In instance 'cva6.gen_perf_counter.perf_counters_i'
  196 |           generic_counter_d[addr_i-riscv::CSR_MHPM_COUNTER_3H+1][63:32] = data_i;
      |                                                                         ^
%Warning-WIDTHTRUNC: ../../../../../cva6_upstream_reference/vendor/pulp-platform/common_cells/include/../../../../../cva6_upstream_reference/core/perf_counters.sv:201:55: Operator ASSIGN expects 5 bits on the Assign RHS, but Assign RHS's VARREF 'data_i' generates 64 bits.
                                                                                                                                                                         : ... note: In instance 'cva6.gen_perf_counter.perf_counters_i'
  201 |         mhpmevent_d[addr_i-riscv::CSR_MHPM_EVENT_3+1] = data_i;
      |                                                       ^
%Warning-WIDTHEXPAND: ../../../../../cva6_upstream_reference/vendor/pulp-platform/common_cells/include/../../../../../cva6_upstream_reference/core/perf_counters.sv:200:80: Operator LT expects 32 bits on the LHS, but LHS's VARREF 'addr_i' generates 12 bits.
                                                                                                                                                                          : ... note: In instance 'cva6.gen_perf_counter.perf_counters_i'
  200 |       end else if( (addr_i >= csr_addr_t'(riscv::CSR_MHPM_EVENT_3)) && (addr_i < csr_addr_t'(riscv::CSR_MHPM_EVENT_3) + MHPMCounterNum) ) begin
      |                                                                                ^
%Warning-WIDTHEXPAND: ../../../../../cva6_upstream_reference/vendor/pulp-platform/common_cells/include/../../../../../cva6_upstream_reference/core/perf_counters.sv:200:119: Operator ADD expects 32 bits on the LHS, but LHS's CASTWRAP generates 12 bits.
                                                                                                                                                                           : ... note: In instance 'cva6.gen_perf_counter.perf_counters_i'
  200 |       end else if( (addr_i >= csr_addr_t'(riscv::CSR_MHPM_EVENT_3)) && (addr_i < csr_addr_t'(riscv::CSR_MHPM_EVENT_3) + MHPMCounterNum) ) begin
      |                                                                                                                       ^
%Warning-WIDTHEXPAND: ../../../../../cva6_upstream_reference/vendor/pulp-platform/common_cells/include/../../../../../cva6_upstream_reference/core/perf_counters.sv:194:83: Operator LT expects 32 bits on the LHS, but LHS's VARREF 'addr_i' generates 12 bits.
                                                                                                                                                                          : ... note: In instance 'cva6.gen_perf_counter.perf_counters_i'
  194 |       end else if( (addr_i >= csr_addr_t'(riscv::CSR_MHPM_COUNTER_3H)) && (addr_i < (csr_addr_t'(riscv::CSR_MHPM_COUNTER_3H) + MHPMCounterNum)) ) begin
      |                                                                                   ^
%Warning-WIDTHEXPAND: ../../../../../cva6_upstream_reference/vendor/pulp-platform/common_cells/include/../../../../../cva6_upstream_reference/core/perf_counters.sv:194:126: Operator ADD expects 32 bits on the LHS, but LHS's CASTWRAP generates 12 bits.
                                                                                                                                                                           : ... note: In instance 'cva6.gen_perf_counter.perf_counters_i'
  194 |       end else if( (addr_i >= csr_addr_t'(riscv::CSR_MHPM_COUNTER_3H)) && (addr_i < (csr_addr_t'(riscv::CSR_MHPM_COUNTER_3H) + MHPMCounterNum)) ) begin
      |                                                                                                                              ^
%Warning-WIDTHEXPAND: ../../../../../cva6_upstream_reference/vendor/pulp-platform/common_cells/include/../../../../../cva6_upstream_reference/core/perf_counters.sv:188:73: Operator LT expects 32 bits on the LHS, but LHS's VARREF 'addr_i' generates 12 bits.
                                                                                                                                                                          : ... note: In instance 'cva6.gen_perf_counter.perf_counters_i'
  188 |       if( (addr_i >= csr_addr_t'(riscv::CSR_MHPM_COUNTER_3)) && (addr_i < (csr_addr_t'(riscv::CSR_MHPM_COUNTER_3) + MHPMCounterNum)) ) begin
      |                                                                         ^
%Warning-WIDTHEXPAND: ../../../../../cva6_upstream_reference/vendor/pulp-platform/common_cells/include/../../../../../cva6_upstream_reference/core/perf_counters.sv:188:115: Operator ADD expects 32 bits on the LHS, but LHS's CASTWRAP generates 12 bits.
                                                                                                                                                                           : ... note: In instance 'cva6.gen_perf_counter.perf_counters_i'
  188 |       if( (addr_i >= csr_addr_t'(riscv::CSR_MHPM_COUNTER_3)) && (addr_i < (csr_addr_t'(riscv::CSR_MHPM_COUNTER_3) + MHPMCounterNum)) ) begin
      |                                                                                                                   ^
%Warning-WIDTHEXPAND: ../../../../../cva6_upstream_reference/vendor/pulp-platform/common_cells/include/../../../../../cva6_upstream_reference/core/csr_regfile.sv:399:47: Operator COND expects 64 bits on the Conditional False, but Conditional False's REPLICATE generates 32 bits.
                                                                                                                                                                        : ... note: In instance 'cva6.csr_regfile_i'
  399 |   assign mstatus_extended = CVA6Cfg.IS_XLEN64 ? mstatus_q[CVA6Cfg.XLEN-1:0] :
      |                                               ^
%Warning-WIDTHEXPAND: ../../../../../cva6_upstream_reference/vendor/pulp-platform/common_cells/include/../../../../../cva6_upstream_reference/core/csr_regfile.sv:575:28: Operator OR expects 64 bits on the RHS, but RHS's VARREF 'fiom_q' generates 1 bits.
                                                                                                                                                                        : ... note: In instance 'cva6.csr_regfile_i'
  575 |             csr_rdata = '0 | fiom_q;
      |                            ^
%Warning-WIDTHEXPAND: ../../../../../cva6_upstream_reference/vendor/pulp-platform/common_cells/include/../../../../../cva6_upstream_reference/core/csr_regfile.sv:645:42: Operator ASSIGN expects 64 bits on the Assign RHS, but Assign RHS's VARREF 'mstatush' generates 32 bits.
                                                                                                                                                                        : ... note: In instance 'cva6.csr_regfile_i'
  645 |         if (CVA6Cfg.IS_XLEN32) csr_rdata = mstatush;
      |                                          ^
%Warning-WIDTHEXPAND: ../../../../../cva6_upstream_reference/vendor/pulp-platform/common_cells/include/../../../../../cva6_upstream_reference/core/csr_regfile.sv:676:28: Operator OR expects 64 bits on the RHS, but RHS's VARREF 'fiom_q' generates 1 bits.
                                                                                                                                                                        : ... note: In instance 'cva6.csr_regfile_i'
  676 |             csr_rdata = '0 | fiom_q;
      |                            ^
%Warning-WIDTHEXPAND: ../../../../../cva6_upstream_reference/vendor/pulp-platform/common_cells/include/../../../../../cva6_upstream_reference/core/csr_regfile.sv:700:42: Operator ASSIGN expects 64 bits on the Assign RHS, but Assign RHS's SEL generates 32 bits.
                                                                                                                                                                        : ... note: In instance 'cva6.csr_regfile_i'
  700 |         if (CVA6Cfg.IS_XLEN32) csr_rdata = cycle_q[63:32];
      |                                          ^
%Warning-WIDTHEXPAND: ../../../../../cva6_upstream_reference/vendor/pulp-platform/common_cells/include/../../../../../cva6_upstream_reference/core/csr_regfile.sv:704:42: Operator ASSIGN expects 64 bits on the Assign RHS, but Assign RHS's SEL generates 32 bits.
                                                                                                                                                                        : ... note: In instance 'cva6.csr_regfile_i'
  704 |         if (CVA6Cfg.IS_XLEN32) csr_rdata = instret_q[63:32];
      |                                          ^
%Warning-WIDTHEXPAND: ../../../../../cva6_upstream_reference/vendor/pulp-platform/common_cells/include/../../../../../cva6_upstream_reference/core/csr_regfile.sv:711:44: Operator ASSIGN expects 64 bits on the Assign RHS, but Assign RHS's SEL generates 32 bits.
                                                                                                                                                                        : ... note: In instance 'cva6.csr_regfile_i'
  711 |           if (CVA6Cfg.IS_XLEN32) csr_rdata = cycle_q[63:32];
      |                                            ^
%Warning-WIDTHEXPAND: ../../../../../cva6_upstream_reference/vendor/pulp-platform/common_cells/include/../../../../../cva6_upstream_reference/core/csr_regfile.sv:719:44: Operator ASSIGN expects 64 bits on the Assign RHS, but Assign RHS's SEL generates 32 bits.
                                                                                                                                                                        : ... note: In instance 'cva6.csr_regfile_i'
  719 |           if (CVA6Cfg.IS_XLEN32) csr_rdata = instret_q[63:32];
      |                                            ^
%Warning-WIDTHTRUNC: ../../../../../cva6_upstream_reference/vendor/pulp-platform/common_cells/include/../../../../../cva6_upstream_reference/core/csr_regfile.sv:918:64: Operator ASSIGN expects 4 bits on the Assign RHS, but Assign RHS's SUB generates 12 bits.
                                                                                                                                                                       : ... note: In instance 'cva6.csr_regfile_i'
  918 |           automatic logic [3:0] index = csr_addr.address[11:0] - riscv::CSR_PMPCFG0;
      |                                                                ^
%Warning-WIDTHEXPAND: ../../../../../cva6_upstream_reference/vendor/pulp-platform/common_cells/include/../../../../../cva6_upstream_reference/core/csr_regfile.sv:1000:23: Operator ASSIGN expects 64 bits on the Assign RHS, but Assign RHS's REPLICATE generates 54 bits.
                                                                                                                                                                         : ... note: In instance 'cva6.csr_regfile_i'
 1000 |             csr_rdata = {pmpaddr_q[index][CVA6Cfg.PLEN-3:1], 1'b1};
      |                       ^
%Warning-WIDTHEXPAND: ../../../../../cva6_upstream_reference/vendor/pulp-platform/common_cells/include/../../../../../cva6_upstream_reference/core/csr_regfile.sv:1001:26: Operator ASSIGN expects 64 bits on the Assign RHS, but Assign RHS's REPLICATE generates 54 bits.
                                                                                                                                                                         : ... note: In instance 'cva6.csr_regfile_i'
 1001 |           else csr_rdata = {pmpaddr_q[index][CVA6Cfg.PLEN-3:1], 1'b0};
      |                          ^
%Warning-WIDTHTRUNC: ../../../../../cva6_upstream_reference/vendor/pulp-platform/common_cells/include/../../../../../cva6_upstream_reference/core/csr_regfile.sv:1606:28: Operator ASSIGN expects 1 bits on the Assign RHS, but Assign RHS's ENUMITEMREF 'Off' generates 2 bits.
                                                                                                                                                                        : ... note: In instance 'cva6.csr_regfile_i'
 1606 |             mstatus_d.sie  = riscv::Off;
      |                            ^
%Warning-WIDTHTRUNC: ../../../../../cva6_upstream_reference/vendor/pulp-platform/common_cells/include/../../../../../cva6_upstream_reference/core/csr_regfile.sv:1607:28: Operator ASSIGN expects 1 bits on the Assign RHS, but Assign RHS's ENUMITEMREF 'Off' generates 2 bits.
                                                                                                                                                                        : ... note: In instance 'cva6.csr_regfile_i'
 1607 |             mstatus_d.spie = riscv::Off;
      |                            ^
%Warning-WIDTHTRUNC: ../../../../../cva6_upstream_reference/vendor/pulp-platform/common_cells/include/../../../../../cva6_upstream_reference/core/csr_regfile.sv:1608:28: Operator ASSIGN expects 1 bits on the Assign RHS, but Assign RHS's ENUMITEMREF 'Off' generates 2 bits.
                                                                                                                                                                        : ... note: In instance 'cva6.csr_regfile_i'
 1608 |             mstatus_d.spp  = riscv::Off;
      |                            ^
%Warning-WIDTHTRUNC: ../../../../../cva6_upstream_reference/vendor/pulp-platform/common_cells/include/../../../../../cva6_upstream_reference/core/csr_regfile.sv:1609:28: Operator ASSIGN expects 1 bits on the Assign RHS, but Assign RHS's ENUMITEMREF 'Off' generates 2 bits.
                                                                                                                                                                        : ... note: In instance 'cva6.csr_regfile_i'
 1609 |             mstatus_d.sum  = riscv::Off;
      |                            ^
%Warning-WIDTHTRUNC: ../../../../../cva6_upstream_reference/vendor/pulp-platform/common_cells/include/../../../../../cva6_upstream_reference/core/csr_regfile.sv:1610:28: Operator ASSIGN expects 1 bits on the Assign RHS, but Assign RHS's ENUMITEMREF 'Off' generates 2 bits.
                                                                                                                                                                        : ... note: In instance 'cva6.csr_regfile_i'
 1610 |             mstatus_d.mxr  = riscv::Off;
      |                            ^
%Warning-WIDTHTRUNC: ../../../../../cva6_upstream_reference/vendor/pulp-platform/common_cells/include/../../../../../cva6_upstream_reference/core/csr_regfile.sv:1611:28: Operator ASSIGN expects 1 bits on the Assign RHS, but Assign RHS's ENUMITEMREF 'Off' generates 2 bits.
                                                                                                                                                                        : ... note: In instance 'cva6.csr_regfile_i'
 1611 |             mstatus_d.tvm  = riscv::Off;
      |                            ^
%Warning-WIDTHTRUNC: ../../../../../cva6_upstream_reference/vendor/pulp-platform/common_cells/include/../../../../../cva6_upstream_reference/core/csr_regfile.sv:1612:28: Operator ASSIGN expects 1 bits on the Assign RHS, but Assign RHS's ENUMITEMREF 'Off' generates 2 bits.
                                                                                                                                                                        : ... note: In instance 'cva6.csr_regfile_i'
 1612 |             mstatus_d.tsr  = riscv::Off;
      |                            ^
%Warning-WIDTHTRUNC: ../../../../../cva6_upstream_reference/vendor/pulp-platform/common_cells/include/../../../../../cva6_upstream_reference/core/csr_regfile.sv:1615:28: Operator ASSIGN expects 1 bits on the Assign RHS, but Assign RHS's ENUMITEMREF 'Off' generates 2 bits.
                                                                                                                                                                        : ... note: In instance 'cva6.csr_regfile_i'
 1615 |             mstatus_d.tw   = riscv::Off;
      |                            ^
%Warning-WIDTHTRUNC: ../../../../../cva6_upstream_reference/vendor/pulp-platform/common_cells/include/../../../../../cva6_upstream_reference/core/csr_regfile.sv:1616:28: Operator ASSIGN expects 1 bits on the Assign RHS, but Assign RHS's ENUMITEMREF 'Off' generates 2 bits.
                                                                                                                                                                        : ... note: In instance 'cva6.csr_regfile_i'
 1616 |             mstatus_d.mprv = riscv::Off;
      |                            ^
%Warning-WIDTHTRUNC: ../../../../../cva6_upstream_reference/vendor/pulp-platform/common_cells/include/../../../../../cva6_upstream_reference/core/csr_regfile.sv:1795:47: Operator ASSIGN expects 32 bits on the Assign RHS, but Assign RHS's VARREF 'csr_wdata' generates 64 bits.
                                                                                                                                                                        : ... note: In instance 'cva6.csr_regfile_i'
 1795 |         if (CVA6Cfg.IS_XLEN32) cycle_d[63:32] = csr_wdata;
      |                                               ^
%Warning-WIDTHTRUNC: ../../../../../cva6_upstream_reference/vendor/pulp-platform/common_cells/include/../../../../../cva6_upstream_reference/core/csr_regfile.sv:1799:49: Operator ASSIGN expects 32 bits on the Assign RHS, but Assign RHS's VARREF 'csr_wdata' generates 64 bits.
                                                                                                                                                                        : ... note: In instance 'cva6.csr_regfile_i'
 1799 |         if (CVA6Cfg.IS_XLEN32) instret_d[63:32] = csr_wdata;
      |                                                 ^
%Warning-WIDTHTRUNC: ../../../../../cva6_upstream_reference/vendor/pulp-platform/common_cells/include/../../../../../cva6_upstream_reference/core/csr_regfile.sv:2045:20: Operator ASSIGN expects 1 bits on the Assign RHS, but Assign RHS's ENUMITEMREF 'Off' generates 2 bits.
                                                                                                                                                                        : ... note: In instance 'cva6.csr_regfile_i'
 2045 |       mstatus_d.sd = riscv::Off;
      |                    ^
%Warning-WIDTHEXPAND: ../../../../../cva6_upstream_reference/vendor/pulp-platform/common_cells/include/../../../../../cva6_upstream_reference/core/csr_regfile.sv:2600:50: Bit extraction of var[63:0] requires 6 bit index, not 5 bits.
                                                                                                                                                                         : ... note: In instance 'cva6.csr_regfile_i'
 2600 |               privilege_violation = ~mcounteren_q[csr_addr_i[4:0]];
      |                                                  ^
%Warning-WIDTHEXPAND: ../../../../../cva6_upstream_reference/vendor/pulp-platform/common_cells/include/../../../../../cva6_upstream_reference/core/csr_regfile.sv:2602:50: Bit extraction of var[63:0] requires 6 bit index, not 5 bits.
                                                                                                                                                                         : ... note: In instance 'cva6.csr_regfile_i'
 2602 |               privilege_violation = ~mcounteren_q[csr_addr_i[4:0]] | ~scounteren_q[csr_addr_i[4:0]];
      |                                                  ^
%Warning-WIDTHEXPAND: ../../../../../cva6_upstream_reference/vendor/pulp-platform/common_cells/include/../../../../../cva6_upstream_reference/core/csr_regfile.sv:2602:83: Bit extraction of var[63:0] requires 6 bit index, not 5 bits.
                                                                                                                                                                         : ... note: In instance 'cva6.csr_regfile_i'
 2602 |               privilege_violation = ~mcounteren_q[csr_addr_i[4:0]] | ~scounteren_q[csr_addr_i[4:0]];
      |                                                                                   ^
%Warning-WIDTHEXPAND: ../../../../../cva6_upstream_reference/vendor/pulp-platform/common_cells/include/../../../../../cva6_upstream_reference/core/csr_regfile.sv:2612:50: Bit extraction of var[63:0] requires 6 bit index, not 5 bits.
                                                                                                                                                                         : ... note: In instance 'cva6.csr_regfile_i'
 2612 |               privilege_violation = ~mcounteren_q[csr_addr_i[4:0]];
      |                                                  ^
%Warning-WIDTHEXPAND: ../../../../../cva6_upstream_reference/vendor/pulp-platform/common_cells/include/../../../../../cva6_upstream_reference/core/csr_regfile.sv:2614:50: Bit extraction of var[63:0] requires 6 bit index, not 5 bits.
                                                                                                                                                                         : ... note: In instance 'cva6.csr_regfile_i'
 2614 |               privilege_violation = ~mcounteren_q[csr_addr_i[4:0]] | ~scounteren_q[csr_addr_i[4:0]];
      |                                                  ^
%Warning-WIDTHEXPAND: ../../../../../cva6_upstream_reference/vendor/pulp-platform/common_cells/include/../../../../../cva6_upstream_reference/core/csr_regfile.sv:2614:83: Bit extraction of var[63:0] requires 6 bit index, not 5 bits.
                                                                                                                                                                         : ... note: In instance 'cva6.csr_regfile_i'
 2614 |               privilege_violation = ~mcounteren_q[csr_addr_i[4:0]] | ~scounteren_q[csr_addr_i[4:0]];
      |                                                                                   ^
%Warning-WIDTHEXPAND: ../../../../../cva6_upstream_reference/vendor/pulp-platform/common_cells/include/../../../../../cva6_upstream_reference/core/csr_regfile.sv:2627:21: Operator ASSIGN expects 204 bits on the Assign RHS, but Assign RHS's REPLICATE generates 203 bits.
                                                                                                                                                                         : ... note: In instance 'cva6.csr_regfile_i'
 2627 |     csr_exception_o = {
      |                     ^
%Warning-WIDTHEXPAND: ../../../../../cva6_upstream_reference/vendor/pulp-platform/common_cells/include/../../../../../cva6_upstream_reference/core/commit_stage.sv:334:120: Operator LT expects 32 bits on the LHS, but LHS's VARREF 'sdtrig_commit_icount_nr_instr_i' generates 1 bits.
                                                                                                                                                                          : ... note: In instance 'cva6.commit_stage_i'
  334 |                                 && !(CVA6Cfg.Sdtrig && sdtrig_commit_icount_valid_i && sdtrig_commit_icount_nr_instr_i < CVA6Cfg.NrCommitPorts)
      |                                                                                                                        ^
%Warning-SELRANGE: ../../../../../cva6_upstream_reference/vendor/pulp-platform/common_cells/include/../../../../../cva6_upstream_reference/core/ex_stage.sv:320:27: Selection index out of range: 1:1 outside 0:0
                                                                                                                                                                  : ... note: In instance 'cva6.ex_stage_i'
  320 |       if (one_cycle_select[1]) begin
      |                           ^
%Warning-SELRANGE: ../../../../../cva6_upstream_reference/vendor/pulp-platform/common_cells/include/../../../../../cva6_upstream_reference/core/ex_stage.sv:429:23: Selection index out of range: 1:1 outside 0:0
                                                                                                                                                                  : ... note: In instance 'cva6.ex_stage_i'
  429 |       if (mult_valid_i[1]) begin
      |                       ^
%Warning-SELRANGE: ../../../../../cva6_upstream_reference/vendor/pulp-platform/common_cells/include/../../../../../cva6_upstream_reference/core/ex_stage.sv:463:26: Selection index out of range: 1:1 outside 0:0
                                                                                                                                                                  : ... note: In instance 'cva6.ex_stage_i'
  463 |           if (fpu_valid_i[1]) begin
      |                          ^
%Warning-SELRANGE: ../../../../../cva6_upstream_reference/vendor/pulp-platform/common_cells/include/../../../../../cva6_upstream_reference/core/ex_stage.sv:536:22: Selection index out of range: 1:1 outside 0:0
                                                                                                                                                                  : ... note: In instance 'cva6.ex_stage_i'
  536 |       if (lsu_valid_i[1]) begin
      |                      ^
%Warning-SELRANGE: ../../../../../cva6_upstream_reference/vendor/pulp-platform/common_cells/include/../../../../../cva6_upstream_reference/core/ex_stage.sv:655:22: Selection index out of range: 1:1 outside 0:0
                                                                                                                                                                  : ... note: In instance 'cva6.ex_stage_i'
  655 |         if (x_valid_i[1]) begin
      |                      ^
%Warning-WIDTHEXPAND: ../../../../../cva6_upstream_reference/vendor/pulp-platform/common_cells/include/../../../../../cva6_upstream_reference/vendor/pulp-platform/axi/src/axi_pkg.sv:130:12: Operator CASE expects 8 bits on the Case Item, but Case Item's CONST '4'h1' generates 4 bits.
                                                                                                                                                                                            : ... note: In instance 'cva6'
  130 |     unique case (len)
      |            ^~~~
%Warning-WIDTHEXPAND: ../../../../../cva6_upstream_reference/vendor/pulp-platform/common_cells/include/../../../../../cva6_upstream_reference/vendor/pulp-platform/axi/src/axi_pkg.sv:130:12: Operator CASE expects 8 bits on the Case Item, but Case Item's CONST '4'h3' generates 4 bits.
                                                                                                                                                                                            : ... note: In instance 'cva6'
  130 |     unique case (len)
      |            ^~~~
%Warning-WIDTHEXPAND: ../../../../../cva6_upstream_reference/vendor/pulp-platform/common_cells/include/../../../../../cva6_upstream_reference/vendor/pulp-platform/axi/src/axi_pkg.sv:130:12: Operator CASE expects 8 bits on the Case Item, but Case Item's CONST '4'h7' generates 4 bits.
                                                                                                                                                                                            : ... note: In instance 'cva6'
  130 |     unique case (len)
      |            ^~~~
%Warning-WIDTHEXPAND: ../../../../../cva6_upstream_reference/vendor/pulp-platform/common_cells/include/../../../../../cva6_upstream_reference/vendor/pulp-platform/axi/src/axi_pkg.sv:130:12: Operator CASE expects 8 bits on the Case Item, but Case Item's CONST '4'hf' generates 4 bits.
                                                                                                                                                                                            : ... note: In instance 'cva6'
  130 |     unique case (len)
      |            ^~~~
%Warning-WIDTHEXPAND: ../../../../../cva6_upstream_reference/vendor/pulp-platform/common_cells/include/../../../../../cva6_upstream_reference/vendor/pulp-platform/axi/src/axi_pkg.sv:167:55: Operator ADD expects 128 bits on the LHS, but LHS's VARREF 'len' generates 8 bits.
                                                                                                                                                                                            : ... note: In instance 'cva6'
  167 |         ret_addr = ret_addr - (num_bytes(size) * (len + 1));
      |                                                       ^
%Warning-WIDTHEXPAND: ../../../../../cva6_upstream_reference/vendor/pulp-platform/common_cells/include/../../../../../cva6_upstream_reference/vendor/pulp-platform/axi/src/axi_pkg.sv:166:81: Operator ADD expects 128 bits on the LHS, but LHS's VARREF 'len' generates 8 bits.
                                                                                                                                                                                            : ... note: In instance 'cva6'
  166 |       if (burst == BURST_WRAP && ret_addr >= wrp_bond + (num_bytes(size) * (len + 1))) begin
      |                                                                                 ^
%Warning-WIDTHEXPAND: ../../../../../cva6_upstream_reference/vendor/pulp-platform/common_cells/include/../../../../../cva6_upstream_reference/vendor/pulp-platform/axi/src/axi_pkg.sv:178:27: Operator DIV expects 128 bits on the RHS, but RHS's VARREF 'strobe_width' generates 16 bits.
                                                                                                                                                                                            : ... note: In instance 'cva6'
  178 |     return _addr - (_addr / strobe_width) * strobe_width;
      |                           ^
%Warning-WIDTHTRUNC: ../../../../../cva6_upstream_reference/vendor/pulp-platform/common_cells/include/../../../../../cva6_upstream_reference/vendor/pulp-platform/axi/src/axi_pkg.sv:178:5: Operator ASSIGN expects 16 bits on the Assign RHS, but Assign RHS's SUB generates 128 bits.
                                                                                                                                                                                          : ... note: In instance 'cva6'
  178 |     return _addr - (_addr / strobe_width) * strobe_width;
      |     ^~~~~~
%Warning-WIDTHEXPAND: ../../../../../cva6_upstream_reference/vendor/pulp-platform/common_cells/include/../../../../../cva6_upstream_reference/vendor/pulp-platform/axi/src/axi_pkg.sv:186:58: Operator SUB expects 128 bits on the LHS, but LHS's FUNCREF 'num_bytes' generates 16 bits.
                                                                                                                                                                                            : ... note: In instance 'cva6'
  186 |       return aligned_addr(addr, size) + (num_bytes(size) - 1) - (addr / strobe_width) * strobe_width;
      |                                                          ^
%Warning-WIDTHEXPAND: ../../../../../cva6_upstream_reference/vendor/pulp-platform/common_cells/include/../../../../../cva6_upstream_reference/vendor/pulp-platform/axi/src/axi_pkg.sv:186:71: Operator DIV expects 128 bits on the RHS, but RHS's VARREF 'strobe_width' generates 16 bits.
                                                                                                                                                                                            : ... note: In instance 'cva6'
  186 |       return aligned_addr(addr, size) + (num_bytes(size) - 1) - (addr / strobe_width) * strobe_width;
      |                                                                       ^
%Warning-WIDTHTRUNC: ../../../../../cva6_upstream_reference/vendor/pulp-platform/common_cells/include/../../../../../cva6_upstream_reference/vendor/pulp-platform/axi/src/axi_pkg.sv:186:7: Operator ASSIGN expects 16 bits on the Assign RHS, but Assign RHS's SUB generates 128 bits.
                                                                                                                                                                                          : ... note: In instance 'cva6'
  186 |       return aligned_addr(addr, size) + (num_bytes(size) - 1) - (addr / strobe_width) * strobe_width;
      |       ^~~~~~
%Warning-UNSIGNED: ../../../../../cva6_upstream_reference/vendor/pulp-platform/common_cells/include/../../../../../cva6_upstream_reference/vendor/pulp-platform/tech_cells_generic/src/rtl/tc_sram.sv:118:36: Comparison is constant due to unsigned arithmetic
                                                                                                                                                                                                            : ... note: In instance 'cva6.gen_cache_wt.i_cache_subsystem.i_wt_dcache.i_wt_dcache_mem.gen_data_banks[1].i_data_sram.genblk1.data_sram.gen_cut[7].i_tc_sram_wrapper.i_tc_sram'
  118 |         for (int unsigned j = 0; j < (Latency-1); j++) begin
      |                                    ^
                   ... For warning description see https://verilator.org/warn/UNSIGNED?v=5.051
                   ... Use "/* verilator lint_off UNSIGNED */" and lint_on around source to disable this message.
%Warning-UNSIGNED: ../../../../../cva6_upstream_reference/vendor/pulp-platform/common_cells/include/../../../../../cva6_upstream_reference/vendor/pulp-platform/common_cells/src/rr_arb_tree.sv:209:37: Comparison is constant due to unsigned arithmetic
                                                                                                                                                                                                      : ... note: In instance 'cva6.ex_stage_i.fpu_gen.fpu_i.fpu_gen.i_fpnew_bulk.gen_operation_groups[3].i_opgroup_block.i_arbiter'
  209 |           assign upper_mask[i] = (i >  rr_q) ? req_d[i] : 1'b0;
      |                                     ^
%Warning-UNSIGNED: ../../../../../cva6_upstream_reference/vendor/pulp-platform/common_cells/include/../../../../../cva6_upstream_reference/vendor/pulp-platform/common_cells/src/rr_arb_tree.sv:210:37: Comparison is constant due to unsigned arithmetic
                                                                                                                                                                                                      : ... note: In instance 'cva6.ex_stage_i.fpu_gen.fpu_i.fpu_gen.i_fpnew_bulk.gen_operation_groups[3].i_opgroup_block.i_arbiter'
  210 |           assign lower_mask[i] = (i <= rr_q) ? req_d[i] : 1'b0;
      |                                     ^~
%Warning-CMPCONST: ../../../../../cva6_upstream_reference/vendor/pulp-platform/common_cells/include/../../../../../cva6_upstream_reference/core/raw_checker.sv:50:41: Comparison is constant due to limited range
                                                                                                                                                                    : ... note: In instance 'cva6.issue_stage_i.i_issue_read_operands.gen_raw_checks[0].i_rs3_last_raw'
   50 |     assign same_rd_as_rs_before[i] = (i < issue_pointer_i) && same_rd_as_rs[i];
      |                                         ^
                   ... For warning description see https://verilator.org/warn/CMPCONST?v=5.051
                   ... Use "/* verilator lint_off CMPCONST */" and lint_on around source to disable this message.
%Warning-CMPCONST: ../../../../../cva6_upstream_reference/vendor/pulp-platform/common_cells/include/../../../../../cva6_upstream_reference/core/raw_checker.sv:51:40: Comparison is constant due to limited range
                                                                                                                                                                    : ... note: In instance 'cva6.issue_stage_i.i_issue_read_operands.gen_raw_checks[0].i_rs3_last_raw'
   51 |     assign same_rd_as_rs_after[i] = (i >= issue_pointer_i) && same_rd_as_rs[i];
      |                                        ^~
%Warning-SELRANGE: ../../../../../cva6_upstream_reference/vendor/pulp-platform/common_cells/include/../../../../../cva6_upstream_reference/core/issue_read_operands.sv:368:15: Selection index out of range: 1:1 outside 0:0
                                                                                                                                                                             : ... note: In instance 'cva6.issue_stage_i.i_issue_read_operands'
  368 |       fus_busy[1] = fus_busy[0];
      |               ^
%Warning-SELRANGE: ../../../../../cva6_upstream_reference/vendor/pulp-platform/common_cells/include/../../../../../cva6_upstream_reference/core/issue_read_operands.sv:371:15: Selection index out of range: 1:1 outside 0:0
                                                                                                                                                                             : ... note: In instance 'cva6.issue_stage_i.i_issue_read_operands'
  371 |       fus_busy[1].csr = 1'b1;
      |               ^
%Warning-SELRANGE: ../../../../../cva6_upstream_reference/vendor/pulp-platform/common_cells/include/../../../../../cva6_upstream_reference/core/issue_read_operands.sv:373:15: Selection index out of range: 1:1 outside 0:0
                                                                                                                                                                             : ... note: In instance 'cva6.issue_stage_i.i_issue_read_operands'
  373 |       fus_busy[1].cvxif = 1'b1;
      |               ^
%Warning-SELRANGE: ../../../../../cva6_upstream_reference/vendor/pulp-platform/common_cells/include/../../../../../cva6_upstream_reference/core/issue_read_operands.sv:376:23: Selection index out of range: 1:1 outside 0:0
                                                                                                                                                                             : ... note: In instance 'cva6.issue_stage_i.i_issue_read_operands'
  376 |         NONE: fus_busy[1].none = 1'b1;
      |                       ^
%Warning-SELRANGE: ../../../../../cva6_upstream_reference/vendor/pulp-platform/common_cells/include/../../../../../cva6_upstream_reference/core/issue_read_operands.sv:380:21: Selection index out of range: 1:1 outside 0:0
                                                                                                                                                                             : ... note: In instance 'cva6.issue_stage_i.i_issue_read_operands'
  380 |             fus_busy[1].alu = 1'b1;
      |                     ^
%Warning-SELRANGE: ../../../../../cva6_upstream_reference/vendor/pulp-platform/common_cells/include/../../../../../cva6_upstream_reference/core/issue_read_operands.sv:381:21: Selection index out of range: 1:1 outside 0:0
                                                                                                                                                                             : ... note: In instance 'cva6.issue_stage_i.i_issue_read_operands'
  381 |             fus_busy[1].ctrl_flow = 1'b1;
      |                     ^
%Warning-SELRANGE: ../../../../../cva6_upstream_reference/vendor/pulp-platform/common_cells/include/../../../../../cva6_upstream_reference/core/issue_read_operands.sv:382:21: Selection index out of range: 1:1 outside 0:0
                                                                                                                                                                             : ... note: In instance 'cva6.issue_stage_i.i_issue_read_operands'
  382 |             fus_busy[1].csr = 1'b1;
      |                     ^
%Warning-SELRANGE: ../../../../../cva6_upstream_reference/vendor/pulp-platform/common_cells/include/../../../../../cva6_upstream_reference/core/issue_read_operands.sv:384:21: Selection index out of range: 1:1 outside 0:0
                                                                                                                                                                             : ... note: In instance 'cva6.issue_stage_i.i_issue_read_operands'
  384 |             fus_busy[1].store = 1'b1;
      |                     ^
%Warning-SELRANGE: ../../../../../cva6_upstream_reference/vendor/pulp-platform/common_cells/include/../../../../../cva6_upstream_reference/core/issue_read_operands.sv:388:23: Selection index out of range: 1:1 outside 0:0
                                                                                                                                                                             : ... note: In instance 'cva6.issue_stage_i.i_issue_read_operands'
  388 |               fus_busy[1].alu = 1'b1;
      |                       ^
%Warning-SELRANGE: ../../../../../cva6_upstream_reference/vendor/pulp-platform/common_cells/include/../../../../../cva6_upstream_reference/core/issue_read_operands.sv:389:23: Selection index out of range: 1:1 outside 0:0
                                                                                                                                                                             : ... note: In instance 'cva6.issue_stage_i.i_issue_read_operands'
  389 |               fus_busy[1].ctrl_flow = 1'b1;
      |                       ^
%Warning-SELRANGE: ../../../../../cva6_upstream_reference/vendor/pulp-platform/common_cells/include/../../../../../cva6_upstream_reference/core/issue_read_operands.sv:390:23: Selection index out of range: 1:1 outside 0:0
                                                                                                                                                                             : ... note: In instance 'cva6.issue_stage_i.i_issue_read_operands'
  390 |               fus_busy[1].csr = 1'b1;
      |                       ^
%Warning-SELRANGE: ../../../../../cva6_upstream_reference/vendor/pulp-platform/common_cells/include/../../../../../cva6_upstream_reference/core/issue_read_operands.sv:393:23: Selection index out of range: 1:1 outside 0:0
                                                                                                                                                                             : ... note: In instance 'cva6.issue_stage_i.i_issue_read_operands'
  393 |               fus_busy[1] = '1;
      |                       ^
%Warning-SELRANGE: ../../../../../cva6_upstream_reference/vendor/pulp-platform/common_cells/include/../../../../../cva6_upstream_reference/core/issue_read_operands.sv:399:21: Selection index out of range: 1:1 outside 0:0
                                                                                                                                                                             : ... note: In instance 'cva6.issue_stage_i.i_issue_read_operands'
  399 |             fus_busy[1].alu2 = 1'b1;
      |                     ^
%Warning-SELRANGE: ../../../../../cva6_upstream_reference/vendor/pulp-platform/common_cells/include/../../../../../cva6_upstream_reference/core/issue_read_operands.sv:401:21: Selection index out of range: 1:1 outside 0:0
                                                                                                                                                                             : ... note: In instance 'cva6.issue_stage_i.i_issue_read_operands'
  401 |             fus_busy[1].alu = 1'b1;
      |                     ^
%Warning-SELRANGE: ../../../../../cva6_upstream_reference/vendor/pulp-platform/common_cells/include/../../../../../cva6_upstream_reference/core/issue_read_operands.sv:402:21: Selection index out of range: 1:1 outside 0:0
                                                                                                                                                                             : ... note: In instance 'cva6.issue_stage_i.i_issue_read_operands'
  402 |             fus_busy[1].ctrl_flow = 1'b1;
      |                     ^
%Warning-SELRANGE: ../../../../../cva6_upstream_reference/vendor/pulp-platform/common_cells/include/../../../../../cva6_upstream_reference/core/issue_read_operands.sv:403:21: Selection index out of range: 1:1 outside 0:0
                                                                                                                                                                             : ... note: In instance 'cva6.issue_stage_i.i_issue_read_operands'
  403 |             fus_busy[1].csr = 1'b1;
      |                     ^
%Warning-SELRANGE: ../../../../../cva6_upstream_reference/vendor/pulp-platform/common_cells/include/../../../../../cva6_upstream_reference/core/issue_read_operands.sv:408:19: Selection index out of range: 1:1 outside 0:0
                                                                                                                                                                             : ... note: In instance 'cva6.issue_stage_i.i_issue_read_operands'
  408 |           fus_busy[1] = '1;
      |                   ^
%Warning-SELRANGE: ../../../../../cva6_upstream_reference/vendor/pulp-platform/common_cells/include/../../../../../cva6_upstream_reference/core/issue_read_operands.sv:410:23: Selection index out of range: 1:1 outside 0:0
                                                                                                                                                                             : ... note: In instance 'cva6.issue_stage_i.i_issue_read_operands'
  410 |         MULT: fus_busy[1].mult = 1'b1;
      |                       ^
%Warning-SELRANGE: ../../../../../cva6_upstream_reference/vendor/pulp-platform/common_cells/include/../../../../../cva6_upstream_reference/core/issue_read_operands.sv:412:19: Selection index out of range: 1:1 outside 0:0
                                                                                                                                                                             : ... note: In instance 'cva6.issue_stage_i.i_issue_read_operands'
  412 |           fus_busy[1].fpu = 1'b1;
      |                   ^
%Warning-SELRANGE: ../../../../../cva6_upstream_reference/vendor/pulp-platform/common_cells/include/../../../../../cva6_upstream_reference/core/issue_read_operands.sv:413:19: Selection index out of range: 1:1 outside 0:0
                                                                                                                                                                             : ... note: In instance 'cva6.issue_stage_i.i_issue_read_operands'
  413 |           fus_busy[1].fpu_vec = 1'b1;
      |                   ^
%Warning-SELRANGE: ../../../../../cva6_upstream_reference/vendor/pulp-platform/common_cells/include/../../../../../cva6_upstream_reference/core/issue_read_operands.sv:414:28: Selection index out of range: 1:1 outside 0:0
                                                                                                                                                                             : ... note: In instance 'cva6.issue_stage_i.i_issue_read_operands'
  414 |           if (issue_instr_i[1].op inside {[FLD : FSB]}) begin
      |                            ^
%Warning-SELRANGE: ../../../../../cva6_upstream_reference/vendor/pulp-platform/common_cells/include/../../../../../cva6_upstream_reference/core/issue_read_operands.sv:415:21: Selection index out of range: 1:1 outside 0:0
                                                                                                                                                                             : ... note: In instance 'cva6.issue_stage_i.i_issue_read_operands'
  415 |             fus_busy[1].load  = 1'b1;
      |                     ^
%Warning-SELRANGE: ../../../../../cva6_upstream_reference/vendor/pulp-platform/common_cells/include/../../../../../cva6_upstream_reference/core/issue_read_operands.sv:416:21: Selection index out of range: 1:1 outside 0:0
                                                                                                                                                                             : ... note: In instance 'cva6.issue_stage_i.i_issue_read_operands'
  416 |             fus_busy[1].store = 1'b1;
      |                     ^
%Warning-SELRANGE: ../../../../../cva6_upstream_reference/vendor/pulp-platform/common_cells/include/../../../../../cva6_upstream_reference/core/issue_read_operands.sv:420:19: Selection index out of range: 1:1 outside 0:0
                                                                                                                                                                             : ... note: In instance 'cva6.issue_stage_i.i_issue_read_operands'
  420 |           fus_busy[1].load  = 1'b1;
      |                   ^
%Warning-SELRANGE: ../../../../../cva6_upstream_reference/vendor/pulp-platform/common_cells/include/../../../../../cva6_upstream_reference/core/issue_read_operands.sv:421:19: Selection index out of range: 1:1 outside 0:0
                                                                                                                                                                             : ... note: In instance 'cva6.issue_stage_i.i_issue_read_operands'
  421 |           fus_busy[1].store = 1'b1;
      |                   ^
%Warning-SELRANGE: ../../../../../cva6_upstream_reference/vendor/pulp-platform/common_cells/include/../../../../../cva6_upstream_reference/core/issue_read_operands.sv:423:21: Selection index out of range: 1:1 outside 0:0
                                                                                                                                                                             : ... note: In instance 'cva6.issue_stage_i.i_issue_read_operands'
  423 |             fus_busy[1].fpu = 1'b1;
      |                     ^
%Warning-SELRANGE: ../../../../../cva6_upstream_reference/vendor/pulp-platform/common_cells/include/../../../../../cva6_upstream_reference/core/issue_read_operands.sv:424:21: Selection index out of range: 1:1 outside 0:0
                                                                                                                                                                             : ... note: In instance 'cva6.issue_stage_i.i_issue_read_operands'
  424 |             fus_busy[1].fpu_vec = 1'b1;
      |                     ^
%Warning-SELRANGE: ../../../../../cva6_upstream_reference/vendor/pulp-platform/common_cells/include/../../../../../cva6_upstream_reference/core/issue_read_operands.sv:634:25: Selection index out of range: 1:1 outside 0:0
                                                                                                                                                                             : ... note: In instance 'cva6.issue_stage_i.i_issue_read_operands'
  634 |       if (!issue_instr_i[1].use_zimm && (!CVA6Cfg.FpPresent || (is_rs1_fpr(
      |                         ^
%Warning-SELRANGE: ../../../../../cva6_upstream_reference/vendor/pulp-platform/common_cells/include/../../../../../cva6_upstream_reference/core/issue_read_operands.sv:635:28: Selection index out of range: 1:1 outside 0:0
                                                                                                                                                                             : ... note: In instance 'cva6.issue_stage_i.i_issue_read_operands'
  635 |               issue_instr_i[1].op
      |                            ^
%Warning-SELRANGE: ../../../../../cva6_upstream_reference/vendor/pulp-platform/common_cells/include/../../../../../cva6_upstream_reference/core/issue_read_operands.sv:638:31: Selection index out of range: 1:1 outside 0:0
                                                                                                                                                                             : ... note: In instance 'cva6.issue_stage_i.i_issue_read_operands'
  638 |           ))) && issue_instr_i[1].rs1 == issue_instr_i[0].rd && issue_instr_i[1].rs1 != '0) begin
      |                               ^
%Warning-SELRANGE: ../../../../../cva6_upstream_reference/vendor/pulp-platform/common_cells/include/../../../../../cva6_upstream_reference/core/issue_read_operands.sv:638:78: Selection index out of range: 1:1 outside 0:0
                                                                                                                                                                             : ... note: In instance 'cva6.issue_stage_i.i_issue_read_operands'
  638 |           ))) && issue_instr_i[1].rs1 == issue_instr_i[0].rd && issue_instr_i[1].rs1 != '0) begin
      |                                                                              ^
%Warning-SELRANGE: ../../../../../cva6_upstream_reference/vendor/pulp-platform/common_cells/include/../../../../../cva6_upstream_reference/core/issue_read_operands.sv:647:28: Selection index out of range: 1:1 outside 0:0
                                                                                                                                                                             : ... note: In instance 'cva6.issue_stage_i.i_issue_read_operands'
  647 |               issue_instr_i[1].op
      |                            ^
%Warning-SELRANGE: ../../../../../cva6_upstream_reference/vendor/pulp-platform/common_cells/include/../../../../../cva6_upstream_reference/core/issue_read_operands.sv:650:31: Selection index out of range: 1:1 outside 0:0
                                                                                                                                                                             : ... note: In instance 'cva6.issue_stage_i.i_issue_read_operands'
  650 |           ))) && issue_instr_i[1].rs2 == issue_instr_i[0].rd && issue_instr_i[1].rs2 != '0) begin
      |                               ^
%Warning-SELRANGE: ../../../../../cva6_upstream_reference/vendor/pulp-platform/common_cells/include/../../../../../cva6_upstream_reference/core/issue_read_operands.sv:650:78: Selection index out of range: 1:1 outside 0:0
                                                                                                                                                                             : ... note: In instance 'cva6.issue_stage_i.i_issue_read_operands'
  650 |           ))) && issue_instr_i[1].rs2 == issue_instr_i[0].rd && issue_instr_i[1].rs2 != '0) begin
      |                                                                              ^
%Warning-SELRANGE: ../../../../../cva6_upstream_reference/vendor/pulp-platform/common_cells/include/../../../../../cva6_upstream_reference/core/issue_read_operands.sv:660:28: Selection index out of range: 1:1 outside 0:0
                                                                                                                                                                             : ... note: In instance 'cva6.issue_stage_i.i_issue_read_operands'
  660 |               issue_instr_i[1].op
      |                            ^
%Warning-SELRANGE: ../../../../../cva6_upstream_reference/vendor/pulp-platform/common_cells/include/../../../../../cva6_upstream_reference/core/issue_read_operands.sv:663:52: Selection index out of range: 1:1 outside 0:0
                                                                                                                                                                             : ... note: In instance 'cva6.issue_stage_i.i_issue_read_operands'
  663 |           ) && issue_instr_i[0].rd == issue_instr_i[1].result[REG_ADDR_SIZE-1:0] :
      |                                                    ^
%Warning-SELRANGE: ../../../../../cva6_upstream_reference/vendor/pulp-platform/common_cells/include/../../../../../cva6_upstream_reference/core/issue_read_operands.sv:664:28: Selection index out of range: 1:1 outside 0:0
                                                                                                                                                                             : ... note: In instance 'cva6.issue_stage_i.i_issue_read_operands'
  664 |               issue_instr_i[1].op == OFFLOAD && OPERANDS_PER_INSTR == 3 ?
      |                            ^
%Warning-SELRANGE: ../../../../../cva6_upstream_reference/vendor/pulp-platform/common_cells/include/../../../../../cva6_upstream_reference/core/issue_read_operands.sv:966:24: Selection index out of range: 1:1 outside 0:0
                                                                                                                                                                             : ... note: In instance 'cva6.issue_stage_i.i_issue_read_operands'
  966 |           issue_instr_i[1].result[4:0], issue_instr_i[1].rs2[4:0], issue_instr_i[1].rs1[4:0]
      |                        ^
%Warning-SELRANGE: ../../../../../cva6_upstream_reference/vendor/pulp-platform/common_cells/include/../../../../../cva6_upstream_reference/core/issue_read_operands.sv:966:54: Selection index out of range: 1:1 outside 0:0
                                                                                                                                                                             : ... note: In instance 'cva6.issue_stage_i.i_issue_read_operands'
  966 |           issue_instr_i[1].result[4:0], issue_instr_i[1].rs2[4:0], issue_instr_i[1].rs1[4:0]
      |                                                      ^
%Warning-SELRANGE: ../../../../../cva6_upstream_reference/vendor/pulp-platform/common_cells/include/../../../../../cva6_upstream_reference/core/issue_read_operands.sv:966:81: Selection index out of range: 1:1 outside 0:0
                                                                                                                                                                             : ... note: In instance 'cva6.issue_stage_i.i_issue_read_operands'
  966 |           issue_instr_i[1].result[4:0], issue_instr_i[1].rs2[4:0], issue_instr_i[1].rs1[4:0]
      |                                                                                 ^
%Warning-SELRANGE: ../../../../../cva6_upstream_reference/vendor/pulp-platform/common_cells/include/../../../../../cva6_upstream_reference/core/issue_read_operands.sv:1046:24: Selection index out of range: 1:1 outside 0:0
                                                                                                                                                                              : ... note: In instance 'cva6.issue_stage_i.i_issue_read_operands'
 1046 |       if (issue_instr_i[1].fu == CTRL_FLOW) begin
      |                        ^
%Warning-SELRANGE: ../../../../../cva6_upstream_reference/vendor/pulp-platform/common_cells/include/../../../../../cva6_upstream_reference/core/issue_read_operands.sv:1047:46: Selection index out of range: 1:1 outside 0:0
                                                                                                                                                                              : ... note: In instance 'cva6.issue_stage_i.i_issue_read_operands'
 1047 |         pc_n                  = issue_instr_i[1].pc;
      |                                              ^
%Warning-SELRANGE: ../../../../../cva6_upstream_reference/vendor/pulp-platform/common_cells/include/../../../../../cva6_upstream_reference/core/issue_read_operands.sv:1048:46: Selection index out of range: 1:1 outside 0:0
                                                                                                                                                                              : ... note: In instance 'cva6.issue_stage_i.i_issue_read_operands'
 1048 |         is_compressed_instr_n = issue_instr_i[1].is_compressed;
      |                                              ^
%Warning-SELRANGE: ../../../../../cva6_upstream_reference/vendor/pulp-platform/common_cells/include/../../../../../cva6_upstream_reference/core/issue_read_operands.sv:1049:46: Selection index out of range: 1:1 outside 0:0
                                                                                                                                                                              : ... note: In instance 'cva6.issue_stage_i.i_issue_read_operands'
 1049 |         branch_predict_n      = issue_instr_i[1].bp;
      |                                              ^
%Warning-SELRANGE: ../../../../../cva6_upstream_reference/vendor/pulp-platform/common_cells/include/../../../../../cva6_upstream_reference/core/ex_stage.sv:321:35: Selection index out of range: 1:1 outside 0:0
                                                                                                                                                                  : ... note: In instance 'cva6.ex_stage_i'
  321 |         one_cycle_data = fu_data_i[1];
      |                                   ^
%Warning-SELRANGE: ../../../../../cva6_upstream_reference/vendor/pulp-platform/common_cells/include/../../../../../cva6_upstream_reference/core/ex_stage.sv:430:30: Selection index out of range: 1:1 outside 0:0
                                                                                                                                                                  : ... note: In instance 'cva6.ex_stage_i'
  430 |         mult_data = fu_data_i[1];
      |                              ^
%Warning-SELRANGE: ../../../../../cva6_upstream_reference/vendor/pulp-platform/common_cells/include/../../../../../cva6_upstream_reference/core/ex_stage.sv:464:33: Selection index out of range: 1:1 outside 0:0
                                                                                                                                                                  : ... note: In instance 'cva6.ex_stage_i'
  464 |             fpu_data = fu_data_i[1];
      |                                 ^
%Warning-SELRANGE: ../../../../../cva6_upstream_reference/vendor/pulp-platform/common_cells/include/../../../../../cva6_upstream_reference/core/ex_stage.sv:537:30: Selection index out of range: 1:1 outside 0:0
                                                                                                                                                                  : ... note: In instance 'cva6.ex_stage_i'
  537 |         lsu_data  = fu_data_i[1];
      |                              ^
%Warning-SELRANGE: ../../../../../cva6_upstream_reference/vendor/pulp-platform/common_cells/include/../../../../../cva6_upstream_reference/core/ex_stage.sv:656:33: Selection index out of range: 1:1 outside 0:0
                                                                                                                                                                  : ... note: In instance 'cva6.ex_stage_i'
  656 |           cvxif_data = fu_data_i[1];
      |                                 ^
- V e r i l a t i o n   R e p o r t: Verilator 5.051 devel rev vUNKNOWN-built20260806-e413e67
- Verilator: Built from 549.312 MB sources in 231 modules, into 0.000 MB in 0 C++ files needing 0.000 MB
- Verilator: Walltime 3.778 s (elab=2.149, cvt=0.599, bld=0.000); cpu 3.523 s on 1 threads; allocated 201.230 MB
